Date,Open,High,Low,Close,Adj Close,Volume,Dividends,Stock Splits
2007-12-12,38.0,38.0,32.619998931884766,32.79999923706055,25.55223274230957,27533450,0.0,0.0
2007-12-13,33.20000076293945,34.70000076293945,32.08000183105469,33.209999084472656,25.87163734436035,5619865,0.0,0.0
2007-12-14,33.13999938964844,34.439998626708984,32.400001525878906,32.79999923706055,25.55223274230957,2178515,0.0,0.0
2007-12-17,33.400001525878906,33.400001525878906,30.200000762939453,30.850000381469727,24.033124923706055,1380500,0.0,0.0
2007-12-18,32.0,32.0,29.809999465942383,30.200000762939453,23.526752471923828,894000,0.0,0.0
2007-12-19,32.0,32.0,29.420000076293945,29.670000076293945,23.11386489868164,451045,0.0,0.0
2007-12-20,29.799999237060547,30.18000030517578,27.600000381469727,28.0,21.812883377075195,737135,0.0,0.0
2007-12-24,28.399999618530273,29.760000228881836,27.239999771118164,28.520000457763672,22.217975616455078,798685,0.0,0.0
2007-12-26,28.600000381469727,29.799999237060547,28.450000762939453,28.719999313354492,22.3737850189209,498545,0.0,0.0
2007-12-27,28.600000381469727,29.600000381469727,28.520000457763672,29.25,22.78666877746582,667740,0.0,0.0
2007-12-28,29.0,31.5,28.81999969482422,30.25,23.565702438354492,932620,0.0,0.0
2007-12-31,30.780000686645508,31.959999084472656,30.309999465942383,30.610000610351562,23.846153259277344,902645,0.0,0.0
2008-01-01,31.15999984741211,31.899999618530273,30.260000228881836,31.360000610351562,24.43042755126953,625200,0.0,0.0
2008-01-02,32.0,35.38999938964844,31.219999313354492,34.060001373291016,26.533815383911133,4703655,0.0,0.0
2008-01-03,33.459999084472656,35.119998931884766,32.83000183105469,33.220001220703125,25.87942886352539,2576230,0.0,0.0
2008-01-04,33.2400016784668,34.970001220703125,33.0,33.25,25.902799606323242,1583050,0.0,0.0
2008-01-07,32.79999923706055,34.40999984741211,32.79999923706055,33.2599983215332,25.910587310791016,1137625,0.0,0.0
2008-01-08,33.66999816894531,33.66999816894531,30.540000915527344,31.049999237060547,24.188928604125977,677130,0.0,0.0
2008-01-09,31.1299991607666,31.1299991607666,29.0,29.15999984741211,22.7165584564209,452470,0.0,0.0
2008-01-10,29.700000762939453,30.3799991607666,28.200000762939453,28.479999542236328,22.18681526184082,373830,0.0,0.0
2008-01-11,29.0,29.0,27.010000228881836,27.829999923706055,21.680444717407227,288625,0.0,0.0
2008-01-14,27.899999618530273,29.399999618530273,27.899999618530273,28.389999389648438,22.11670684814453,254100,0.0,0.0
2008-01-15,28.889999389648438,28.889999389648438,27.299999237060547,27.420000076293945,21.36104393005371,170295,0.0,0.0
2008-01-16,27.399999618530273,27.959999084472656,26.0,26.3799991607666,20.550851821899414,158215,0.0,0.0
2008-01-17,26.420000076293945,27.899999618530273,26.200000762939453,27.510000228881836,21.4311580657959,205780,0.0,0.0
2008-01-18,27.049999237060547,27.940000534057617,25.799999237060547,26.059999465942383,20.301559448242188,146300,0.0,0.0
2008-01-21,26.229999542236328,27.0,21.0,21.0,16.359661102294922,186555,0.0,0.0
2008-01-22,20.0,21.799999237060547,17.200000762939453,19.649999618530273,15.30797004699707,216790,0.0,0.0
2008-01-23,20.0,21.979999542236328,18.670000076293945,20.690000534057617,16.1181640625,131000,0.0,0.0
2008-01-24,20.959999084472656,21.600000381469727,17.600000381469727,18.889999389648438,14.715904235839844,141575,0.0,0.0
2008-01-25,19.799999237060547,20.0,19.200000762939453,19.8799991607666,15.487146377563477,129430,0.0,0.0
2008-01-28,19.600000381469727,19.799999237060547,18.610000610351562,19.3799991607666,15.097628593444824,89545,0.0,0.0
2008-01-29,19.399999618530273,20.3799991607666,19.200000762939453,19.940000534057617,15.53388786315918,93575,0.0,0.0
2008-01-30,20.200000762939453,23.3799991607666,20.0,22.59000015258789,17.59832191467285,709440,0.0,0.0
2008-01-31,22.799999237060547,23.100000381469727,21.020000457763672,22.700000762939453,17.684017181396484,224615,0.0,0.0
2008-02-01,21.700000762939453,22.729999542236328,20.799999237060547,21.8700008392334,17.03742027282715,321890,0.0,0.0
2008-02-04,22.219999313354492,23.479999542236328,22.219999313354492,23.040000915527344,17.948888778686523,199790,0.0,0.0
2008-02-05,22.799999237060547,23.360000610351562,22.459999084472656,22.639999389648438,17.637271881103516,98625,0.0,0.0
2008-02-06,21.610000610351562,22.540000915527344,21.399999618530273,22.200000762939453,17.294498443603516,56070,0.0,0.0
2008-02-07,21.969999313354492,22.989999771118164,21.239999771118164,21.450000762939453,16.71022605895996,64500,0.0,0.0
2008-02-08,21.219999313354492,21.56999969482422,20.0,20.489999771118164,15.96235466003418,113720,0.0,0.0
2008-02-11,19.40999984741211,19.959999084472656,17.43000030517578,18.299999237060547,14.256277084350586,80655,0.0,0.0
2008-02-12,17.239999771118164,18.799999237060547,17.239999771118164,17.799999237060547,13.86676025390625,36475,0.0,0.0
2008-02-13,17.8700008392334,18.389999389648438,17.5,17.899999618530273,13.944664001464844,39795,0.0,0.0
2008-02-14,18.31999969482422,19.799999237060547,18.31999969482422,19.510000228881836,15.198906898498535,95785,0.0,0.0
2008-02-15,19.299999237060547,20.0,19.0,19.729999542236328,15.370291709899902,47775,0.0,0.0
2008-02-18,19.809999465942383,20.799999237060547,19.399999618530273,19.899999618530273,15.502724647521973,62590,0.0,0.0
2008-02-19,20.600000381469727,20.780000686645508,19.790000915527344,20.219999313354492,15.752018928527832,113720,0.0,0.0
2008-02-20,20.239999771118164,20.239999771118164,18.700000762939453,18.860000610351562,14.692534446716309,46075,0.0,0.0
2008-02-21,19.399999618530273,19.59000015258789,18.280000686645508,18.5,14.412080764770508,78685,0.0,0.0
2008-02-22,18.0,18.780000686645508,17.899999618530273,18.229999542236328,14.201742172241211,52395,0.0,0.0
2008-02-25,18.40999984741211,18.959999084472656,18.049999237060547,18.6299991607666,14.51335620880127,41770,0.0,0.0
2008-02-26,19.200000762939453,19.200000762939453,18.399999618530273,18.549999237060547,14.451035499572754,62475,0.0,0.0
2008-02-27,18.739999771118164,18.90999984741211,18.399999618530273,18.420000076293945,14.349760055541992,39825,0.0,0.0
2008-02-28,18.799999237060547,18.799999237060547,18.100000381469727,18.3799991607666,14.31860065460205,27360,0.0,0.0
2008-02-29,18.200000762939453,18.799999237060547,17.8799991607666,18.020000457763672,14.038147926330566,58790,0.0,0.0
2008-03-03,17.600000381469727,18.0,17.010000228881836,17.200000762939453,13.399343490600586,67885,0.0,0.0
2008-03-04,16.809999465942383,17.200000762939453,15.039999961853027,15.649999618530273,12.191842079162598,112125,0.0,0.0
2008-03-05,15.479999542236328,15.800000190734863,15.020000457763672,15.350000381469727,11.95813274383545,37855,0.0,0.0
2008-03-07,15.010000228881836,15.369999885559082,13.199999809265137,14.140000343322754,11.01550579071045,63070,0.0,0.0
2008-03-10,13.539999961853027,14.140000343322754,12.0600004196167,13.699999809265137,10.67273235321045,112715,0.0,0.0
2008-03-11,14.020000457763672,16.040000915527344,14.020000457763672,14.65999984741211,11.420601844787598,101860,0.0,0.0
2008-03-12,15.199999809265137,15.399999618530273,14.199999809265137,14.319999694824219,11.155731201171875,71190,0.0,0.0
2008-03-13,14.140000343322754,14.300000190734863,13.130000114440918,13.3100004196167,10.36890983581543,68405,0.0,0.0
2008-03-14,13.600000381469727,13.779999732971191,13.0,13.520000457763672,10.532505989074707,41135,0.0,0.0
2008-03-17,12.859999656677246,13.0,11.220000267028809,11.489999771118164,8.951072692871094,93370,0.0,0.0
2008-03-18,11.760000228881836,12.09000015258789,10.829999923706055,11.100000381469727,8.647249221801758,150450,0.0,0.0
2008-03-19,11.920000076293945,11.920000076293945,9.329999923706055,9.800000190734863,7.634509086608887,137500,0.0,0.0
2008-03-24,10.0,10.529999732971191,9.199999809265137,9.470000267028809,7.377429008483887,114515,0.0,0.0
2008-03-25,9.760000228881836,10.109999656677246,9.399999618530273,9.699999809265137,7.556606292724609,146840,0.0,0.0
2008-03-26,9.710000038146973,10.789999961853027,9.710000038146973,10.289999961853027,8.016234397888184,167325,0.0,0.0
2008-03-27,10.09000015258789,12.350000381469727,10.09000015258789,12.279999732971191,9.566506385803223,550530,0.0,0.0
2008-03-28,12.65999984741211,14.680000305175781,12.550000190734863,14.380000114440918,11.202474594116211,655540,0.0,0.0
2008-03-31,14.199999809265137,15.800000190734863,13.600000381469727,14.359999656677246,11.18689250946045,477900,0.0,0.0
2008-04-01,15.0,15.170000076293945,14.0,14.539999961853027,11.327117919921875,96950,0.0,0.0
2008-04-02,15.5,15.5,14.020000457763672,14.270000457763672,11.116779327392578,40460,0.0,0.0
2008-04-03,13.329999923706055,14.6899995803833,13.329999923706055,13.989999771118164,10.898651123046875,31370,0.0,0.0
2008-04-04,14.010000228881836,14.010000228881836,13.300000190734863,13.529999732971191,10.540295600891113,42845,0.0,0.0
2008-04-07,13.020000457763672,13.329999923706055,12.199999809265137,12.949999809265137,10.088458061218262,38055,0.0,0.0
2008-04-08,13.0600004196167,13.829999923706055,13.0600004196167,13.399999618530273,10.439022064208984,67150,0.0,0.0
2008-04-09,13.600000381469727,13.979999542236328,13.010000228881836,13.890000343322754,10.820748329162598,62215,0.0,0.0
2008-04-10,14.0,14.34000015258789,13.890000343322754,14.140000343322754,11.01550579071045,70930,0.0,0.0
2008-04-11,14.399999618530273,15.399999618530273,14.010000228881836,15.319999694824219,11.934762001037598,116935,0.0,0.0
2008-04-15,14.3100004196167,16.399999618530273,14.300000190734863,16.229999542236328,12.643681526184082,90690,0.0,0.0
2008-04-16,16.299999237060547,16.799999237060547,15.4399995803833,15.609999656677246,12.16068172454834,58580,0.0,0.0
2008-04-17,16.0,16.0,15.319999694824219,15.600000381469727,12.152892112731934,27205,0.0,0.0
2008-04-21,15.020000457763672,16.3799991607666,15.0,16.3799991607666,12.760536193847656,51105,0.0,0.0
2008-04-22,16.399999618530273,16.799999237060547,15.920000076293945,16.239999771118164,12.651472091674805,35355,0.0,0.0
2008-04-23,15.649999618530273,16.399999618530273,15.640000343322754,16.079999923706055,12.526827812194824,24865,0.0,0.0
2008-04-24,15.65999984741211,16.399999618530273,15.279999732971191,15.619999885559082,12.168472290039062,63515,0.0,0.0
2008-04-25,15.319999694824219,15.699999809265137,15.199999809265137,15.40999984741211,12.004877090454102,30475,0.0,0.0
2008-04-28,16.06999969482422,16.06999969482422,15.199999809265137,15.399999618530273,11.997084617614746,26130,0.0,0.0
2008-04-29,15.25,15.699999809265137,15.100000381469727,15.390000343322754,11.989294052124023,18675,0.0,0.0
2008-04-30,15.039999961853027,15.529999732971191,15.039999961853027,15.09000015258789,11.755586624145508,24650,0.0,0.0
2008-05-02,15.199999809265137,15.319999694824219,14.800000190734863,15.109999656677246,11.771166801452637,25280,0.0,0.0
2008-05-05,15.119999885559082,15.399999618530273,14.920000076293945,15.0600004196167,11.73221492767334,18180,0.0,0.0
2008-05-06,15.1899995803833,15.199999809265137,14.600000381469727,14.710000038146973,11.459553718566895,16610,0.0,0.0
2008-05-07,14.789999961853027,15.15999984741211,14.399999618530273,14.430000305175781,11.241424560546875,25235,0.0,0.0
2008-05-08,14.010000228881836,14.380000114440918,14.010000228881836,14.229999542236328,11.085617065429688,22125,0.0,0.0
2008-05-09,14.399999618530273,14.600000381469727,14.010000228881836,14.229999542236328,11.085617065429688,15800,0.0,0.0
2008-05-12,14.100000381469727,14.100000381469727,13.619999885559082,13.829999923706055,10.774006843566895,18255,0.0,0.0
2008-05-13,14.0,14.199999809265137,13.699999809265137,13.829999923706055,10.774006843566895,22445,0.0,0.0
2008-05-14,13.399999618530273,13.949999809265137,13.399999618530273,13.710000038146973,10.680521965026855,16845,0.0,0.0
2008-05-15,13.699999809265137,14.399999618530273,13.699999809265137,14.100000381469727,10.984345436096191,23205,0.0,0.0
2008-05-16,14.0,14.300000190734863,13.800000190734863,13.850000381469727,10.78958797454834,14755,0.0,0.0
2008-05-20,13.609999656677246,14.119999885559082,13.609999656677246,14.039999961853027,10.937601089477539,12795,0.0,0.0
2008-05-21,13.720000267028809,15.449999809265137,13.720000267028809,15.449999809265137,12.03603744506836,80885,0.0,0.0
2008-05-22,15.800000190734863,16.600000381469727,15.600000381469727,15.829999923706055,12.33206844329834,188100,0.0,0.0
2008-05-23,15.399999618530273,16.170000076293945,15.020000457763672,15.199999809265137,11.841279983520508,67475,0.0,0.0
2008-05-26,15.0,15.0,14.319999694824219,14.40999984741211,11.225844383239746,25855,0.0,0.0
2008-05-27,14.300000190734863,14.989999771118164,13.829999923706055,13.920000076293945,10.844120025634766,23750,0.0,0.0
2008-05-28,13.630000114440918,15.319999694824219,13.630000114440918,14.020000457763672,10.92202377319336,39865,0.0,0.0
2008-05-29,14.100000381469727,14.170000076293945,13.65999984741211,14.0,10.906441688537598,31015,0.0,0.0
2008-05-30,14.369999885559082,14.399999618530273,13.399999618530273,13.539999961853027,10.548086166381836,31580,0.0,0.0
2008-06-02,13.399999618530273,13.779999732971191,13.020000457763672,13.100000381469727,10.205312728881836,16515,0.0,0.0
2008-06-03,13.0,13.0,12.199999809265137,12.729999542236328,9.917071342468262,33610,0.0,0.0
2008-06-04,13.359999656677246,14.0,12.399999618530273,13.039999961853027,10.158571243286133,48495,0.0,0.0
2008-06-05,12.399999618530273,13.0,12.399999618530273,12.770000457763672,9.94823169708252,31525,0.0,0.0
2008-06-06,12.9399995803833,13.779999732971191,12.880000114440918,13.1899995803833,10.275425910949707,31060,0.0,0.0
2008-06-09,12.449999809265137,13.199999809265137,12.399999618530273,12.880000114440918,10.03392505645752,486020,0.0,0.0
2008-06-10,12.800000190734863,13.399999618530273,12.800000190734863,12.979999542236328,10.111828804016113,446555,0.0,0.0
2008-06-11,13.300000190734863,13.399999618530273,12.699999809265137,13.069999694824219,10.181941986083984,54650,0.0,0.0
2008-06-12,13.399999618530273,13.399999618530273,12.800000190734863,13.130000114440918,10.228684425354004,20045,0.0,0.0
2008-06-13,12.930000305175781,13.770000457763672,12.930000305175781,13.079999923706055,10.189733505249023,19935,0.0,0.0
2008-06-16,14.0,14.0,13.0,13.130000114440918,10.228684425354004,48860,0.0,0.0
2008-06-17,13.9399995803833,13.9399995803833,13.15999984741211,13.34000015258789,10.392280578613281,38000,0.0,0.0
2008-06-18,13.600000381469727,13.899999618530273,13.319999694824219,13.520000457763672,10.532505989074707,47240,0.0,0.0
2008-06-19,13.300000190734863,13.5,13.0,13.229999542236328,10.306586265563965,17835,0.0,0.0
2008-06-20,13.800000190734863,13.800000190734863,12.460000038146973,12.520000457763672,9.753475189208984,23540,0.0,0.0
2008-06-23,12.010000228881836,12.869999885559082,11.619999885559082,12.100000381469727,9.426281929016113,23090,0.0,0.0
2008-06-24,12.380000114440918,12.380000114440918,11.600000381469727,11.729999542236328,9.138040542602539,24265,0.0,0.0
2008-06-25,11.600000381469727,11.800000190734863,11.399999618530273,11.609999656677246,9.044556617736816,16220,0.0,0.0
2008-06-26,11.430000305175781,12.1899995803833,11.430000305175781,11.640000343322754,9.067927360534668,15800,0.0,0.0
2008-06-27,11.199999809265137,11.739999771118164,11.069999694824219,11.420000076293945,8.896539688110352,21355,0.0,0.0
2008-06-30,11.1899995803833,11.399999618530273,10.279999732971191,10.420000076293945,8.117507934570312,32100,0.0,0.0
2008-07-01,9.800000190734863,10.199999809265137,9.380000114440918,9.399999618530273,7.322895526885986,37800,0.0,0.0
2008-07-02,9.800000190734863,9.800000190734863,8.460000038146973,8.579999923706055,6.684090614318848,306020,0.0,0.0
2008-07-03,8.350000381469727,8.609999656677246,8.149999618530273,8.170000076293945,6.364686965942383,161050,0.0,0.0
2008-07-04,7.96999979019165,8.579999923706055,7.96999979019165,8.579999923706055,6.684090614318848,32325,0.0,0.0
2008-07-07,8.979999542236328,9.010000228881836,8.699999809265137,9.010000228881836,7.019073963165283,7635,0.0,0.0
2008-07-08,9.0,9.460000038146973,8.729999542236328,9.270000457763672,7.221621990203857,36750,0.0,0.0
2008-07-09,9.180000305175781,9.729999542236328,9.180000305175781,9.550000190734863,7.439751148223877,29805,0.0,0.0
2008-07-10,9.800000190734863,9.800000190734863,9.199999809265137,9.4399995803833,7.354056358337402,71835,0.0,0.0
2008-07-11,9.399999618530273,9.539999961853027,8.970000267028809,9.010000228881836,7.019073963165283,80720,0.0,0.0
2008-07-14,9.199999809265137,9.199999809265137,8.920000076293945,9.09000015258789,7.081397533416748,11060,0.0,0.0
2008-07-15,9.199999809265137,9.34000015258789,8.899999618530273,8.9399995803833,6.964541912078857,14335,0.0,0.0
2008-07-16,9.34000015258789,9.34000015258789,8.5,8.5,6.621768474578857,16400,0.0,0.0
2008-07-17,8.800000190734863,8.920000076293945,8.319999694824219,8.609999656677246,6.707461357116699,11390,0.0,0.0
2008-07-18,9.0,9.0,8.199999809265137,8.579999923706055,6.684090614318848,12915,0.0,0.0
2008-07-21,8.399999618530273,8.770000457763672,8.210000038146973,8.529999732971191,6.645138263702393,12095,0.0,0.0
2008-07-22,8.239999771118164,8.949999809265137,8.239999771118164,8.890000343322754,6.925589084625244,14115,0.0,0.0
2008-07-23,9.300000190734863,9.34000015258789,9.050000190734863,9.34000015258789,7.276154041290283,25145,0.0,0.0
2008-07-24,9.75,9.779999732971191,9.239999771118164,9.569999694824219,7.455332279205322,49750,0.0,0.0
2008-07-25,9.199999809265137,9.399999618530273,9.149999618530273,9.25,7.206040382385254,6635,0.0,0.0
2008-07-28,9.220000267028809,9.720000267028809,9.220000267028809,9.720000267028809,7.5721845626831055,13980,0.0,0.0
2008-07-29,9.899999618530273,10.199999809265137,9.619999885559082,9.699999809265137,7.556606292724609,52220,0.0,0.0
2008-07-30,9.399999618530273,10.0,9.399999618530273,9.829999923706055,7.657881259918213,19385,0.0,0.0
2008-07-31,9.899999618530273,9.899999618530273,9.600000381469727,9.770000457763672,7.611138820648193,8640,0.0,0.0
2008-08-01,9.329999923706055,9.65999984741211,9.329999923706055,9.5600004196167,7.447543144226074,14905,0.0,0.0
2008-08-04,9.619999885559082,9.899999618530273,9.619999885559082,9.84000015258789,7.665670394897461,24140,0.0,0.0
2008-08-05,9.640000343322754,10.25,9.640000343322754,10.0600004196167,7.837057590484619,28175,0.0,0.0
2008-08-06,10.100000381469727,10.5600004196167,10.100000381469727,10.1899995803833,7.938331604003906,89370,0.0,0.0
2008-08-07,10.5,10.5,9.850000381469727,10.220000267028809,7.961703777313232,16070,0.0,0.0
2008-08-08,10.550000190734863,10.550000190734863,10.0,10.039999961853027,7.821475982666016,17720,0.0,0.0
2008-08-11,10.100000381469727,10.300000190734863,9.670000076293945,10.199999809265137,7.9461212158203125,48500,0.0,0.0
2008-08-12,10.039999961853027,10.449999809265137,10.039999961853027,10.069999694824219,7.844847679138184,18855,0.0,0.0
2008-08-13,10.0,10.380000114440918,10.0,10.170000076293945,7.922750473022461,25580,0.0,0.0
2008-08-14,10.579999923706055,10.579999923706055,9.680000305175781,9.770000457763672,7.611138820648193,37020,0.0,0.0
2008-08-18,10.229999542236328,10.229999542236328,9.399999618530273,9.460000038146973,7.3696393966674805,39135,0.0,0.0
2008-08-19,9.380000114440918,9.5600004196167,8.989999771118164,9.0,7.011283874511719,65135,0.0,0.0
2008-08-20,9.199999809265137,9.329999923706055,8.960000038146973,9.25,7.206040382385254,23335,0.0,0.0
2008-08-21,9.260000228881836,9.260000228881836,8.949999809265137,9.119999885559082,7.104767322540283,10605,0.0,0.0
2008-08-22,8.880000114440918,9.470000267028809,8.8100004196167,9.350000381469727,7.2839460372924805,36380,0.0,0.0
2008-08-25,9.199999809265137,9.59000015258789,9.199999809265137,9.279999732971191,7.229413986206055,13785,0.0,0.0
2008-08-26,8.979999542236328,9.270000457763672,8.84000015258789,9.09000015258789,7.317967414855957,19315,0.3,0.0
2008-08-27,9.140000343322754,9.350000381469727,9.039999961853027,9.100000381469727,7.326019763946533,11660,0.0,0.0
2008-08-28,9.1899995803833,9.199999809265137,8.9399995803833,8.960000038146973,7.213311672210693,5360,0.0,0.0
2008-08-29,9.3100004196167,9.399999618530273,9.010000228881836,9.119999885559082,7.34212064743042,16015,0.0,0.0
2008-09-01,9.119999885559082,9.369999885559082,9.010000228881836,9.130000114440918,7.3501715660095215,5395,0.0,0.0
2008-09-02,9.029999732971191,9.449999809265137,9.029999732971191,9.3100004196167,7.495082378387451,14495,0.0,0.0
2008-09-04,8.979999542236328,9.279999732971191,8.9399995803833,9.149999618530273,7.366272926330566,14545,0.0,0.0
2008-09-05,9.350000381469727,9.369999885559082,9.100000381469727,9.170000076293945,7.382373332977295,5345,0.0,0.0
2008-09-08,9.300000190734863,9.579999923706055,9.050000190734863,9.079999923706055,7.309917449951172,20050,0.0,0.0
2008-09-09,8.9399995803833,9.279999732971191,8.9399995803833,9.199999809265137,7.406525135040283,29550,0.0,0.0
2008-09-10,9.5600004196167,9.5600004196167,8.84000015258789,8.979999542236328,7.229413032531738,38585,0.0,0.0
2008-09-11,8.800000190734863,9.229999542236328,8.640000343322754,8.640000343322754,6.955692768096924,23285,0.0,0.0
2008-09-12,8.619999885559082,9.069999694824219,8.460000038146973,8.550000190734863,6.883238315582275,15135,0.0,0.0
2008-09-15,8.210000038146973,8.279999732971191,7.860000133514404,7.929999828338623,6.384102821350098,52370,0.0,0.0
2008-09-16,8.0,8.149999618530273,7.800000190734863,8.0,6.440456867218018,39020,0.0,0.0
2008-09-17,8.0,8.300000190734863,7.639999866485596,7.800000190734863,6.279445648193359,19820,0.0,0.0
2008-09-18,7.389999866485596,7.869999885559082,7.260000228881836,7.670000076293945,6.174787521362305,18095,0.0,0.0
2008-09-19,8.180000305175781,8.199999809265137,7.670000076293945,7.929999828338623,6.384102821350098,19525,0.0,0.0
2008-09-22,7.699999809265137,8.319999694824219,7.340000152587891,7.710000038146973,6.206989765167236,11525,0.0,0.0
2008-09-23,8.180000305175781,8.180000305175781,7.400000095367432,7.460000038146973,6.005725860595703,18060,0.0,0.0
2008-09-24,7.400000095367432,7.869999885559082,7.400000095367432,7.789999961853027,6.271394729614258,6460,0.0,0.0
2008-09-25,7.480000019073486,7.800000190734863,7.409999847412109,7.670000076293945,6.174787521362305,7540,0.0,0.0
2008-09-26,7.699999809265137,7.860000133514404,7.239999771118164,7.340000152587891,5.909119606018066,22335,0.0,0.0
2008-09-29,7.199999809265137,7.300000190734863,7.0,7.179999828338623,5.780309677124023,18930,0.0,0.0
2008-09-30,6.800000190734863,7.159999847412109,6.519999980926514,6.929999828338623,5.579045295715332,8550,0.0,0.0
2008-10-01,7.179999828338623,7.199999809265137,6.71999979019165,7.079999923706055,5.699804306030273,12995,0.0,0.0
2008-10-03,6.869999885559082,7.599999904632568,6.869999885559082,7.079999923706055,5.699804306030273,32140,0.0,0.0
2008-10-06,6.630000114440918,6.639999866485596,6.380000114440918,6.460000038146973,5.2006683349609375,28885,0.0,0.0
2008-10-07,6.409999847412109,6.599999904632568,6.099999904632568,6.28000020980835,5.055758476257324,19160,0.0,0.0
2008-10-08,6.019999980926514,6.199999809265137,5.699999809265137,5.789999961853027,4.661280632019043,55210,0.0,0.0
2008-10-10,5.510000228881836,5.980000019073486,5.400000095367432,5.53000020980835,4.45196533203125,35720,0.0,0.0
2008-10-13,5.420000076293945,5.880000114440918,5.420000076293945,5.550000190734863,4.468066692352295,19925,0.0,0.0
2008-10-14,5.909999847412109,6.110000133514404,5.75,5.980000019073486,4.8142409324646,334845,0.0,0.0
2008-10-15,5.699999809265137,6.179999828338623,5.699999809265137,5.920000076293945,4.7659382820129395,26180,0.0,0.0
2008-10-16,5.699999809265137,6.099999904632568,5.539999961853027,5.909999847412109,4.757887363433838,33465,0.0,0.0
2008-10-17,5.840000152587891,6.360000133514404,5.699999809265137,5.809999942779541,4.677381992340088,12870,0.0,0.0
2008-10-20,5.599999904632568,6.099999904632568,5.599999904632568,5.829999923706055,4.693483352661133,21695,0.0,0.0
2008-10-21,5.75,6.119999885559082,5.400000095367432,5.590000152587891,4.500269889831543,39275,0.0,0.0
2008-10-22,5.679999828338623,5.800000190734863,5.449999809265137,5.519999980926514,4.443914890289307,5525,0.0,0.0
2008-10-23,5.400000095367432,5.659999847412109,4.980000019073486,4.980000019073486,4.009183883666992,48130,0.0,0.0
2008-10-24,4.639999866485596,5.0,4.5,4.579999923706055,3.6871612071990967,98345,0.0,0.0
2008-10-27,4.210000038146973,4.269999980926514,4.130000114440918,4.179999828338623,3.3651387691497803,79775,0.0,0.0
2008-10-29,4.5,4.570000171661377,4.199999809265137,4.420000076293945,3.55835223197937,48340,0.0,0.0
2008-10-31,4.25,4.650000095367432,4.25,4.630000114440918,3.727414846420288,37975,0.0,0.0
2008-11-03,4.510000228881836,4.869999885559082,4.510000228881836,4.869999885559082,3.9206275939941406,19045,0.0,0.0
2008-11-04,4.699999809265137,5.119999885559082,4.630000114440918,4.630000114440918,3.727414846420288,46135,0.0,0.0
2008-11-05,4.78000020980835,4.78000020980835,4.449999809265137,4.53000020980835,3.6469085216522217,357015,0.0,0.0
2008-11-06,4.429999828338623,4.599999904632568,4.309999942779541,4.440000057220459,3.574453592300415,25420,0.0,0.0
2008-11-07,4.309999942779541,4.599999904632568,4.309999942779541,4.539999961853027,3.654958724975586,19120,0.0,0.0
2008-11-10,4.510000228881836,4.769999980926514,4.5,4.699999809265137,3.78376841545105,31870,0.0,0.0
2008-11-11,4.599999904632568,4.880000114440918,4.590000152587891,4.619999885559082,3.71936297416687,21725,0.0,0.0
2008-11-12,4.440000057220459,4.800000190734863,4.389999866485596,4.400000095367432,3.5422513484954834,104610,0.0,0.0
2008-11-14,4.420000076293945,4.550000190734863,4.179999828338623,4.269999980926514,3.437593698501587,60225,0.0,0.0
2008-11-17,4.199999809265137,4.230000019073486,4.099999904632568,4.110000133514404,3.3087844848632812,36080,0.0,0.0
2008-11-18,4.010000228881836,4.199999809265137,3.9100000858306885,3.9100000858306885,3.147773265838623,61705,0.0,0.0
2008-11-19,3.799999952316284,4.099999904632568,3.7200000286102295,3.759999990463257,3.0270142555236816,83140,0.0,0.0
2008-11-20,3.5999999046325684,3.859999895095825,3.5999999046325684,3.7100000381469727,2.9867615699768066,52710,0.0,0.0
2008-11-21,3.799999952316284,3.9000000953674316,3.7200000286102295,3.9000000953674316,3.1397228240966797,11645,0.0,0.0
2008-11-24,3.799999952316284,4.099999904632568,3.7200000286102295,3.869999885559082,3.1155707836151123,15695,0.0,0.0
2008-11-25,4.039999961853027,4.070000171661377,3.9100000858306885,4.010000228881836,3.2282791137695312,34625,0.0,0.0
2008-11-26,3.9100000858306885,4.159999847412109,3.809999942779541,3.890000104904175,3.1316723823547363,33625,0.0,0.0
2008-11-27,3.890000104904175,3.890000104904175,3.890000104904175,3.890000104904175,3.1316723823547363,0,0.0,0.0
2008-11-28,3.9000000953674316,4.0,3.75,3.8499999046325684,3.0994696617126465,3885,0.0,0.0
2008-12-01,3.690000057220459,4.050000190734863,3.6700000762939453,3.990000009536743,3.2121777534484863,34515,0.0,0.0
2008-12-02,3.799999952316284,4.190000057220459,3.799999952316284,4.190000057220459,3.3731892108917236,525055,0.0,0.0
2008-12-03,4.400000095367432,4.400000095367432,4.400000095367432,4.400000095367432,3.5422513484954834,10230,0.0,0.0
2008-12-04,4.619999885559082,4.619999885559082,4.619999885559082,4.619999885559082,3.71936297416687,15200,0.0,0.0
2008-12-05,4.800000190734863,4.860000133514404,4.389999866485596,4.400000095367432,3.5422513484954834,254510,0.0,0.0
2008-12-08,4.409999847412109,4.619999885559082,4.409999847412109,4.5,3.6227567195892334,10440,0.0,0.0
2008-12-10,4.340000152587891,4.360000133514404,4.28000020980835,4.28000020980835,3.4456446170806885,70530,0.0,0.0
2008-12-11,4.480000019073486,4.480000019073486,4.300000190734863,4.340000152587891,3.493947982788086,181815,0.0,0.0
2008-12-12,4.130000114440918,4.510000228881836,4.130000114440918,4.429999828338623,3.5664029121398926,15050,0.0,0.0
2008-12-15,4.5,4.659999847412109,4.5,4.659999847412109,3.75156569480896,19165,0.0,0.0
2008-12-16,4.880000114440918,4.900000095367432,4.690000057220459,4.900000095367432,3.944780111312866,20995,0.0,0.0
2008-12-17,4.920000076293945,4.940000057220459,4.659999847412109,4.71999979019165,3.7998692989349365,21805,0.0,0.0
2008-12-18,4.599999904632568,4.949999809265137,4.599999904632568,4.940000057220459,3.9769816398620605,13015,0.0,0.0
2008-12-19,4.800000190734863,4.800000190734863,4.699999809265137,4.699999809265137,3.78376841545105,12060,0.0,0.0
2008-12-22,4.900000095367432,4.940000057220459,4.75,4.800000190734863,3.864274024963379,89150,0.0,0.0
2008-12-23,4.71999979019165,4.800000190734863,4.650000095367432,4.760000228881836,3.8320717811584473,18530,0.0,0.0
2008-12-24,4.53000020980835,4.679999828338623,4.53000020980835,4.570000171661377,3.6791110038757324,9720,0.0,0.0
2008-12-26,4.409999847412109,4.800000190734863,4.409999847412109,4.480000019073486,3.6066558361053467,5820,0.0,0.0
2008-12-29,4.400000095367432,4.699999809265137,4.260000228881836,4.590000152587891,3.6952123641967773,15140,0.0,0.0
2008-12-30,4.78000020980835,4.78000020980835,4.449999809265137,4.559999942779541,3.67106032371521,11295,0.0,0.0
2008-12-31,4.519999980926514,4.75,4.510000228881836,4.690000057220459,3.7757177352905273,9425,0.0,0.0
2009-01-02,4.710000038146973,4.800000190734863,4.519999980926514,4.769999980926514,3.8401219844818115,25455,0.0,0.0
2009-01-05,4.920000076293945,4.940000057220459,4.659999847412109,4.710000038146973,3.7918198108673096,20985,0.0,0.0
2009-01-06,4.71999979019165,4.900000095367432,4.599999904632568,4.829999923706055,3.888424873352051,15510,0.0,0.0
2009-01-07,4.71999979019165,4.989999771118164,4.349999904632568,4.400000095367432,3.5422513484954834,25705,0.0,0.0
2009-01-09,4.0,4.190000057220459,3.9600000381469727,3.9700000286102295,3.1960766315460205,93500,0.0,0.0
2009-01-12,3.990000009536743,4.369999885559082,3.740000009536743,3.930000066757202,3.163874387741089,11775,0.0,0.0
2009-01-13,3.809999942779541,3.940000057220459,3.809999942779541,3.880000114440918,3.123621940612793,12555,0.0,0.0
2009-01-14,3.75,4.0,3.75,3.940000057220459,3.171924591064453,22385,0.0,0.0
2009-01-15,3.799999952316284,4.199999809265137,3.799999952316284,3.8299999237060547,3.0833685398101807,12070,0.0,0.0
2009-01-16,3.799999952316284,4.0,3.690000057220459,3.9200000762939453,3.1558239459991455,6015,0.0,0.0
2009-01-19,4.320000171661377,4.320000171661377,3.9000000953674316,4.179999828338623,3.3651387691497803,3000,0.0,0.0
2009-01-20,3.859999895095825,4.199999809265137,3.859999895095825,4.119999885559082,3.3168351650238037,3220,0.0,0.0
2009-01-21,3.9600000381469727,4.429999828338623,3.9600000381469727,4.239999771118164,3.413442373275757,45525,0.0,0.0
2009-01-22,4.25,4.480000019073486,4.21999979019165,4.21999979019165,3.3973405361175537,21885,0.0,0.0
2009-01-23,4.21999979019165,4.360000133514404,4.21999979019165,4.230000019073486,3.4053916931152344,22405,0.0,0.0
2009-01-27,4.150000095367432,4.5,4.150000095367432,4.46999979019165,3.598604917526245,20030,0.0,0.0
2009-01-28,4.5,4.5,4.110000133514404,4.199999809265137,3.381239652633667,22680,0.0,0.0
2009-01-29,4.25,4.25,4.010000228881836,4.159999847412109,3.349036931991577,7020,0.0,0.0
2009-01-30,4.170000076293945,4.300000190734863,4.03000020980835,4.239999771118164,3.413442373275757,9640,0.0,0.0
2009-02-02,4.099999904632568,4.199999809265137,3.890000104904175,4.119999885559082,3.3168351650238037,35575,0.0,0.0
2009-02-03,4.0,4.179999828338623,3.930000066757202,4.010000228881836,3.2282791137695312,305515,0.0,0.0
2009-02-04,3.809999942779541,4.190000057220459,3.809999942779541,4.019999980926514,3.2363295555114746,3570,0.0,0.0
2009-02-05,3.799999952316284,4.269999980926514,3.799999952316284,4.119999885559082,3.3168351650238037,22435,0.0,0.0
2009-02-06,4.0,4.380000114440918,4.0,4.130000114440918,3.3248860836029053,24785,0.0,0.0
2009-02-09,4.400000095367432,4.400000095367432,4.039999961853027,4.239999771118164,3.413442373275757,11710,0.0,0.0
2009-02-10,4.369999885559082,4.440000057220459,4.079999923706055,4.360000133514404,3.5100488662719727,20840,0.0,0.0
2009-02-11,4.099999904632568,4.360000133514404,4.099999904632568,4.099999904632568,3.300734043121338,38530,0.0,0.0
2009-02-12,4.300000190734863,4.5,4.099999904632568,4.25,3.421492338180542,22145,0.0,0.0
2009-02-13,4.380000114440918,4.579999923706055,4.230000019073486,4.5,3.6227567195892334,68885,0.0,0.0
2009-02-16,4.789999961853027,4.789999961853027,4.349999904632568,4.510000228881836,3.630807876586914,10760,0.0,0.0
2009-02-17,4.590000152587891,4.590000152587891,4.360000133514404,4.380000114440918,3.5261502265930176,8385,0.0,0.0
2009-02-18,4.599999904632568,4.599999904632568,4.199999809265137,4.420000076293945,3.55835223197937,4940,0.0,0.0
2009-02-19,4.349999904632568,4.440000057220459,4.349999904632568,4.400000095367432,3.5422513484954834,1695,0.0,0.0
2009-02-20,4.300000190734863,4.579999923706055,4.119999885559082,4.320000171661377,3.477846384048462,13590,0.0,0.0
2009-02-24,4.190000057220459,4.190000057220459,3.930000066757202,4.0,3.220228433609009,15565,0.0,0.0
2009-02-25,4.320000171661377,4.320000171661377,3.9600000381469727,4.099999904632568,3.300734043121338,1850,0.0,0.0
2009-02-26,4.0,4.190000057220459,3.9800000190734863,4.0,3.220228433609009,5810,0.0,0.0
2009-02-27,4.269999980926514,4.28000020980835,3.700000047683716,3.859999895095825,3.107520341873169,41930,0.0,0.0
2009-03-02,3.809999942779541,4.070000171661377,3.809999942779541,3.930000066757202,3.163874387741089,14520,0.0,0.0
2009-03-03,4.309999942779541,4.309999942779541,3.799999952316284,3.890000104904175,3.1316723823547363,6460,0.0,0.0
2009-03-04,4.099999904632568,4.099999904632568,3.630000114440918,3.700000047683716,2.9787113666534424,18490,0.0,0.0
2009-03-05,3.609999895095825,3.7899999618530273,3.609999895095825,3.7100000381469727,2.9867615699768066,9615,0.0,0.0
2009-03-06,3.680000066757202,3.9000000953674316,3.630000114440918,3.799999952316284,3.0592169761657715,14465,0.0,0.0
2009-03-09,3.609999895095825,4.559999942779541,3.609999895095825,4.320000171661377,3.477846384048462,83985,0.0,0.0
2009-03-12,3.819999933242798,4.699999809265137,3.819999933242798,4.159999847412109,3.349036931991577,11945,0.0,0.0
2009-03-13,4.019999980926514,4.800000190734863,3.8399999141693115,4.159999847412109,3.349036931991577,84145,0.0,0.0
2009-03-16,4.050000190734863,4.489999771118164,4.050000190734863,4.239999771118164,3.413442373275757,2495,0.0,0.0
2009-03-17,4.489999771118164,4.489999771118164,4.159999847412109,4.159999847412109,3.349036931991577,2785,0.0,0.0
2009-03-18,4.050000190734863,4.369999885559082,4.0,4.179999828338623,3.3651387691497803,21090,0.0,0.0
2009-03-19,4.03000020980835,4.380000114440918,4.03000020980835,4.320000171661377,3.477846384048462,30070,0.0,0.0
2009-03-20,4.119999885559082,4.360000133514404,4.119999885559082,4.230000019073486,3.4053916931152344,15555,0.0,0.0
2009-03-23,4.199999809265137,4.380000114440918,4.130000114440918,4.230000019073486,3.4053916931152344,23540,0.0,0.0
2009-03-24,4.170000076293945,4.28000020980835,3.950000047683716,4.130000114440918,3.3248860836029053,90505,0.0,0.0
2009-03-25,4.0,4.199999809265137,3.9200000762939453,4.079999923706055,3.284632921218872,17945,0.0,0.0
2009-03-26,3.990000009536743,4.179999828338623,3.950000047683716,4.010000228881836,3.2282791137695312,19705,0.0,0.0
2009-03-27,3.9700000286102295,4.199999809265137,3.9700000286102295,4.039999961853027,3.2524306774139404,4830,0.0,0.0
2009-03-30,4.0,4.179999828338623,3.890000104904175,4.0,3.220228433609009,21145,0.0,0.0
2009-03-31,3.9700000286102295,4.159999847412109,3.9600000381469727,3.990000009536743,3.2121777534484863,38210,0.0,0.0
2009-04-01,4.400000095367432,4.400000095367432,3.990000009536743,4.289999961853027,3.453695058822632,20160,0.0,0.0
2009-04-02,4.179999828338623,4.389999866485596,4.179999828338623,4.230000019073486,3.4053916931152344,14655,0.0,0.0
2009-04-06,3.9100000858306885,4.800000190734863,3.9000000953674316,4.579999923706055,3.6871612071990967,24750,0.0,0.0
2009-04-08,4.400000095367432,4.800000190734863,4.309999942779541,4.769999980926514,3.8401219844818115,85335,0.0,0.0
2009-04-09,4.889999866485596,4.889999866485596,4.639999866485596,4.800000190734863,3.864274024963379,33530,0.0,0.0
2009-04-13,4.619999885559082,5.760000228881836,4.619999885559082,5.5,4.427813529968262,146520,0.0,0.0
2009-04-15,5.599999904632568,6.599999904632568,5.199999809265137,6.559999942779541,5.281174182891846,167730,0.0,0.0
2009-04-16,6.769999980926514,6.769999980926514,5.909999847412109,5.909999847412109,4.757887363433838,70880,0.0,0.0
2009-04-17,5.599999904632568,6.159999847412109,5.320000171661377,5.539999961853027,4.46001672744751,25525,0.0,0.0
2009-04-20,5.949999809265137,6.099999904632568,5.409999847412109,5.760000228881836,4.637129306793213,37915,0.0,0.0
2009-04-21,5.489999771118164,5.929999828338623,5.489999771118164,5.630000114440918,4.532471656799316,20365,0.0,0.0
2009-04-22,5.409999847412109,5.690000057220459,5.400000095367432,5.659999847412109,4.5566229820251465,13655,0.0,0.0
2009-04-23,5.260000228881836,5.78000020980835,5.25,5.400000095367432,4.347308158874512,24535,0.0,0.0
2009-04-24,5.300000190734863,5.739999771118164,5.300000190734863,5.519999980926514,4.443914890289307,15520,0.0,0.0
2009-04-27,5.71999979019165,5.71999979019165,5.340000152587891,5.46999979019165,4.403662204742432,20845,0.0,0.0
2009-04-28,5.210000038146973,5.690000057220459,5.199999809265137,5.28000020980835,4.250701427459717,12145,0.0,0.0
2009-04-29,5.150000095367432,5.480000019073486,5.099999904632568,5.130000114440918,4.129942893981934,10540,0.0,0.0
2009-04-30,5.130000114440918,5.130000114440918,5.130000114440918,5.130000114440918,4.129942893981934,0,0.0,0.0
2009-05-04,5.010000228881836,5.460000038146973,5.010000228881836,5.300000190734863,4.2668023109436035,9755,0.0,0.0
2009-05-05,4.929999828338623,5.300000190734863,4.920000076293945,5.289999961853027,4.25875186920166,12555,0.0,0.0
2009-05-06,5.150000095367432,5.340000152587891,5.150000095367432,5.159999847412109,4.154094219207764,9435,0.0,0.0
2009-05-07,5.170000076293945,5.460000038146973,5.059999942779541,5.199999809265137,4.186295986175537,7765,0.0,0.0
2009-05-08,5.130000114440918,5.400000095367432,5.130000114440918,5.349999904632568,4.3070549964904785,11210,0.0,0.0
2009-05-11,5.400000095367432,6.420000076293945,5.400000095367432,5.920000076293945,4.7659382820129395,212330,0.0,0.0
2009-05-12,5.800000190734863,6.079999923706055,5.619999885559082,5.800000190734863,4.669330596923828,55130,0.0,0.0
2009-05-13,5.989999771118164,6.0,5.670000076293945,5.800000190734863,4.669330596923828,18310,0.0,0.0
2009-05-14,5.429999828338623,5.889999866485596,5.409999847412109,5.53000020980835,4.45196533203125,18945,0.0,0.0
2009-05-15,5.789999961853027,6.0,5.5,5.550000190734863,4.468066692352295,35350,0.0,0.0
2009-05-18,5.5,5.5,5.5,5.5,4.427813529968262,0,0.0,0.0
2009-05-19,5.010000228881836,6.599999904632568,5.0,6.099999904632568,4.910848140716553,100795,0.0,0.0
2009-05-20,6.150000095367432,7.0,5.900000095367432,6.829999923706055,5.498539447784424,124975,0.0,0.0
2009-05-21,7.0,7.599999904632568,6.5,6.789999961853027,5.466338157653809,110615,0.0,0.0
2009-05-22,6.800000190734863,7.199999809265137,6.739999771118164,6.840000152587891,5.506590843200684,39700,0.0,0.0
2009-05-25,7.400000095367432,7.409999847412109,7.039999961853027,7.28000020980835,5.86081600189209,111080,0.0,0.0
2009-05-26,7.420000076293945,8.0,6.929999828338623,7.0,5.635399341583252,131030,0.0,0.0
2009-05-27,7.199999809265137,7.610000133514404,7.159999847412109,7.269999980926514,5.85276460647583,46445,0.0,0.0
2009-05-28,7.079999923706055,8.199999809265137,7.050000190734863,8.100000381469727,6.520962715148926,188600,0.0,0.0
2009-05-29,8.199999809265137,8.359999656677246,7.929999828338623,8.149999618530273,6.561215400695801,76105,0.0,0.0
2009-06-01,8.100000381469727,8.34000015258789,7.900000095367432,8.1899995803833,6.593416690826416,83115,0.0,0.0
2009-06-02,8.199999809265137,8.489999771118164,7.809999942779541,8.0,6.440456867218018,66340,0.0,0.0
2009-06-03,8.199999809265137,8.380000114440918,7.820000171661377,8.010000228881836,6.448507308959961,113955,0.0,0.0
2009-06-04,7.980000019073486,8.949999809265137,7.900000095367432,8.75,7.044250011444092,218555,0.0,0.0
2009-06-05,9.130000114440918,9.649999618530273,8.710000038146973,8.789999961853027,7.076451301574707,282180,0.0,0.0
2009-06-08,8.800000190734863,8.800000190734863,7.699999809265137,7.900000095367432,6.359950542449951,94150,0.0,0.0
2009-06-09,8.0,8.0,7.320000171661377,7.829999923706055,6.303597450256348,61000,0.0,0.0
2009-06-10,8.199999809265137,8.199999809265137,7.599999904632568,7.670000076293945,6.174787521362305,47010,0.0,0.0
2009-06-11,7.380000114440918,8.170000076293945,7.380000114440918,7.599999904632568,6.118433952331543,49695,0.0,0.0
2009-06-12,7.309999942779541,8.0,7.309999942779541,7.400000095367432,5.957422733306885,45500,0.0,0.0
2009-06-15,7.199999809265137,7.400000095367432,6.440000057220459,6.769999980926514,5.450236797332764,53940,0.0,0.0
2009-06-16,6.599999904632568,7.559999942779541,6.550000190734863,7.010000228881836,5.643450736999512,50815,0.0,0.0
2009-06-17,7.090000152587891,7.579999923706055,6.670000076293945,6.769999980926514,5.450236797332764,54995,0.0,0.0
2009-06-18,6.599999904632568,6.940000057220459,6.269999980926514,6.5,5.232871055603027,49085,0.0,0.0
2009-06-19,6.619999885559082,7.050000190734863,6.320000171661377,6.429999828338623,5.176517009735107,39345,0.0,0.0
2009-06-22,7.0,7.71999979019165,6.730000019073486,7.71999979019165,6.215040683746338,287500,0.0,0.0
2009-06-23,7.440000057220459,9.270000457763672,7.440000057220459,9.270000457763672,7.4628801345825195,2188000,0.0,0.0
2009-06-24,9.600000381469727,10.800000190734863,9.600000381469727,10.029999732971191,8.074721336364746,4015340,0.0,0.0
2009-06-25,10.739999771118164,10.739999771118164,9.050000190734863,9.140000343322754,7.358222007751465,849515,0.0,0.0
2009-06-26,9.489999771118164,9.569999694824219,8.260000228881836,9.300000190734863,7.487030029296875,788150,0.0,0.0
2009-06-29,9.300000190734863,9.329999923706055,8.510000228881836,8.890000343322754,7.156958103179932,349640,0.0,0.0
2009-06-30,9.029999732971191,9.149999618530273,8.40999984741211,8.930000305175781,7.189159393310547,203990,0.0,0.0
2009-07-01,9.039999961853027,9.039999961853027,8.300000190734863,8.369999885559082,6.738327503204346,145350,0.0,0.0
2009-07-02,8.579999923706055,8.579999923706055,8.220000267028809,8.270000457763672,6.657822608947754,106925,0.0,0.0
2009-07-03,8.010000228881836,8.399999618530273,7.980000019073486,8.039999961853027,6.472659111022949,100600,0.0,0.0
2009-07-06,8.390000343322754,8.399999618530273,7.71999979019165,7.900000095367432,6.359950542449951,164230,0.0,0.0
2009-07-07,8.399999618530273,8.399999618530273,7.739999771118164,8.0,6.440456867218018,107500,0.0,0.0
2009-07-08,7.840000152587891,8.239999771118164,7.460000038146973,8.020000457763672,6.4565582275390625,206980,0.0,0.0
2009-07-09,8.0,8.779999732971191,7.71999979019165,8.510000228881836,6.851036071777344,151215,0.0,0.0
2009-07-10,8.3100004196167,8.430000305175781,7.71999979019165,7.739999771118164,6.231141567230225,45550,0.0,0.0
2009-07-13,7.53000020980835,7.53000020980835,7.059999942779541,7.130000114440918,5.74005651473999,54020,0.0,0.0
2009-07-14,6.920000076293945,7.699999809265137,6.920000076293945,7.559999942779541,6.086231708526611,62170,0.0,0.0
2009-07-15,7.619999885559082,7.980000019073486,7.510000228881836,7.800000190734863,6.279445648193359,48500,0.0,0.0
2009-07-16,7.840000152587891,7.980000019073486,7.659999847412109,7.789999961853027,6.271394729614258,17305,0.0,0.0
2009-07-17,7.400000095367432,8.069999694824219,7.400000095367432,7.53000020980835,6.0620808601379395,36015,0.0,0.0
2009-07-20,7.699999809265137,7.800000190734863,7.599999904632568,7.699999809265137,6.198939323425293,69415,0.0,0.0
2009-07-21,7.199999809265137,7.840000152587891,7.199999809265137,7.510000228881836,6.045979022979736,48395,0.0,0.0
2009-07-22,7.5,7.889999866485596,7.5,7.690000057220459,6.19088888168335,34905,0.0,0.0
2009-07-23,7.650000095367432,8.300000190734863,7.639999866485596,8.109999656677246,6.529013156890869,68095,0.0,0.0
2009-07-24,8.329999923706055,8.329999923706055,7.860000133514404,7.989999771118164,6.432405948638916,75480,0.0,0.0
2009-07-27,7.920000076293945,8.069999694824219,7.880000114440918,7.940000057220459,6.392153263092041,36875,0.0,0.0
2009-07-28,7.900000095367432,8.369999885559082,7.900000095367432,8.210000038146973,6.609518051147461,37375,0.0,0.0
2009-07-29,8.329999923706055,8.470000267028809,8.0,8.15999984741211,6.569265842437744,56415,0.0,0.0
2009-07-30,8.039999961853027,8.359999656677246,7.920000076293945,8.020000457763672,6.4565582275390625,50825,0.0,0.0
2009-07-31,8.25,8.390000343322754,8.069999694824219,8.140000343322754,6.553164482116699,62700,0.0,0.0
2009-08-03,8.0,8.199999809265137,7.960000038146973,8.010000228881836,6.448507308959961,44405,0.0,0.0
2009-08-04,8.100000381469727,8.239999771118164,8.029999732971191,8.0600004196167,6.488760471343994,54000,0.0,0.0
2009-08-05,8.25,8.399999618530273,8.100000381469727,8.350000381469727,6.722226619720459,180290,0.0,0.0
2009-08-06,8.539999961853027,8.539999961853027,8.100000381469727,8.1899995803833,6.593416690826416,102240,0.0,0.0
2009-08-07,8.100000381469727,8.220000267028809,7.820000171661377,7.909999847412109,6.368001937866211,188600,0.0,0.0
2009-08-10,8.079999923706055,8.079999923706055,7.619999885559082,7.869999885559082,6.335798740386963,41945,0.0,0.0
2009-08-11,7.659999847412109,7.920000076293945,7.619999885559082,7.880000114440918,6.343849182128906,42885,0.0,0.0
2009-08-12,7.75,7.829999923706055,7.599999904632568,7.699999809265137,6.198939323425293,34815,0.0,0.0
2009-08-13,8.0,8.15999984741211,7.909999847412109,8.029999732971191,6.464608192443848,71880,0.0,0.0
2009-08-14,8.010000228881836,8.84000015258789,8.010000228881836,8.800000190734863,7.084502696990967,344500,0.0,0.0
2009-08-17,8.770000457763672,8.770000457763672,7.800000190734863,8.020000457763672,6.684436798095703,103510,0.3,0.0
2009-08-18,7.920000076293945,8.1899995803833,7.920000076293945,8.020000457763672,6.684436798095703,40385,0.0,0.0
2009-08-19,7.949999809265137,8.140000343322754,7.679999828338623,7.78000020980835,6.48440408706665,41355,0.0,0.0
2009-08-20,7.679999828338623,7.949999809265137,7.679999828338623,7.78000020980835,6.48440408706665,33075,0.0,0.0
2009-08-21,7.639999866485596,8.100000381469727,7.639999866485596,8.039999961853027,6.70110559463501,26520,0.0,0.0
2009-08-24,8.100000381469727,8.239999771118164,7.840000152587891,8.020000457763672,6.684436798095703,25565,0.0,0.0
2009-08-25,7.96999979019165,8.380000114440918,7.96999979019165,8.220000267028809,6.851131439208984,73280,0.0,0.0
2009-08-26,8.460000038146973,8.75,8.210000038146973,8.609999656677246,7.17618465423584,129690,0.0,0.0
2009-08-27,8.779999732971191,9.479999542236328,8.649999618530273,9.479999542236328,7.901304721832275,605000,0.0,0.0
2009-08-28,9.880000114440918,9.949999809265137,8.899999618530273,9.1899995803833,7.659596920013428,290615,0.0,0.0
2009-08-31,9.100000381469727,9.199999809265137,8.899999618530273,9.0,7.501237392425537,51000,0.0,0.0
2009-09-01,9.010000228881836,9.399999618530273,8.5600004196167,8.670000076293945,7.226192474365234,81970,0.0,0.0
2009-09-02,8.319999694824219,8.729999542236328,8.319999694824219,8.569999694824219,7.1428446769714355,30500,0.0,0.0
2009-09-03,8.460000038146973,8.800000190734863,8.399999618530273,8.430000305175781,7.026160717010498,37000,0.0,0.0
2009-09-04,9.279999732971191,9.279999732971191,8.460000038146973,8.640000343322754,7.201188564300537,67690,0.0,0.0
2009-09-07,9.069999694824219,9.069999694824219,8.699999809265137,8.899999618530273,7.417891502380371,56500,0.0,0.0
2009-09-08,9.109999656677246,9.180000305175781,8.8100004196167,8.869999885559082,7.392886638641357,96475,0.0,0.0
2009-09-09,8.720000267028809,10.380000114440918,8.600000381469727,9.529999732971191,7.942976474761963,697375,0.0,0.0
2009-09-10,9.970000267028809,10.789999961853027,9.619999885559082,9.9399995803833,8.284700393676758,1252455,0.0,0.0
2009-09-11,10.100000381469727,10.800000190734863,9.800000190734863,10.039999961853027,8.368047714233398,731570,0.0,0.0
2009-09-14,9.600000381469727,10.039999961853027,9.510000228881836,9.899999618530273,8.251361846923828,102500,0.0,0.0
2009-09-15,10.180000305175781,10.270000457763672,9.850000381469727,10.039999961853027,8.368047714233398,98215,0.0,0.0
2009-09-16,10.199999809265137,11.220000267028809,10.100000381469727,10.720000267028809,8.934806823730469,1489775,0.0,0.0
2009-09-17,10.779999732971191,11.25,10.319999694824219,10.380000114440918,8.65142822265625,618435,0.0,0.0
2009-09-18,10.300000190734863,10.779999732971191,10.239999771118164,10.399999618530273,8.668097496032715,323790,0.0,0.0
2009-09-22,10.5600004196167,10.600000381469727,10.260000228881836,10.300000190734863,8.584749221801758,106855,0.0,0.0
2009-09-23,10.479999542236328,10.539999961853027,9.729999542236328,9.899999618530273,8.251361846923828,227310,0.0,0.0
2009-09-24,9.699999809265137,9.979999542236328,9.460000038146973,9.630000114440918,8.026324272155762,86850,0.0,0.0
2009-09-25,9.569999694824219,10.199999809265137,9.5600004196167,9.75,8.12633991241455,80725,0.0,0.0
2009-09-29,10.09000015258789,10.199999809265137,9.739999771118164,9.869999885559082,8.226356506347656,93015,0.0,0.0
2009-09-30,9.9399995803833,10.140000343322754,9.770000457763672,10.010000228881836,8.34304428100586,71050,0.0,0.0
2009-10-01,10.199999809265137,10.199999809265137,9.819999694824219,9.90999984741211,8.259696006774902,61465,0.0,0.0
2009-10-05,10.0,10.0,9.609999656677246,9.670000076293945,8.059663772583008,39450,0.0,0.0
2009-10-06,9.770000457763672,9.770000457763672,8.800000190734863,9.489999771118164,7.909636497497559,106705,0.0,0.0
2009-10-07,9.65999984741211,9.960000038146973,9.300000190734863,9.470000267028809,7.89296817779541,140710,0.0,0.0
2009-10-08,9.880000114440918,9.880000114440918,9.25,9.329999923706055,7.77628231048584,47375,0.0,0.0
2009-10-09,9.289999961853027,9.520000457763672,9.199999809265137,9.329999923706055,7.77628231048584,51175,0.0,0.0
2009-10-12,9.260000228881836,9.529999732971191,9.050000190734863,9.4399995803833,7.8679656982421875,40130,0.0,0.0
2009-10-13,9.4399995803833,9.4399995803833,9.4399995803833,9.4399995803833,7.8679656982421875,0,0.0,0.0
2009-10-14,9.460000038146973,10.140000343322754,9.399999618530273,9.680000305175781,8.067996978759766,177490,0.0,0.0
2009-10-15,9.720000267028809,9.779999732971191,9.600000381469727,9.670000076293945,8.059663772583008,66980,0.0,0.0
2009-10-16,9.65999984741211,9.960000038146973,9.539999961853027,9.59000015258789,7.99298620223999,70875,0.0,0.0
2009-10-20,9.649999618530273,9.720000267028809,9.470000267028809,9.539999961853027,7.951312065124512,48490,0.0,0.0
2009-10-21,9.420000076293945,10.399999618530273,9.380000114440918,9.84000015258789,8.201354026794434,285655,0.0,0.0
2009-10-22,9.859999656677246,10.180000305175781,9.600000381469727,9.65999984741211,8.051326751708984,105230,0.0,0.0
2009-10-23,9.800000190734863,10.100000381469727,9.399999618530273,9.600000381469727,8.001320838928223,73055,0.0,0.0
2009-10-26,9.989999771118164,9.989999771118164,9.399999618530273,9.4399995803833,7.8679656982421875,45755,0.0,0.0
2009-10-27,9.369999885559082,9.600000381469727,9.0,9.029999732971191,7.526240825653076,67965,0.0,0.0
2009-10-28,9.0,9.100000381469727,8.40999984741211,8.8100004196167,7.342878818511963,61025,0.0,0.0
2009-10-29,8.619999885559082,8.800000190734863,8.430000305175781,8.640000343322754,7.201188564300537,37395,0.0,0.0
2009-10-30,8.84000015258789,9.600000381469727,8.680000305175781,8.800000190734863,7.334543704986572,149635,0.0,0.0
2009-11-03,8.619999885559082,8.960000038146973,8.039999961853027,8.109999656677246,6.759449005126953,49085,0.0,0.0
2009-11-04,8.5,8.579999923706055,8.0,8.210000038146973,6.842795372009277,59895,0.0,0.0
2009-11-05,8.039999961853027,8.319999694824219,7.869999885559082,8.130000114440918,6.776118278503418,79100,0.0,0.0
2009-11-06,8.399999618530273,8.529999732971191,8.210000038146973,8.390000343322754,6.992821216583252,37330,0.0,0.0
2009-11-09,8.390000343322754,8.8100004196167,8.390000343322754,8.710000038146973,7.259531497955322,50110,0.0,0.0
2009-11-10,8.869999885559082,10.449999809265137,8.869999885559082,9.010000228881836,7.509572982788086,160360,0.0,0.0
2009-11-11,9.180000305175781,9.800000190734863,8.880000114440918,9.430000305175781,7.859630107879639,377915,0.0,0.0
2009-11-12,9.40999984741211,9.449999809265137,9.020000457763672,9.109999656677246,7.592919826507568,74700,0.0,0.0
2009-11-13,9.0,9.270000457763672,9.0,9.050000190734863,7.542912006378174,33515,0.0,0.0
2009-11-16,9.0600004196167,9.800000190734863,9.0,9.3100004196167,7.75961446762085,107325,0.0,0.0
2009-11-17,9.140000343322754,9.5,9.100000381469727,9.239999771118164,7.701269626617432,47825,0.0,0.0
2009-11-18,9.15999984741211,9.399999618530273,9.130000114440918,9.199999809265137,7.66793155670166,23910,0.0,0.0
2009-11-19,9.100000381469727,9.300000190734863,9.039999961853027,9.130000114440918,7.609589576721191,31160,0.0,0.0
2009-11-20,8.829999923706055,10.960000038146973,8.829999923706055,10.960000038146973,9.134840965270996,2937000,0.0,0.0
2009-11-23,11.0,11.5,10.300000190734863,10.420000076293945,8.68476676940918,1267225,0.0,0.0
2009-11-24,10.199999809265137,10.600000381469727,9.949999809265137,10.210000038146973,8.509737968444824,280760,0.0,0.0
2009-11-25,10.399999618530273,10.539999961853027,9.960000038146973,10.020000457763672,8.351378440856934,230130,0.0,0.0
2009-11-26,10.399999618530273,10.399999618530273,9.630000114440918,9.84000015258789,8.201354026794434,68685,0.0,0.0
2009-11-27,9.90999984741211,9.90999984741211,8.819999694824219,9.270000457763672,7.72627592086792,292935,0.0,0.0
2009-11-30,9.300000190734863,9.789999961853027,9.170000076293945,9.239999771118164,7.701269626617432,145705,0.0,0.0
2009-12-01,9.399999618530273,9.600000381469727,9.300000190734863,9.449999809265137,7.87630033493042,41450,0.0,0.0
2009-12-02,9.579999923706055,9.800000190734863,9.529999732971191,9.609999656677246,8.009654998779297,123875,0.0,0.0
2009-12-03,9.649999618530273,9.800000190734863,9.449999809265137,9.5600004196167,7.967982292175293,49030,0.0,0.0
2009-12-04,9.699999809265137,9.949999809265137,9.479999542236328,9.600000381469727,8.001320838928223,70505,0.0,0.0
2009-12-07,9.9399995803833,10.1899995803833,9.350000381469727,9.489999771118164,7.909636497497559,76305,0.0,0.0
2009-12-08,9.600000381469727,9.949999809265137,9.5,9.680000305175781,8.067996978759766,116385,0.0,0.0
2009-12-09,9.520000457763672,10.460000038146973,9.5,9.880000114440918,8.234691619873047,328165,0.0,0.0
2009-12-10,10.0,10.300000190734863,10.0,10.09000015258789,8.409720420837402,104370,0.0,0.0
2009-12-11,11.289999961853027,11.289999961853027,10.119999885559082,10.380000114440918,8.65142822265625,198710,0.0,0.0
2009-12-14,11.760000228881836,11.760000228881836,10.300000190734863,10.380000114440918,8.65142822265625,139710,0.0,0.0
2009-12-15,10.5600004196167,10.5600004196167,9.699999809265137,9.800000190734863,8.168015480041504,80745,0.0,0.0
2009-12-16,9.90999984741211,10.75,9.899999618530273,10.380000114440918,8.65142822265625,440595,0.0,0.0
2009-12-17,10.600000381469727,10.90999984741211,10.100000381469727,10.210000038146973,8.509737968444824,107035,0.0,0.0
2009-12-18,10.5,10.5,10.0,10.130000114440918,8.443059921264648,26730,0.0,0.0
2009-12-21,10.180000305175781,10.319999694824219,9.970000267028809,10.079999923706055,8.401386260986328,68645,0.0,0.0
2009-12-22,9.930000305175781,10.5600004196167,9.84000015258789,10.40999984741211,8.676431655883789,67670,0.0,0.0
2009-12-23,10.4399995803833,11.300000190734863,10.4399995803833,10.960000038146973,9.134840965270996,365830,0.0,0.0
2009-12-24,11.199999809265137,11.5,10.800000190734863,11.100000381469727,9.251526832580566,290550,0.0,0.0
2009-12-29,11.220000267028809,11.399999618530273,10.920000076293945,11.010000228881836,9.176514625549316,67145,0.0,0.0
2009-12-30,11.0,11.15999984741211,10.84000015258789,10.949999809265137,9.126505851745605,96520,0.0,0.0
2009-12-31,11.25,13.140000343322754,11.25,13.140000343322754,10.95180892944336,2063490,0.0,0.0
2010-01-04,13.600000381469727,14.800000190734863,12.239999771118164,14.300000190734863,11.918634414672852,2715955,0.0,0.0
2010-01-05,14.3100004196167,15.199999809265137,13.800000190734863,14.119999885559082,11.768610000610352,1431230,0.0,0.0
2010-01-06,14.119999885559082,14.34000015258789,13.649999618530273,13.75,11.460224151611328,479440,0.0,0.0
2010-01-07,13.75,14.0,13.279999732971191,13.479999542236328,11.235185623168945,257805,0.0,0.0
2010-01-08,13.710000038146973,14.0,13.270000457763672,13.390000343322754,11.160177230834961,118395,0.0,0.0
2010-01-11,13.600000381469727,15.579999923706055,13.600000381469727,14.609999656677246,12.177008628845215,1375265,0.0,0.0
2010-01-12,14.699999809265137,14.880000114440918,14.0,14.109999656677246,11.760273933410645,208905,0.0,0.0
2010-01-13,14.609999656677246,14.779999732971191,14.0,14.289999961853027,11.910297393798828,244015,0.0,0.0
2010-01-14,14.289999961853027,14.6899995803833,14.09000015258789,14.220000267028809,11.85195541381836,129525,0.0,0.0
2010-01-15,14.220000267028809,14.5600004196167,13.819999694824219,13.970000267028809,11.64358901977539,122310,0.0,0.0
2010-01-18,14.300000190734863,14.329999923706055,13.65999984741211,13.8100004196167,11.510232925415039,99700,0.0,0.0
2010-01-19,14.180000305175781,14.180000305175781,13.5,13.619999885559082,11.351872444152832,91225,0.0,0.0
2010-01-20,13.510000228881836,14.0,13.510000228881836,13.670000076293945,11.393546104431152,89690,0.0,0.0
2010-01-21,13.34000015258789,13.770000457763672,12.640000343322754,12.9399995803833,10.785113334655762,110860,0.0,0.0
2010-01-22,12.779999732971191,12.779999732971191,11.600000381469727,12.420000076293945,10.35170841217041,119205,0.0,0.0
2010-01-25,12.449999809265137,12.800000190734863,12.300000190734863,12.579999923706055,10.485062599182129,63575,0.0,0.0
2010-01-27,12.520000457763672,12.779999732971191,11.600000381469727,12.029999732971191,10.026655197143555,118150,0.0,0.0
2010-01-28,12.119999885559082,12.359999656677246,11.5,11.5600004196167,9.634922981262207,270840,0.0,0.0
2010-01-29,11.800000190734863,12.579999923706055,11.100000381469727,12.25,10.210017204284668,246845,0.0,0.0
2010-02-01,12.100000381469727,13.75,12.100000381469727,13.4399995803833,11.201848030090332,178405,0.0,0.0
2010-02-02,13.9399995803833,13.9399995803833,12.15999984741211,13.34000015258789,11.118501663208008,96035,0.0,0.0
2010-02-03,13.670000076293945,14.180000305175781,13.270000457763672,13.920000076293945,11.601914405822754,149465,0.0,0.0
2010-02-04,13.050000190734863,14.050000190734863,13.050000190734863,13.430000305175781,11.193514823913574,56855,0.0,0.0
2010-02-05,13.0,13.140000343322754,12.399999618530273,12.8100004196167,10.676762580871582,107175,0.0,0.0
2010-02-08,13.5,13.5,13.029999732971191,13.109999656677246,10.926804542541504,70325,0.0,0.0
2010-02-09,13.119999885559082,14.0,13.100000381469727,13.4399995803833,11.201848030090332,124125,0.0,0.0
2010-02-10,13.0,13.960000038146973,13.0,13.520000457763672,11.268526077270508,72645,0.0,0.0
2010-02-11,13.40999984741211,13.899999618530273,13.40999984741211,13.550000190734863,11.29353141784668,108855,0.0,0.0
2010-02-15,13.970000267028809,14.569999694824219,13.760000228881836,14.09000015258789,11.74360466003418,152865,0.0,0.0
2010-02-16,14.539999961853027,14.640000343322754,14.020000457763672,14.460000038146973,12.051987648010254,128635,0.0,0.0
2010-02-17,14.600000381469727,14.619999885559082,14.020000457763672,14.289999961853027,11.910297393798828,135145,0.0,0.0
2010-02-18,14.579999923706055,14.579999923706055,13.859999656677246,14.25,11.876959800720215,85625,0.0,0.0
2010-02-19,14.390000343322754,14.420000076293945,13.699999809265137,14.34000015258789,11.951973915100098,133830,0.0,0.0
2010-02-22,14.399999618530273,14.5600004196167,13.720000267028809,14.300000190734863,11.918634414672852,111860,0.0,0.0
2010-02-23,14.59000015258789,14.59000015258789,13.520000457763672,13.630000114440918,11.360207557678223,73865,0.0,0.0
2010-02-24,13.609999656677246,13.699999809265137,13.25,13.65999984741211,11.385211944580078,42080,0.0,0.0
2010-02-25,13.600000381469727,14.449999809265137,13.600000381469727,14.229999542236328,11.860289573669434,225155,0.0,0.0
2010-02-26,14.369999885559082,14.5600004196167,14.079999923706055,14.210000038146973,11.843620300292969,80855,0.0,0.0
2010-03-02,14.15999984741211,14.380000114440918,13.930000305175781,14.319999694824219,11.935302734375,46280,0.0,0.0
2010-03-03,14.579999923706055,14.960000038146973,14.300000190734863,14.6899995803833,12.24368667602539,133860,0.0,0.0
2010-03-04,14.600000381469727,15.1899995803833,14.600000381469727,15.020000457763672,12.518733978271484,233855,0.0,0.0
2010-03-05,15.300000190734863,16.0,15.119999885559082,15.520000457763672,12.935469627380371,302695,0.0,0.0
2010-03-08,15.510000228881836,15.770000457763672,15.020000457763672,15.119999885559082,12.602079391479492,67295,0.0,0.0
2010-03-09,15.020000457763672,15.5,14.760000228881836,15.210000038146973,12.677093505859375,50395,0.0,0.0
2010-03-10,14.779999732971191,15.170000076293945,14.680000305175781,14.859999656677246,12.385376930236816,123565,0.0,0.0
2010-03-11,14.899999618530273,15.289999961853027,14.699999809265137,15.039999961853027,12.535401344299316,45985,0.0,0.0
2010-03-12,15.15999984741211,15.199999809265137,14.850000381469727,15.029999732971191,12.527067184448242,83645,0.0,0.0
2010-03-15,15.029999732971191,15.0600004196167,14.84000015258789,14.899999618530273,12.418715476989746,38720,0.0,0.0
2010-03-16,14.859999656677246,15.09000015258789,14.710000038146973,15.0,12.502063751220703,50210,0.0,0.0
2010-03-17,15.15999984741211,15.15999984741211,14.899999618530273,14.970000267028809,12.477060317993164,45005,0.0,0.0
2010-03-18,14.800000190734863,17.969999313354492,14.699999809265137,17.540000915527344,14.61907958984375,1256455,0.0,0.0
2010-03-19,17.799999237060547,18.360000610351562,16.299999237060547,16.559999465942383,13.802276611328125,461530,0.0,0.0
2010-03-22,16.260000228881836,17.18000030517578,16.040000915527344,16.56999969482422,13.8106107711792,244320,0.0,0.0
2010-03-23,17.200000762939453,17.200000762939453,15.9399995803833,16.049999237060547,13.377206802368164,307410,0.0,0.0
2010-03-25,16.360000610351562,16.600000381469727,15.710000038146973,15.970000267028809,13.310528755187988,128615,0.0,0.0
2010-03-26,16.100000381469727,16.479999542236328,15.359999656677246,15.670000076293945,13.0604887008667,95025,0.0,0.0
2010-03-29,15.760000228881836,16.280000686645508,14.960000038146973,15.199999809265137,12.668757438659668,127445,0.0,0.0
2010-03-30,15.4399995803833,15.4399995803833,15.109999656677246,15.220000267028809,12.68542766571045,47965,0.0,0.0
2010-03-31,14.479999542236328,15.819999694824219,14.479999542236328,15.520000457763672,12.935469627380371,30235,0.0,0.0
2010-04-01,15.800000190734863,16.5,15.600000381469727,16.06999969482422,13.393876075744629,134065,0.0,0.0
2010-04-05,15.40999984741211,16.459999084472656,15.40999984741211,15.819999694824219,13.18550968170166,57155,0.0,0.0
2010-04-06,15.800000190734863,16.59000015258789,15.630000114440918,16.139999389648438,13.452218055725098,130690,0.0,0.0
2010-04-07,16.200000762939453,16.219999313354492,15.720000267028809,15.84000015258789,13.202178955078125,45490,0.0,0.0
2010-04-08,15.640000343322754,16.479999542236328,15.300000190734863,15.59000015258789,12.993810653686523,82315,0.0,0.0
2010-04-09,15.649999618530273,16.200000762939453,15.40999984741211,15.520000457763672,12.935469627380371,101935,0.0,0.0
2010-04-12,15.420000076293945,15.779999732971191,15.239999771118164,15.470000267028809,12.893795013427734,40290,0.0,0.0
2010-04-13,15.529999732971191,15.699999809265137,15.279999732971191,15.380000114440918,12.818780899047852,47980,0.0,0.0
2010-04-15,15.430000305175781,16.299999237060547,15.430000305175781,15.699999809265137,13.085492134094238,256225,0.0,0.0
2010-04-16,15.699999809265137,15.859999656677246,15.300000190734863,15.739999771118164,13.118831634521484,88645,0.0,0.0
2010-04-19,15.59000015258789,16.100000381469727,15.420000076293945,15.729999542236328,13.110496520996094,63290,0.0,0.0
2010-04-20,16.0,16.0,15.619999885559082,15.710000038146973,13.093828201293945,37395,0.0,0.0
2010-04-21,15.949999809265137,16.399999618530273,15.699999809265137,16.1200008392334,13.435550689697266,84725,0.0,0.0
2010-04-22,15.899999618530273,16.479999542236328,15.800000190734863,16.239999771118164,13.535568237304688,125905,0.0,0.0
2010-04-23,16.100000381469727,16.200000762939453,15.720000267028809,15.880000114440918,13.235518455505371,50065,0.0,0.0
2010-04-26,15.760000228881836,16.399999618530273,15.760000228881836,15.989999771118164,13.32719898223877,114565,0.0,0.0
2010-04-27,16.049999237060547,16.139999389648438,15.619999885559082,15.720000267028809,13.10216236114502,33185,0.0,0.0
2010-04-28,15.760000228881836,15.970000267028809,15.4399995803833,15.520000457763672,12.935469627380371,78180,0.0,0.0
2010-04-29,15.5,16.0,15.4399995803833,15.869999885559082,13.227181434631348,89845,0.0,0.0
2010-04-30,15.84000015258789,16.549999237060547,15.739999771118164,16.309999465942383,13.59390926361084,175120,0.0,0.0
2010-05-03,16.18000030517578,17.299999237060547,15.850000381469727,16.709999084472656,13.927297592163086,116965,0.0,0.0
2010-05-04,16.700000762939453,17.299999237060547,15.779999732971191,16.110000610351562,13.427216529846191,127660,0.0,0.0
2010-05-05,15.600000381469727,16.700000762939453,15.5600004196167,16.399999618530273,13.668923377990723,139330,0.0,0.0
2010-05-06,16.200000762939453,18.0,16.200000762939453,17.700000762939453,14.752435684204102,1267640,0.0,0.0
2010-05-07,16.81999969482422,17.0,16.18000030517578,16.729999542236328,13.943967819213867,275320,0.0,0.0
2010-05-10,17.18000030517578,17.639999389648438,16.5,16.829999923706055,14.027315139770508,193190,0.0,0.0
2010-05-11,16.200000762939453,17.06999969482422,16.200000762939453,16.809999465942383,14.01064395904541,96370,0.0,0.0
2010-05-12,16.700000762939453,17.15999984741211,16.440000534057617,16.889999389648438,14.077322006225586,140380,0.0,0.0
2010-05-13,16.709999084472656,17.799999237060547,16.6200008392334,17.270000457763672,14.394042015075684,108770,0.0,0.0
2010-05-14,17.200000762939453,17.68000030517578,16.8799991607666,17.200000762939453,14.335700035095215,157240,0.0,0.0
2010-05-17,16.799999237060547,17.6200008392334,16.559999465942383,17.15999984741211,14.302360534667969,120730,0.0,0.0
2010-05-18,16.829999923706055,17.780000686645508,16.829999923706055,17.59000015258789,14.660752296447754,53460,0.0,0.0
2010-05-19,17.600000381469727,18.59000015258789,17.219999313354492,17.360000610351562,14.469056129455566,113740,0.0,0.0
2010-05-20,17.309999465942383,17.799999237060547,16.860000610351562,17.010000228881836,14.177338600158691,46620,0.0,0.0
2010-05-21,16.200000762939453,17.5,16.200000762939453,17.010000228881836,14.177338600158691,253510,0.0,0.0
2010-05-24,17.0,18.799999237060547,17.0,17.290000915527344,14.410713195800781,862260,0.0,0.0
2010-05-25,17.280000686645508,17.979999542236328,16.5,17.06999969482422,14.227346420288086,237550,0.0,0.0
2010-05-26,17.399999618530273,17.799999237060547,17.18000030517578,17.270000457763672,14.394042015075684,53930,0.0,0.0
2010-05-27,17.469999313354492,17.700000762939453,17.040000915527344,17.260000228881836,14.38570785522461,49090,0.0,0.0
2010-05-28,17.299999237060547,17.350000381469727,16.600000381469727,16.790000915527344,13.993978500366211,92880,0.0,0.0
2010-05-31,16.790000915527344,17.0,16.350000381469727,16.600000381469727,13.835618019104004,159550,0.0,0.0
2010-06-01,16.649999618530273,16.68000030517578,16.329999923706055,16.450000762939453,13.71059799194336,58785,0.0,0.0
2010-06-02,16.5,18.600000381469727,16.229999542236328,17.3700008392334,14.477389335632324,775735,0.0,0.0
2010-06-03,17.440000534057617,17.770000457763672,16.850000381469727,17.09000015258789,14.2440185546875,75795,0.0,0.0
2010-06-04,17.0,17.889999389648438,16.93000030517578,17.100000381469727,14.252351760864258,159725,0.0,0.0
2010-06-07,16.90999984741211,17.0,16.610000610351562,16.8700008392334,14.06065559387207,45850,0.0,0.0
2010-06-08,16.700000762939453,17.100000381469727,16.5,16.59000015258789,13.82728385925293,20030,0.0,0.0
2010-06-09,17.0,17.0,16.420000076293945,16.489999771118164,13.74393367767334,21530,0.0,0.0
2010-06-10,16.959999084472656,16.959999084472656,16.239999771118164,16.360000610351562,13.635583877563477,35365,0.0,0.0
2010-06-11,16.200000762939453,16.780000686645508,16.200000762939453,16.459999084472656,13.718931198120117,11005,0.0,0.0
2010-06-14,16.399999618530273,17.299999237060547,16.399999618530273,16.690000534057617,13.910629272460938,72310,0.0,0.0
2010-06-15,16.719999313354492,16.850000381469727,16.399999618530273,16.440000534057617,13.702262878417969,15820,0.0,0.0
2010-06-16,16.200000762939453,16.799999237060547,16.200000762939453,16.559999465942383,13.802276611328125,13355,0.0,0.0
2010-06-17,16.399999618530273,16.770000457763672,16.309999465942383,16.459999084472656,13.718931198120117,38495,0.0,0.0
2010-06-18,16.280000686645508,16.700000762939453,16.139999389648438,16.18000030517578,13.48555850982666,28260,0.0,0.0
2010-06-21,16.0,16.700000762939453,15.899999618530273,16.010000228881836,13.34386920928955,27180,0.0,0.0
2010-06-22,15.8100004196167,16.020000457763672,15.800000190734863,15.8100004196167,13.177175521850586,31020,0.0,0.0
2010-06-23,15.609999656677246,16.200000762939453,15.609999656677246,15.989999771118164,13.32719898223877,86345,0.0,0.0
2010-06-24,16.479999542236328,16.479999542236328,15.739999771118164,15.75,13.127166748046875,85970,0.0,0.0
2010-06-25,15.699999809265137,15.9399995803833,15.600000381469727,15.699999809265137,13.085492134094238,24475,0.0,0.0
2010-06-28,15.630000114440918,15.869999885559082,15.420000076293945,15.510000228881836,12.927132606506348,36195,0.0,0.0
2010-06-29,15.399999618530273,15.5600004196167,15.119999885559082,15.15999984741211,12.635417938232422,18770,0.0,0.0
2010-06-30,15.0,15.199999809265137,14.899999618530273,14.960000038146973,12.468725204467773,21840,0.0,0.0
2010-07-01,14.609999656677246,15.0600004196167,14.600000381469727,14.949999809265137,12.460389137268066,14885,0.0,0.0
2010-07-02,15.0,15.140000343322754,14.930000305175781,15.0,12.502063751220703,11545,0.0,0.0
2010-07-05,15.0,15.350000381469727,14.850000381469727,14.9399995803833,12.452054977416992,35840,0.0,0.0
2010-07-06,14.949999809265137,15.1899995803833,14.949999809265137,15.09000015258789,12.577075004577637,22470,0.0,0.0
2010-07-07,15.899999618530273,15.899999618530273,15.119999885559082,15.220000267028809,12.68542766571045,27285,0.0,0.0
2010-07-08,15.399999618530273,16.0,15.399999618530273,15.529999732971191,12.943802833557129,100325,0.0,0.0
2010-07-09,15.600000381469727,15.600000381469727,15.270000457763672,15.4399995803833,12.868790626525879,23205,0.0,0.0
2010-07-12,15.399999618530273,15.949999809265137,15.300000190734863,15.579999923706055,12.985475540161133,40210,0.0,0.0
2010-07-13,15.5600004196167,15.649999618530273,15.239999771118164,15.510000228881836,12.927132606506348,11480,0.0,0.0
2010-07-14,15.579999923706055,16.450000762939453,15.399999618530273,15.779999732971191,13.152170181274414,323705,0.0,0.0
2010-07-15,16.200000762939453,16.200000762939453,15.369999885559082,15.520000457763672,12.935469627380371,64220,0.0,0.0
2010-07-16,15.720000267028809,15.829999923706055,15.399999618530273,15.720000267028809,13.10216236114502,36910,0.0,0.0
2010-07-19,15.600000381469727,15.989999771118164,15.199999809265137,15.300000190734863,12.752104759216309,43300,0.0,0.0
2010-07-20,15.359999656677246,15.960000038146973,15.359999656677246,15.430000305175781,12.860457420349121,22595,0.0,0.0
2010-07-21,15.800000190734863,15.800000190734863,15.399999618530273,15.5600004196167,12.9688081741333,44335,0.0,0.0
2010-07-22,15.5,15.899999618530273,15.4399995803833,15.739999771118164,13.118831634521484,18730,0.0,0.0
2010-07-23,15.819999694824219,16.0,15.5,15.649999618530273,13.04382038116455,46315,0.0,0.0
2010-07-26,15.850000381469727,16.0,15.4399995803833,15.569999694824219,12.977141380310059,45295,0.0,0.0
2010-07-27,15.800000190734863,16.959999084472656,15.510000228881836,16.329999923706055,13.610578536987305,804665,0.0,0.0
2010-07-28,16.5,16.950000762939453,15.800000190734863,15.979999542236328,13.318864822387695,405120,0.0,0.0
2010-07-29,15.899999618530273,15.899999618530273,14.699999809265137,15.390000343322754,12.827116966247559,141350,0.0,0.0
2010-07-30,15.40999984741211,15.40999984741211,14.600000381469727,14.899999618530273,12.418715476989746,136095,0.0,0.0
2010-08-02,15.100000381469727,15.100000381469727,14.100000381469727,14.329999923706055,11.943638801574707,157045,0.0,0.0
2010-08-03,14.109999656677246,14.600000381469727,14.109999656677246,14.4399995803833,12.035319328308105,50005,0.0,0.0
2010-08-04,14.699999809265137,14.699999809265137,14.199999809265137,14.329999923706055,11.943638801574707,20015,0.0,0.0
2010-08-05,14.199999809265137,14.600000381469727,14.0,14.40999984741211,12.01031494140625,233065,0.0,0.0
2010-08-06,14.199999809265137,15.399999618530273,14.199999809265137,14.920000076293945,12.435384750366211,289290,0.0,0.0
2010-08-09,14.84000015258789,15.600000381469727,14.4399995803833,15.199999809265137,12.668757438659668,187455,0.0,0.0
2010-08-10,15.34000015258789,15.399999618530273,14.829999923706055,14.890000343322754,12.410382270812988,59700,0.0,0.0
2010-08-11,14.800000190734863,15.380000114440918,14.800000190734863,15.020000457763672,12.518733978271484,106675,0.0,0.0
2010-08-12,15.020000457763672,15.100000381469727,14.800000190734863,14.930000305175781,12.443721771240234,38595,0.0,0.0
2010-08-13,14.779999732971191,15.0,14.40999984741211,14.4399995803833,12.366642951965332,33315,0.4,0.0
2010-08-16,14.880000114440918,16.540000915527344,14.600000381469727,16.06999969482422,13.76259994506836,1439560,0.0,0.0
2010-08-17,16.18000030517578,17.100000381469727,15.399999618530273,15.600000381469727,13.360085487365723,2001585,0.0,0.0
2010-08-18,15.779999732971191,16.0,15.25,15.8100004196167,13.539933204650879,521125,0.0,0.0
2010-08-19,15.920000076293945,15.970000267028809,15.420000076293945,15.550000190734863,13.317262649536133,77845,0.0,0.0
2010-08-20,15.25,15.850000381469727,15.229999542236328,15.369999885559082,13.163110733032227,90215,0.0,0.0
2010-08-23,15.699999809265137,15.760000228881836,15.3100004196167,15.5,13.274445533752441,84020,0.0,0.0
2010-08-24,15.729999542236328,15.850000381469727,15.3100004196167,15.609999656677246,13.368648529052734,143465,0.0,0.0
2010-08-25,15.630000114440918,15.75,15.0600004196167,15.199999809265137,13.017518997192383,44560,0.0,0.0
2010-08-26,15.6899995803833,15.6899995803833,14.899999618530273,14.920000076293945,12.777722358703613,54945,0.0,0.0
2010-08-27,14.800000190734863,15.399999618530273,14.680000305175781,14.829999923706055,12.700644493103027,118425,0.0,0.0
2010-08-30,14.720000267028809,15.119999885559082,14.579999923706055,14.630000114440918,12.529362678527832,26795,0.0,0.0
2010-08-31,14.460000038146973,14.699999809265137,14.029999732971191,14.15999984741211,12.126846313476562,47815,0.0,0.0
2010-09-01,14.130000114440918,15.399999618530273,14.130000114440918,14.369999885559082,12.306694030761719,31825,0.0,0.0
2010-09-02,14.930000305175781,15.100000381469727,14.449999809265137,14.960000038146973,12.811979293823242,106845,0.0,0.0
2010-09-03,14.800000190734863,15.460000038146973,14.619999885559082,14.670000076293945,12.563618659973145,23080,0.0,0.0
2010-09-06,14.609999656677246,15.0,14.600000381469727,14.829999923706055,12.700644493103027,29300,0.0,0.0
2010-09-07,14.899999618530273,15.100000381469727,14.699999809265137,14.819999694824219,12.692081451416016,51835,0.0,0.0
2010-09-08,14.630000114440918,15.09000015258789,14.630000114440918,14.729999542236328,12.615002632141113,19955,0.0,0.0
2010-09-09,14.800000190734863,14.949999809265137,14.699999809265137,14.8100004196167,12.683516502380371,39125,0.0,0.0
2010-09-13,14.720000267028809,15.149999618530273,14.510000228881836,14.65999984741211,12.5550537109375,37430,0.0,0.0
2010-09-14,14.65999984741211,14.84000015258789,14.579999923706055,14.630000114440918,12.529362678527832,18605,0.0,0.0
2010-09-15,14.649999618530273,14.869999885559082,14.399999618530273,14.760000228881836,12.64069652557373,27400,0.0,0.0
2010-09-16,14.890000343322754,14.890000343322754,14.460000038146973,14.550000190734863,12.46084976196289,58305,0.0,0.0
2010-09-17,14.4399995803833,14.800000190734863,14.300000190734863,14.449999809265137,12.375204086303711,134620,0.0,0.0
2010-09-20,14.270000457763672,14.770000457763672,14.270000457763672,14.399999618530273,12.33238697052002,31625,0.0,0.0
2010-09-21,14.399999618530273,14.6899995803833,14.399999618530273,14.59000015258789,12.495104789733887,46580,0.0,0.0
2010-09-22,14.5,14.989999771118164,14.399999618530273,14.779999732971191,12.657824516296387,78840,0.0,0.0
2010-09-23,14.789999961853027,15.069999694824219,14.710000038146973,14.800000190734863,12.67495346069336,83465,0.0,0.0
2010-09-24,14.819999694824219,14.960000038146973,14.630000114440918,14.770000457763672,12.649261474609375,19135,0.0,0.0
2010-09-27,14.770000457763672,15.0600004196167,14.770000457763672,14.949999809265137,12.803414344787598,39795,0.0,0.0
2010-09-28,14.739999771118164,15.279999732971191,14.739999771118164,15.100000381469727,12.931878089904785,57910,0.0,0.0
2010-09-29,15.180000305175781,15.350000381469727,14.720000267028809,15.140000343322754,12.966134071350098,38275,0.0,0.0
2010-09-30,15.0,15.300000190734863,14.8100004196167,15.069999694824219,12.9061861038208,37445,0.0,0.0
2010-10-01,15.130000114440918,15.510000228881836,15.0,15.380000114440918,13.171672821044922,60455,0.0,0.0
2010-10-04,15.760000228881836,15.760000228881836,15.300000190734863,15.539999961853027,13.308698654174805,84195,0.0,0.0
2010-10-05,14.640000343322754,15.600000381469727,14.640000343322754,15.579999923706055,13.342955589294434,143215,0.0,0.0
2010-10-06,15.510000228881836,15.600000381469727,15.399999618530273,15.579999923706055,13.342955589294434,73770,0.0,0.0
2010-10-07,15.430000305175781,15.630000114440918,15.069999694824219,15.239999771118164,13.051775932312012,29950,0.0,0.0
2010-10-08,15.5,16.1299991607666,15.140000343322754,15.390000343322754,13.180237770080566,122285,0.0,0.0
2010-10-11,15.600000381469727,15.699999809265137,15.199999809265137,15.529999732971191,13.30013656616211,34515,0.0,0.0
2010-10-12,15.399999618530273,15.609999656677246,15.270000457763672,15.5,13.274445533752441,31860,0.0,0.0
2010-10-13,15.520000457763672,15.680000305175781,15.40999984741211,15.539999961853027,13.308698654174805,26670,0.0,0.0
2010-10-14,15.65999984741211,15.899999618530273,15.399999618530273,15.460000038146973,13.240187644958496,55615,0.0,0.0
2010-10-15,15.239999771118164,15.680000305175781,15.239999771118164,15.479999542236328,13.25731372833252,31475,0.0,0.0
2010-10-18,15.5,15.600000381469727,15.130000114440918,15.170000076293945,12.991825103759766,7535,0.0,0.0
2010-10-19,15.199999809265137,16.200000762939453,15.100000381469727,15.59000015258789,13.351520538330078,75275,0.0,0.0
2010-10-20,15.699999809265137,16.15999984741211,15.399999618530273,15.609999656677246,13.368648529052734,127455,0.0,0.0
2010-10-21,15.699999809265137,16.389999389648438,15.699999809265137,16.239999771118164,13.90819263458252,167055,0.0,0.0
2010-10-22,16.399999618530273,16.399999618530273,15.75,15.899999618530273,13.617010116577148,104180,0.0,0.0
2010-10-25,15.930000305175781,16.25,15.710000038146973,16.170000076293945,13.848241806030273,44495,0.0,0.0
2010-10-26,16.200000762939453,16.5,15.800000190734863,15.970000267028809,13.676958084106445,67135,0.0,0.0
2010-10-27,16.0,16.200000762939453,15.829999923706055,16.010000228881836,13.71121597290039,51255,0.0,0.0
2010-10-28,16.100000381469727,16.3700008392334,16.020000457763672,16.139999389648438,13.822547912597656,37255,0.0,0.0
2010-10-29,16.299999237060547,16.399999618530273,15.800000190734863,16.1299991607666,13.813984870910645,120450,0.0,0.0
2010-11-01,16.200000762939453,16.399999618530273,15.8100004196167,16.110000610351562,13.796857833862305,63495,0.0,0.0
2010-11-02,16.110000610351562,16.200000762939453,15.600000381469727,16.040000915527344,13.736907958984375,98190,0.0,0.0
2010-11-03,16.25,16.270000457763672,15.600000381469727,15.720000267028809,13.462855339050293,56150,0.0,0.0
2010-11-04,16.0,16.0,15.4399995803833,15.569999694824219,13.334392547607422,81735,0.0,0.0
2010-11-08,15.970000267028809,16.5,15.970000267028809,16.43000030517578,14.070910453796387,82385,0.0,0.0
2010-11-09,16.600000381469727,16.600000381469727,15.960000038146973,16.209999084472656,13.88249683380127,36780,0.0,0.0
2010-11-10,16.040000915527344,16.299999237060547,15.8100004196167,15.850000381469727,13.574189186096191,59225,0.0,0.0
2010-11-11,16.100000381469727,16.299999237060547,15.680000305175781,15.920000076293945,13.634137153625488,31145,0.0,0.0
2010-11-12,16.899999618530273,16.899999618530273,15.729999542236328,15.819999694824219,13.548497200012207,42625,0.0,0.0
2010-11-15,16.0,16.09000015258789,15.4399995803833,15.75,13.488547325134277,39160,0.0,0.0
2010-11-16,15.609999656677246,16.0,15.109999656677246,15.359999656677246,13.154545783996582,62845,0.0,0.0
2010-11-18,15.199999809265137,15.369999885559082,14.899999618530273,15.0600004196167,12.897622108459473,23810,0.0,0.0
2010-11-19,14.800000190734863,15.199999809265137,14.699999809265137,14.850000381469727,12.717772483825684,9705,0.0,0.0
2010-11-22,15.600000381469727,15.600000381469727,14.65999984741211,14.789999961853027,12.666388511657715,20235,0.0,0.0
2010-11-23,14.789999961853027,15.539999961853027,14.680000305175781,15.270000457763672,13.077468872070312,19615,0.0,0.0
2010-11-24,14.739999771118164,15.399999618530273,14.739999771118164,15.220000267028809,13.034647941589355,15300,0.0,0.0
2010-11-25,15.010000228881836,15.380000114440918,14.949999809265137,15.09000015258789,12.92331314086914,22425,0.0,0.0
2010-11-26,15.09000015258789,15.890000343322754,14.420000076293945,15.430000305175781,13.214495658874512,141935,0.0,0.0
2010-11-29,15.010000228881836,15.210000038146973,14.630000114440918,14.789999961853027,12.666388511657715,16965,0.0,0.0
2010-11-30,14.699999809265137,15.199999809265137,14.699999809265137,15.029999732971191,12.871928215026855,15010,0.0,0.0
2010-12-01,15.399999618530273,15.779999732971191,14.619999885559082,15.65999984741211,13.411470413208008,41400,0.0,0.0
2010-12-02,15.800000190734863,15.979999542236328,15.319999694824219,15.829999923706055,13.557059288024902,33140,0.0,0.0
2010-12-03,15.050000190734863,16.399999618530273,15.039999961853027,16.280000686645508,13.942448616027832,105165,0.0,0.0
2010-12-06,15.600000381469727,16.690000534057617,15.600000381469727,16.440000534057617,14.079475402832031,40685,0.0,0.0
2010-12-07,16.1200008392334,17.280000686645508,16.040000915527344,16.969999313354492,14.53337574005127,304470,0.0,0.0
2010-12-08,16.90999984741211,17.100000381469727,16.040000915527344,16.530000686645508,14.156553268432617,106505,0.0,0.0
2010-12-09,16.25,16.469999313354492,14.800000190734863,14.970000267028809,12.820544242858887,44315,0.0,0.0
2010-12-10,14.199999809265137,16.459999084472656,14.199999809265137,15.40999984741211,13.19736385345459,23030,0.0,0.0
2010-12-13,15.140000343322754,15.789999961853027,15.140000343322754,15.539999961853027,13.308698654174805,6315,0.0,0.0
2010-12-14,15.40999984741211,15.739999771118164,15.130000114440918,15.600000381469727,13.360085487365723,10860,0.0,0.0
2010-12-15,15.800000190734863,16.299999237060547,15.119999885559082,15.34000015258789,13.137415885925293,186080,0.0,0.0
2010-12-16,15.119999885559082,16.0,14.75,15.319999694824219,13.120287895202637,33740,0.0,0.0
2010-12-20,15.319999694824219,15.720000267028809,14.899999618530273,14.989999771118164,12.837672233581543,12115,0.0,0.0
2010-12-21,15.399999618530273,15.5,14.920000076293945,15.199999809265137,13.017518997192383,11960,0.0,0.0
2010-12-22,15.199999809265137,15.699999809265137,14.930000305175781,15.619999885559082,13.377212524414062,34565,0.0,0.0
2010-12-23,15.520000457763672,15.680000305175781,15.399999618530273,15.479999542236328,13.25731372833252,5050,0.0,0.0
2010-12-24,15.619999885559082,15.630000114440918,15.119999885559082,15.430000305175781,13.214495658874512,8485,0.0,0.0
2010-12-27,15.460000038146973,16.18000030517578,15.130000114440918,15.539999961853027,13.308698654174805,12910,0.0,0.0
2010-12-28,15.510000228881836,15.979999542236328,15.199999809265137,15.600000381469727,13.360085487365723,28550,0.0,0.0
2010-12-29,15.319999694824219,15.829999923706055,15.319999694824219,15.489999771118164,13.26587963104248,17590,0.0,0.0
2010-12-30,15.329999923706055,15.979999542236328,15.329999923706055,15.539999961853027,13.308698654174805,9785,0.0,0.0
2010-12-31,15.550000190734863,15.880000114440918,15.510000228881836,15.699999809265137,13.44572639465332,9815,0.0,0.0
2011-01-03,15.600000381469727,15.9399995803833,15.220000267028809,15.4399995803833,13.223058700561523,10065,0.0,0.0
2011-01-04,15.020000457763672,15.899999618530273,15.020000457763672,15.8100004196167,13.539933204650879,33535,0.0,0.0
2011-01-05,15.600000381469727,15.739999771118164,15.0600004196167,15.210000038146973,13.026083946228027,26015,0.0,0.0
2011-01-06,15.199999809265137,15.319999694824219,15.039999961853027,15.15999984741211,12.983261108398438,6290,0.0,0.0
2011-01-07,15.170000076293945,15.300000190734863,14.670000076293945,14.960000038146973,12.811979293823242,7195,0.0,0.0
2011-01-10,14.579999923706055,15.199999809265137,14.0,14.649999618530273,12.546490669250488,77500,0.0,0.0
2011-01-11,14.539999961853027,14.920000076293945,14.390000343322754,14.699999809265137,12.589311599731445,28330,0.0,0.0
2011-01-12,14.859999656677246,14.859999656677246,14.119999885559082,14.34000015258789,12.28100299835205,82825,0.0,0.0
2011-01-13,14.350000381469727,15.59000015258789,13.260000228881836,15.130000114440918,12.957569122314453,44090,0.0,0.0
2011-01-14,14.529999732971191,15.199999809265137,14.399999618530273,14.770000457763672,12.649261474609375,26150,0.0,0.0
2011-01-17,14.470000267028809,14.880000114440918,14.399999618530273,14.699999809265137,12.589311599731445,11295,0.0,0.0
2011-01-18,14.430000305175781,15.100000381469727,14.100000381469727,14.25,12.203923225402832,24240,0.0,0.0
2011-01-19,14.119999885559082,14.550000190734863,14.119999885559082,14.149999618530273,12.118281364440918,3030,0.0,0.0
2011-01-20,13.930000305175781,14.430000305175781,13.920000076293945,14.25,12.203923225402832,4070,0.0,0.0
2011-01-21,13.920000076293945,14.399999618530273,13.859999656677246,13.899999618530273,11.904178619384766,27810,0.0,0.0
2011-01-24,14.09000015258789,14.369999885559082,14.010000228881836,14.15999984741211,12.126846313476562,1770,0.0,0.0
2011-01-25,14.050000190734863,14.1899995803833,14.010000228881836,14.069999694824219,12.049768447875977,3435,0.0,0.0
2011-01-27,14.199999809265137,14.59000015258789,14.0,14.039999961853027,12.024076461791992,12700,0.0,0.0
2011-01-28,13.880000114440918,14.039999961853027,13.109999656677246,13.4399995803833,11.51022720336914,44875,0.0,0.0
2011-01-31,14.350000381469727,14.350000381469727,12.539999961853027,12.869999885559082,11.022069931030273,35775,0.0,0.0
2011-02-01,12.699999809265137,13.210000038146973,12.699999809265137,13.029999732971191,11.159098625183105,22190,0.0,0.0
2011-02-02,13.199999809265137,13.350000381469727,12.8100004196167,12.949999809265137,11.090581893920898,24455,0.0,0.0
2011-02-03,13.25,13.600000381469727,12.739999771118164,13.420000076293945,11.493099212646484,9595,0.0,0.0
2011-02-04,13.119999885559082,13.850000381469727,13.119999885559082,13.489999771118164,11.553048133850098,11975,0.0,0.0
2011-02-07,13.6899995803833,14.5,13.430000305175781,13.899999618530273,11.904178619384766,36030,0.0,0.0
2011-02-08,13.65999984741211,13.880000114440918,13.600000381469727,13.600000381469727,11.64725399017334,9940,0.0,0.0
2011-02-09,13.800000190734863,14.399999618530273,13.050000190734863,13.65999984741211,11.698637962341309,122825,0.0,0.0
2011-02-10,13.010000228881836,14.0,12.420000076293945,13.369999885559082,11.450277328491211,32960,0.0,0.0
2011-02-11,13.029999732971191,13.800000190734863,13.020000457763672,13.529999732971191,11.58730411529541,7955,0.0,0.0
2011-02-14,13.579999923706055,14.079999923706055,13.579999923706055,13.829999923706055,11.844229698181152,15945,0.0,0.0
2011-02-15,14.770000457763672,14.770000457763672,13.420000076293945,13.489999771118164,11.553048133850098,7535,0.0,0.0
2011-02-16,13.449999809265137,16.190000534057617,13.199999809265137,15.8100004196167,13.539933204650879,639790,0.0,0.0
2011-02-17,15.539999961853027,15.720000267028809,15.0,15.279999732971191,13.08603286743164,74660,0.0,0.0
2011-02-18,15.220000267028809,15.220000267028809,14.520000457763672,14.699999809265137,12.589311599731445,16025,0.0,0.0
2011-02-21,15.1899995803833,15.1899995803833,14.199999809265137,14.390000343322754,12.323821067810059,15175,0.0,0.0
2011-02-22,14.010000228881836,15.359999656677246,13.829999923706055,14.8100004196167,12.683516502380371,42195,0.0,0.0
2011-02-23,14.800000190734863,15.699999809265137,14.510000228881836,14.680000305175781,12.572183609008789,28815,0.0,0.0
2011-02-24,14.569999694824219,14.800000190734863,14.3100004196167,14.479999542236328,12.400899887084961,11510,0.0,0.0
2011-02-25,14.5,14.989999771118164,14.5,14.829999923706055,12.700644493103027,10610,0.0,0.0
2011-02-28,14.600000381469727,15.260000228881836,14.600000381469727,14.979999542236328,12.829105377197266,6450,0.0,0.0
2011-03-01,14.75,15.270000457763672,14.75,14.800000190734863,12.67495346069336,10785,0.0,0.0
2011-03-03,14.979999542236328,15.300000190734863,14.649999618530273,15.079999923706055,12.914749145507812,31410,0.0,0.0
2011-03-04,15.1899995803833,15.300000190734863,14.829999923706055,15.029999732971191,12.871928215026855,16425,0.0,0.0
2011-03-07,15.0,15.319999694824219,14.880000114440918,15.149999618530273,12.974698066711426,4350,0.0,0.0
2011-03-08,15.0,15.369999885559082,15.0,15.25,13.06033992767334,5320,0.0,0.0
2011-03-09,15.069999694824219,15.600000381469727,15.069999694824219,15.539999961853027,13.308698654174805,14720,0.0,0.0
2011-03-10,15.199999809265137,15.960000038146973,14.90999984741211,15.59000015258789,13.351520538330078,46825,0.0,0.0
2011-03-11,15.800000190734863,15.800000190734863,15.010000228881836,15.300000190734863,13.103160858154297,16135,0.0,0.0
2011-03-14,15.930000305175781,15.930000305175781,15.0,15.300000190734863,13.103160858154297,1615,0.0,0.0
2011-03-15,14.819999694824219,15.569999694824219,14.5,14.6899995803833,12.5807466506958,4345,0.0,0.0
2011-03-16,15.539999961853027,15.539999961853027,14.619999885559082,14.920000076293945,12.777722358703613,4440,0.0,0.0
2011-03-17,15.0,15.149999618530273,14.819999694824219,14.979999542236328,12.829105377197266,930,0.0,0.0
2011-03-18,14.710000038146973,15.380000114440918,14.710000038146973,15.020000457763672,12.863364219665527,5925,0.0,0.0
2011-03-21,15.0,15.199999809265137,14.600000381469727,14.739999771118164,12.623566627502441,1460,0.0,0.0
2011-03-22,14.670000076293945,15.119999885559082,14.670000076293945,14.75,12.63213062286377,925,0.0,0.0
2011-03-23,14.699999809265137,14.899999618530273,14.699999809265137,14.819999694824219,12.692081451416016,8595,0.0,0.0
2011-03-24,14.600000381469727,15.34000015258789,14.279999732971191,14.930000305175781,12.786288261413574,5370,0.0,0.0
2011-03-25,16.760000228881836,16.760000228881836,15.0,15.020000457763672,12.863364219665527,17640,0.0,0.0
2011-03-28,15.369999885559082,15.5600004196167,15.0,15.3100004196167,13.111724853515625,19750,0.0,0.0
2011-03-29,15.0600004196167,15.479999542236328,15.0,15.119999885559082,12.949005126953125,20165,0.0,0.0
2011-03-30,15.199999809265137,15.399999618530273,15.0,15.0,12.846235275268555,2545,0.0,0.0
2011-03-31,15.010000228881836,15.399999618530273,15.0,15.0,12.846235275268555,7935,0.0,0.0
2011-04-01,15.479999542236328,15.979999542236328,15.0600004196167,15.890000343322754,13.608445167541504,22460,0.0,0.0
2011-04-04,15.869999885559082,16.399999618530273,15.069999694824219,16.31999969482422,13.976704597473145,47625,0.0,0.0
2011-04-05,16.989999771118164,17.200000762939453,16.270000457763672,16.5,14.130857467651367,12270,0.0,0.0
2011-04-06,16.399999618530273,16.75,16.100000381469727,16.579999923706055,14.199373245239258,5770,0.0,0.0
2011-04-07,16.969999313354492,17.34000015258789,16.100000381469727,17.25,14.773170471191406,326665,0.0,0.0
2011-04-08,18.0,18.399999618530273,17.5,18.149999618530273,15.54394245147705,145050,0.0,0.0
2011-04-11,18.399999618530273,18.489999771118164,17.200000762939453,17.360000610351562,14.867378234863281,94475,0.0,0.0
2011-04-13,17.200000762939453,18.200000762939453,16.860000610351562,17.989999771118164,15.406917572021484,37015,0.0,0.0
2011-04-15,17.899999618530273,18.0,17.65999984741211,17.950000762939453,15.372664451599121,12230,0.0,0.0
2011-04-18,17.600000381469727,18.299999237060547,16.799999237060547,17.3799991607666,14.884504318237305,306910,0.0,0.0
2011-04-19,17.979999542236328,17.979999542236328,17.100000381469727,17.200000762939453,14.730351448059082,51150,0.0,0.0
2011-04-20,17.219999313354492,17.68000030517578,17.0,17.309999465942383,14.824554443359375,10265,0.0,0.0
2011-04-21,17.40999984741211,17.40999984741211,17.030000686645508,17.25,14.773170471191406,15665,0.0,0.0
2011-04-25,16.6200008392334,17.459999084472656,16.6200008392334,17.0,14.559066772460938,364380,0.0,0.0
2011-04-26,17.389999389648438,17.399999618530273,17.110000610351562,17.3799991607666,14.884504318237305,11765,0.0,0.0
2011-04-27,17.399999618530273,17.600000381469727,17.399999618530273,17.540000915527344,15.02153205871582,8290,0.0,0.0
2011-04-28,17.360000610351562,17.700000762939453,17.360000610351562,17.56999969482422,15.047223091125488,10950,0.0,0.0
2011-04-29,17.200000762939453,18.399999618530273,16.399999618530273,18.079999923706055,15.48399829864502,484145,0.0,0.0
2011-05-02,18.190000534057617,18.190000534057617,16.700000762939453,17.25,14.773170471191406,303975,0.0,0.0
2011-05-03,16.850000381469727,17.600000381469727,16.700000762939453,17.219999313354492,14.747479438781738,165155,0.0,0.0
2011-05-04,16.920000076293945,17.479999542236328,16.920000076293945,17.31999969482422,14.83311939239502,8420,0.0,0.0
2011-05-05,17.110000610351562,17.399999618530273,16.979999542236328,17.110000610351562,14.653273582458496,45355,0.0,0.0
2011-05-06,17.200000762939453,17.299999237060547,17.0,17.030000686645508,14.584760665893555,151160,0.0,0.0
2011-05-09,17.110000610351562,17.68000030517578,17.110000610351562,17.469999313354492,14.961584091186523,300490,0.0,0.0
2011-05-10,17.399999618530273,19.25,17.0,18.969999313354492,16.246206283569336,318625,0.0,0.0
2011-05-11,19.799999237060547,20.959999084472656,19.0,20.649999618530273,17.68498420715332,677705,0.0,0.0
2011-05-12,20.649999618530273,20.649999618530273,20.049999237060547,20.1299991607666,17.23964500427246,80700,0.0,0.0
2011-05-13,20.0,20.979999542236328,20.0,20.75,17.7706241607666,286665,0.0,0.0
2011-05-16,21.280000686645508,24.899999618530273,21.280000686645508,24.899999618530273,21.324750900268555,2421100,0.0,0.0
2011-05-17,25.299999237060547,25.829999923706055,23.049999237060547,23.3799991607666,20.022998809814453,1552735,0.0,0.0
2011-05-18,23.399999618530273,23.68000030517578,23.030000686645508,23.1200008392334,19.800331115722656,268640,0.0,0.0
2011-05-19,23.110000610351562,24.18000030517578,23.100000381469727,23.889999389648438,20.45977020263672,344360,0.0,0.0
2011-05-20,23.950000762939453,24.31999969482422,23.600000381469727,23.950000762939453,20.511157989501953,120610,0.0,0.0
2011-05-23,23.610000610351562,23.610000610351562,22.799999237060547,23.059999465942383,19.748947143554688,52145,0.0,0.0
2011-05-24,22.649999618530273,23.360000610351562,22.399999618530273,22.399999618530273,19.183712005615234,33540,0.0,0.0
2011-05-25,22.40999984741211,22.40999984741211,21.200000762939453,21.309999465942383,18.250215530395508,112630,0.0,0.0
2011-05-26,21.200000762939453,21.760000228881836,21.020000457763672,21.440000534057617,18.36155128479004,57325,0.0,0.0
2011-05-27,21.200000762939453,22.389999389648438,21.200000762939453,21.56999969482422,18.472885131835938,20555,0.0,0.0
2011-05-30,22.200000762939453,22.799999237060547,21.6200008392334,21.989999771118164,18.83258056640625,61270,0.0,0.0
2011-05-31,22.25,22.780000686645508,22.049999237060547,22.579999923706055,19.33786392211914,56925,0.0,0.0
2011-06-01,22.6299991607666,23.200000762939453,22.399999618530273,22.920000076293945,19.629047393798828,31390,0.0,0.0
2011-06-02,22.90999984741211,23.34000015258789,22.729999542236328,22.90999984741211,19.6204833984375,52090,0.0,0.0
2011-06-03,22.399999618530273,23.3799991607666,22.020000457763672,22.729999542236328,19.46632957458496,32800,0.0,0.0
2011-06-06,22.700000762939453,22.790000915527344,22.260000228881836,22.690000534057617,19.43207359313965,11160,0.0,0.0
2011-06-07,22.200000762939453,23.170000076293945,21.639999389648438,22.65999984741211,19.4063777923584,33645,0.0,0.0
2011-06-08,22.65999984741211,22.850000381469727,22.469999313354492,22.739999771118164,19.47489356994629,8955,0.0,0.0
2011-06-09,22.200000762939453,22.600000381469727,21.850000381469727,22.34000015258789,19.132328033447266,18630,0.0,0.0
2011-06-10,22.229999542236328,22.290000915527344,21.459999084472656,21.649999618530273,18.541400909423828,22655,0.0,0.0
2011-06-13,21.399999618530273,22.899999618530273,21.399999618530273,22.709999084472656,19.449201583862305,55670,0.0,0.0
2011-06-14,22.420000076293945,22.799999237060547,22.0,22.260000228881836,19.063812255859375,51925,0.0,0.0
2011-06-15,22.200000762939453,22.799999237060547,22.030000686645508,22.579999923706055,19.33786392211914,51005,0.0,0.0
2011-06-16,22.200000762939453,22.850000381469727,22.200000762939453,22.700000762939453,19.440635681152344,35285,0.0,0.0
2011-06-17,22.5,22.59000015258789,22.100000381469727,22.459999084472656,19.235097885131836,11050,0.0,0.0
2011-06-20,22.0,22.0,21.34000015258789,21.3700008392334,18.301607131958008,60095,0.0,0.0
2011-06-21,21.5,21.5,20.649999618530273,21.200000762939453,18.1560115814209,34365,0.0,0.0
2011-06-22,20.5,20.510000228881836,20.399999618530273,20.399999618530273,17.47088050842285,33745,0.0,0.0
2011-06-23,20.0,21.420000076293945,20.0,21.3799991607666,18.31016731262207,11620,0.0,0.0
2011-06-24,20.90999984741211,22.399999618530273,20.90999984741211,22.06999969482422,18.901092529296875,65530,0.0,0.0
2011-06-27,22.399999618530273,22.399999618530273,21.06999969482422,21.06999969482422,18.044681549072266,2840,0.0,0.0
2011-06-28,20.809999465942383,22.0,20.520000457763672,21.979999542236328,18.82401466369629,16900,0.0,0.0
2011-06-29,21.420000076293945,21.420000076293945,21.40999984741211,21.40999984741211,18.335859298706055,620,0.0,0.0
2011-06-30,21.979999542236328,21.979999542236328,21.600000381469727,21.600000381469727,18.498579025268555,8015,0.0,0.0
2011-07-01,21.06999969482422,21.06999969482422,21.040000915527344,21.040000915527344,18.01898765563965,250,0.0,0.0
2011-07-04,21.299999237060547,21.440000534057617,21.299999237060547,21.440000534057617,18.36155128479004,500,0.0,0.0
2011-07-05,21.3700008392334,21.440000534057617,21.3700008392334,21.399999618530273,18.327293395996094,3150,0.0,0.0
2011-07-06,21.399999618530273,21.399999618530273,21.010000228881836,21.239999771118164,18.19026756286621,5730,0.0,0.0
2011-07-07,21.399999618530273,21.989999771118164,21.399999618530273,21.799999237060547,18.669862747192383,5070,0.0,0.0
2011-07-08,21.799999237060547,21.799999237060547,21.799999237060547,21.799999237060547,18.669862747192383,5000,0.0,0.0
2011-07-11,20.920000076293945,22.360000610351562,20.920000076293945,21.940000534057617,18.78976058959961,4665,0.0,0.0
2011-07-12,21.219999313354492,22.0,21.219999313354492,21.739999771118164,18.61847496032715,3475,0.0,0.0
2011-07-13,21.40999984741211,21.799999237060547,21.40999984741211,21.799999237060547,18.669862747192383,1120,0.0,0.0
2011-07-14,21.799999237060547,21.799999237060547,21.799999237060547,21.799999237060547,18.669862747192383,1770,0.0,0.0
2011-07-15,22.0,22.399999618530273,22.0,22.0,18.841144561767578,5675,0.0,0.0
2011-07-18,22.260000228881836,22.5,22.0,22.020000457763672,18.858274459838867,5375,0.0,0.0
2011-07-19,22.0,22.0,21.43000030517578,21.799999237060547,18.669862747192383,32950,0.0,0.0
2011-07-20,22.0,22.0,21.43000030517578,21.43000030517578,18.35298728942871,10135,0.0,0.0
2011-07-21,21.399999618530273,21.6200008392334,21.399999618530273,21.600000381469727,18.498579025268555,8155,0.0,0.0
2011-07-22,21.600000381469727,21.799999237060547,20.84000015258789,21.600000381469727,18.498579025268555,11850,0.0,0.0
2011-07-25,21.0,21.989999771118164,20.81999969482422,21.399999618530273,18.327293395996094,9525,0.0,0.0
2011-07-26,20.860000610351562,21.0,20.860000610351562,20.969999313354492,17.959035873413086,1615,0.0,0.0
2011-07-27,21.219999313354492,21.219999313354492,20.809999465942383,20.809999465942383,17.822010040283203,5145,0.0,0.0
2011-07-28,20.799999237060547,21.399999618530273,20.200000762939453,20.770000457763672,17.787755966186523,10900,0.0,0.0
2011-07-29,20.219999313354492,20.40999984741211,20.219999313354492,20.40999984741211,17.479442596435547,1140,0.0,0.0
2011-08-01,20.399999618530273,20.899999618530273,20.030000686645508,20.510000228881836,17.565088272094727,21270,0.0,0.0
2011-08-02,21.0,21.0,20.0,20.59000015258789,17.63359832763672,17195,0.0,0.0
2011-08-03,20.0,20.0,19.559999465942383,20.0,17.128313064575195,6450,0.0,0.0
2011-08-04,19.700000762939453,20.020000457763672,19.399999618530273,20.020000457763672,17.145442962646484,4270,0.0,0.0
2011-08-05,19.399999618530273,20.959999084472656,19.030000686645508,19.969999313354492,17.102622985839844,18065,0.0,0.0
2011-08-08,19.0,20.0,19.0,20.0,17.128313064575195,6275,0.0,0.0
2011-08-09,19.0,19.399999618530273,19.0,19.0,16.271896362304688,5625,0.0,0.0
2011-08-10,19.889999389648438,19.889999389648438,18.799999237060547,18.809999465942383,16.10917854309082,2465,0.0,0.0
2011-08-11,18.799999237060547,19.600000381469727,18.309999465942383,19.59000015258789,16.777185440063477,3380,0.0,0.0
2011-08-12,19.59000015258789,19.59000015258789,19.59000015258789,19.59000015258789,16.777185440063477,0,0.0,0.0
2011-08-16,18.799999237060547,18.809999465942383,18.610000610351562,18.610000610351562,15.937898635864258,1050,0.0,0.0
2011-08-17,17.790000915527344,18.700000762939453,17.790000915527344,18.600000381469727,15.92933177947998,2505,0.0,0.0
2011-08-18,18.219999313354492,18.3700008392334,17.670000076293945,17.670000076293945,15.132866859436035,2400,0.0,0.0
2011-08-19,17.020000457763672,18.399999618530273,16.84000015258789,17.200000762939453,14.730351448059082,3930,0.0,0.0
2011-08-22,16.6200008392334,17.799999237060547,16.360000610351562,17.360000610351562,14.867378234863281,25610,0.0,0.0
2011-08-23,16.56999969482422,18.06999969482422,16.56999969482422,18.049999237060547,15.458304405212402,5390,0.0,0.0
2011-08-24,18.3799991607666,18.3799991607666,17.209999084472656,18.360000610351562,15.723793029785156,3000,0.0,0.0
2011-08-25,17.610000610351562,18.389999389648438,17.600000381469727,17.600000381469727,15.072916984558105,7810,0.0,0.0
2011-08-26,17.0,17.200000762939453,16.649999618530273,17.040000915527344,14.932703971862793,13230,0.4,0.0
2011-08-29,17.0,17.760000228881836,17.0,17.760000228881836,15.563661575317383,865,0.0,0.0
2011-08-30,17.899999618530273,18.299999237060547,17.239999771118164,17.610000610351562,15.432211875915527,6375,0.0,0.0
2011-09-02,17.459999084472656,18.0,17.020000457763672,17.610000610351562,15.432211875915527,7065,0.0,0.0
2011-09-05,16.860000610351562,18.399999618530273,16.729999542236328,18.290000915527344,16.028120040893555,9355,0.0,0.0
2011-09-06,17.899999618530273,18.790000915527344,17.610000610351562,18.43000030517578,16.150806427001953,5575,0.0,0.0
2011-09-07,18.0,18.0,17.850000381469727,17.950000762939453,15.730167388916016,73300,0.0,0.0
2011-09-08,18.280000686645508,18.299999237060547,17.610000610351562,18.139999389648438,15.896666526794434,14975,0.0,0.0
2011-09-09,18.239999771118164,19.399999618530273,18.100000381469727,19.389999389648438,16.992082595825195,16985,0.0,0.0
2011-09-12,19.399999618530273,19.600000381469727,18.6299991607666,18.899999618530273,16.562681198120117,35445,0.0,0.0
2011-09-13,19.950000762939453,19.950000762939453,18.920000076293945,19.479999542236328,17.070953369140625,22040,0.0,0.0
2011-09-14,19.1200008392334,19.15999984741211,17.540000915527344,18.809999465942383,16.483808517456055,12325,0.0,0.0
2011-09-15,18.049999237060547,18.899999618530273,18.010000228881836,18.540000915527344,16.247201919555664,9510,0.0,0.0
2011-09-16,18.399999618530273,19.100000381469727,18.100000381469727,18.270000457763672,16.010589599609375,32430,0.0,0.0
2011-09-19,17.84000015258789,19.200000762939453,17.600000381469727,18.489999771118164,16.20338249206543,34150,0.0,0.0
2011-09-20,18.639999389648438,18.860000610351562,18.079999923706055,18.43000030517578,16.150806427001953,15190,0.0,0.0
2011-09-21,18.709999084472656,19.0,18.399999618530273,18.90999984741211,16.571443557739258,11640,0.0,0.0
2011-09-22,18.520000457763672,20.59000015258789,18.190000534057617,19.18000030517578,16.80805206298828,31210,0.0,0.0
2011-09-23,19.100000381469727,19.100000381469727,17.399999618530273,18.18000030517578,15.931719779968262,13815,0.0,0.0
2011-09-26,17.799999237060547,18.579999923706055,17.420000076293945,18.40999984741211,16.133277893066406,10535,0.0,0.0
2011-09-27,18.899999618530273,18.899999618530273,18.010000228881836,18.030000686645508,15.800270080566406,4870,0.0,0.0
2011-09-28,18.459999084472656,19.299999237060547,18.25,18.6200008392334,16.31730842590332,17020,0.0,0.0
2011-09-29,18.399999618530273,19.100000381469727,18.260000228881836,18.809999465942383,16.483808517456055,14830,0.0,0.0
2011-09-30,18.399999618530273,19.200000762939453,17.739999771118164,18.450000762939453,16.1683349609375,8165,0.0,0.0
2011-10-03,18.0,18.760000228881836,17.420000076293945,18.760000228881836,16.439992904663086,16785,0.0,0.0
2011-10-04,18.200000762939453,18.540000915527344,17.450000762939453,17.5,15.335816383361816,9910,0.0,0.0
2011-10-05,17.6299991607666,18.1299991607666,17.6200008392334,17.8700008392334,15.660058975219727,7380,0.0,0.0
2011-10-07,17.600000381469727,17.8700008392334,17.31999969482422,17.489999771118164,15.327051162719727,4020,0.0,0.0
2011-10-10,17.260000228881836,18.399999618530273,17.0,17.81999969482422,15.616242408752441,75020,0.0,0.0
2011-10-11,18.200000762939453,19.0,18.149999618530273,18.579999923706055,16.282255172729492,16640,0.0,0.0
2011-10-12,18.799999237060547,18.899999618530273,18.40999984741211,18.799999237060547,16.475048065185547,12750,0.0,0.0
2011-10-13,18.799999237060547,19.149999618530273,18.469999313354492,18.940000534057617,16.597734451293945,25885,0.0,0.0
2011-10-14,18.600000381469727,19.0,17.719999313354492,18.420000076293945,16.14204216003418,9490,0.0,0.0
2011-10-17,18.600000381469727,18.700000762939453,17.709999084472656,17.850000381469727,15.642534255981445,14150,0.0,0.0
2011-10-18,17.799999237060547,18.200000762939453,17.40999984741211,17.540000915527344,15.370868682861328,40870,0.0,0.0
2011-10-19,18.18000030517578,18.18000030517578,17.510000228881836,17.520000457763672,15.353342056274414,5015,0.0,0.0
2011-10-20,18.399999618530273,18.399999618530273,17.299999237060547,18.350000381469727,16.08069610595703,20980,0.0,0.0
2011-10-21,18.010000228881836,20.0,18.0,19.600000381469727,17.176115036010742,124130,0.0,0.0
2011-10-24,19.399999618530273,19.610000610351562,19.260000228881836,19.34000015258789,16.94826889038086,28920,0.0,0.0
2011-10-25,19.540000915527344,19.540000915527344,18.219999313354492,18.690000534057617,16.378650665283203,31520,0.0,0.0
2011-10-28,18.399999618530273,18.700000762939453,18.209999084472656,18.290000915527344,16.028120040893555,33685,0.0,0.0
2011-10-31,18.399999618530273,18.399999618530273,17.600000381469727,17.989999771118164,15.765216827392578,11085,0.0,0.0
2011-11-01,18.030000686645508,18.040000915527344,17.829999923706055,18.020000457763672,15.791511535644531,29775,0.0,0.0
2011-11-02,17.809999465942383,18.09000015258789,17.809999465942383,17.989999771118164,15.765216827392578,25205,0.0,0.0
2011-11-03,18.0,18.940000534057617,17.920000076293945,18.020000457763672,15.791511535644531,12705,0.0,0.0
2011-11-04,17.799999237060547,18.0,17.6200008392334,17.719999313354492,15.528608322143555,6050,0.0,0.0
2011-11-08,18.0,18.5,17.809999465942383,18.030000686645508,15.800270080566406,3500,0.0,0.0
2011-11-09,18.190000534057617,18.190000534057617,18.190000534057617,18.190000534057617,15.940486907958984,2500,0.0,0.0
2011-11-11,18.899999618530273,19.079999923706055,17.200000762939453,17.5,15.335816383361816,26455,0.0,0.0
2011-11-14,17.219999313354492,18.170000076293945,17.219999313354492,17.610000610351562,15.432211875915527,17645,0.0,0.0
2011-11-15,17.399999618530273,18.479999542236328,17.1299991607666,17.540000915527344,15.370868682861328,58650,0.0,0.0
2011-11-16,17.969999313354492,17.969999313354492,17.25,17.350000381469727,15.204365730285645,15425,0.0,0.0
2011-11-17,16.799999237060547,17.600000381469727,16.600000381469727,17.0,14.897648811340332,31095,0.0,0.0
2011-11-18,16.219999313354492,17.709999084472656,15.600000381469727,15.970000267028809,13.995027542114258,85085,0.0,0.0
2011-11-21,16.399999618530273,17.979999542236328,16.399999618530273,17.079999923706055,14.967756271362305,82560,0.0,0.0
2011-11-22,16.6200008392334,17.010000228881836,16.010000228881836,16.299999237060547,14.284215927124023,30745,0.0,0.0
2011-11-23,16.770000457763672,17.399999618530273,15.720000267028809,15.970000267028809,13.995027542114258,56400,0.0,0.0
2011-11-24,16.020000457763672,16.299999237060547,15.800000190734863,15.859999656677246,13.898630142211914,14130,0.0,0.0
2011-11-25,16.200000762939453,16.200000762939453,15.800000190734863,15.800000190734863,13.846051216125488,8210,0.0,0.0
2011-11-28,16.0,16.399999618530273,16.0,16.0,14.021317481994629,2320,0.0,0.0
2011-11-29,15.600000381469727,16.399999618530273,15.600000381469727,15.609999656677246,13.679549217224121,17540,0.0,0.0
2011-11-30,15.600000381469727,15.600000381469727,15.600000381469727,15.600000381469727,13.670784950256348,820,0.0,0.0
2011-12-01,16.049999237060547,16.360000610351562,15.600000381469727,15.739999771118164,13.793471336364746,6000,0.0,0.0
2011-12-02,15.9399995803833,16.0,15.800000190734863,15.90999984741211,13.942447662353516,10035,0.0,0.0
2011-12-05,16.280000686645508,16.280000686645508,15.800000190734863,15.989999771118164,14.012554168701172,14715,0.0,0.0
2011-12-07,17.299999237060547,17.299999237060547,15.8100004196167,16.270000457763672,14.257927894592285,23010,0.0,0.0
2011-12-08,15.859999656677246,15.859999656677246,15.859999656677246,15.859999656677246,13.898630142211914,250,0.0,0.0
2011-12-09,15.399999618530273,15.979999542236328,15.399999618530273,15.899999618530273,13.933683395385742,575,0.0,0.0
2011-12-12,15.420000076293945,16.0,15.420000076293945,15.880000114440918,13.916159629821777,2795,0.0,0.0
2011-12-13,15.399999618530273,15.800000190734863,15.069999694824219,15.800000190734863,13.846051216125488,2305,0.0,0.0
2011-12-14,15.600000381469727,16.0,15.5,15.5,13.583151817321777,3755,0.0,0.0
2011-12-15,15.210000038146973,15.930000305175781,15.010000228881836,15.739999771118164,13.793471336364746,3180,0.0,0.0
2011-12-16,15.399999618530273,15.789999961853027,14.960000038146973,15.140000343322754,13.267671585083008,4145,0.0,0.0
2011-12-19,14.800000190734863,15.300000190734863,14.300000190734863,15.199999809265137,13.320250511169434,5790,0.0,0.0
2011-12-20,16.100000381469727,16.100000381469727,14.100000381469727,14.279999732971191,12.514025688171387,3550,0.0,0.0
2011-12-21,14.5,14.600000381469727,14.199999809265137,14.600000381469727,12.794452667236328,650,0.0,0.0
2011-12-22,14.600000381469727,15.0,14.34000015258789,14.84000015258789,13.00477123260498,1650,0.0,0.0
2011-12-23,14.260000228881836,14.800000190734863,13.899999618530273,14.399999618530273,12.619184494018555,4345,0.0,0.0
2011-12-26,14.210000038146973,14.25,14.010000228881836,14.130000114440918,12.382575988769531,5415,0.0,0.0
2011-12-27,14.270000457763672,14.430000305175781,14.109999656677246,14.279999732971191,12.514025688171387,1010,0.0,0.0
2011-12-28,14.0,14.800000190734863,14.0,14.390000343322754,12.61042308807373,8045,0.0,0.0
2011-12-29,14.390000343322754,15.100000381469727,14.119999885559082,14.800000190734863,12.969718933105469,15505,0.0,0.0
2011-12-30,14.489999771118164,15.1899995803833,14.199999809265137,14.720000267028809,12.899612426757812,46110,0.0,0.0
2012-01-02,15.039999961853027,15.979999542236328,15.0,15.119999885559082,13.25014591217041,45280,0.0,0.0
2012-01-03,14.989999771118164,14.989999771118164,14.5600004196167,14.779999732971191,12.952193260192871,32135,0.0,0.0
2012-01-04,15.09000015258789,17.399999618530273,14.699999809265137,16.239999771118164,14.231637954711914,149805,0.0,0.0
2012-01-05,17.0,17.0,16.0,16.09000015258789,14.100186347961426,272825,0.0,0.0
2012-01-06,16.299999237060547,16.899999618530273,15.619999885559082,16.200000762939453,14.196584701538086,170725,0.0,0.0
2012-01-09,16.399999618530273,16.59000015258789,16.280000686645508,16.34000015258789,14.3192720413208,9510,0.0,0.0
2012-01-10,16.479999542236328,16.719999313354492,16.299999237060547,16.649999618530273,14.590933799743652,56160,0.0,0.0
2012-01-11,16.899999618530273,16.899999618530273,16.399999618530273,16.43000030517578,14.398139953613281,760,0.0,0.0
2012-01-12,16.010000228881836,16.5,16.0,16.399999618530273,14.371849060058594,7670,0.0,0.0
2012-01-13,16.8799991607666,16.8799991607666,16.209999084472656,16.209999084472656,14.205348014831543,15,0.0,0.0
2012-01-16,16.100000381469727,16.100000381469727,15.640000343322754,16.0,14.021317481994629,4320,0.0,0.0
2012-01-17,16.350000381469727,16.350000381469727,16.059999465942383,16.100000381469727,14.108951568603516,56100,0.0,0.0
2012-01-18,16.559999465942383,16.559999465942383,16.200000762939453,16.229999542236328,14.222872734069824,1180,0.0,0.0
2012-01-19,16.200000762939453,16.200000762939453,15.729999542236328,15.880000114440918,13.916159629821777,700,0.0,0.0
2012-01-20,15.800000190734863,15.979999542236328,15.600000381469727,15.609999656677246,13.679549217224121,3610,0.0,0.0
2012-01-23,15.5,16.0,15.5,15.970000267028809,13.995027542114258,940,0.0,0.0
2012-01-24,15.920000076293945,16.0,15.920000076293945,15.989999771118164,14.012554168701172,860,0.0,0.0
2012-01-25,16.0,16.399999618530273,15.199999809265137,15.609999656677246,13.679549217224121,6180,0.0,0.0
2012-01-27,15.399999618530273,16.0,15.100000381469727,15.5,13.583151817321777,410,0.0,0.0
2012-01-30,15.399999618530273,16.15999984741211,15.399999618530273,15.720000267028809,13.775944709777832,1820,0.0,0.0
2012-01-31,15.0,18.6200008392334,15.0,17.530000686645508,15.362106323242188,138010,0.0,0.0
2012-02-01,17.649999618530273,18.200000762939453,17.31999969482422,17.65999984741211,15.476027488708496,43920,0.0,0.0
2012-02-02,17.700000762939453,17.799999237060547,17.299999237060547,17.350000381469727,15.204365730285645,13115,0.0,0.0
2012-02-03,17.0,17.399999618530273,16.809999465942383,17.020000457763672,14.915178298950195,22925,0.0,0.0
2012-02-06,16.079999923706055,18.200000762939453,16.079999923706055,17.579999923706055,15.405922889709473,18530,0.0,0.0
2012-02-07,16.209999084472656,17.729999542236328,16.209999084472656,17.450000762939453,15.291999816894531,171310,0.0,0.0
2012-02-08,16.06999969482422,17.600000381469727,16.06999969482422,17.3799991607666,15.230655670166016,10265,0.0,0.0
2012-02-09,17.40999984741211,17.760000228881836,17.299999237060547,17.299999237060547,15.160545349121094,9480,0.0,0.0
2012-02-10,16.420000076293945,17.899999618530273,16.420000076293945,17.549999237060547,15.379630088806152,8990,0.0,0.0
2012-02-13,16.81999969482422,19.5,16.81999969482422,19.329999923706055,16.939502716064453,175465,0.0,0.0
2012-02-14,19.600000381469727,19.600000381469727,18.479999542236328,19.1200008392334,16.755475997924805,601415,0.0,0.0
2012-02-15,18.420000076293945,19.479999542236328,18.399999618530273,18.510000228881836,16.220911026000977,119190,0.0,0.0
2012-02-16,18.209999084472656,18.940000534057617,17.700000762939453,18.049999237060547,15.817795753479004,40740,0.0,0.0
2012-02-17,17.010000228881836,19.299999237060547,17.010000228881836,17.920000076293945,15.703876495361328,230345,0.0,0.0
2012-02-21,17.100000381469727,18.399999618530273,17.100000381469727,17.989999771118164,15.765216827392578,13430,0.0,0.0
2012-02-22,17.100000381469727,18.200000762939453,16.700000762939453,16.8799991607666,14.792489051818848,41005,0.0,0.0
2012-02-23,15.229999542236328,17.200000762939453,15.229999542236328,16.989999771118164,14.888886451721191,17670,0.0,0.0
2012-02-24,16.229999542236328,18.399999618530273,16.229999542236328,17.75,15.554898262023926,291725,0.0,0.0
2012-02-27,17.799999237060547,18.600000381469727,17.15999984741211,17.68000030517578,15.49355697631836,46935,0.0,0.0
2012-02-28,17.1200008392334,18.3799991607666,17.010000228881836,18.110000610351562,15.870381355285645,34445,0.0,0.0
2012-02-29,17.049999237060547,19.149999618530273,17.049999237060547,18.209999084472656,15.958009719848633,70910,0.0,0.0
2012-03-01,17.700000762939453,18.729999542236328,17.549999237060547,17.75,15.554898262023926,27575,0.0,0.0
2012-03-02,16.899999618530273,18.020000457763672,16.899999618530273,17.700000762939453,15.511082649230957,6635,0.0,0.0
2012-03-05,17.010000228881836,17.790000915527344,17.010000228881836,17.239999771118164,15.107970237731934,14790,0.0,0.0
2012-03-06,16.25,17.3700008392334,16.25,17.170000076293945,15.046626091003418,5990,0.0,0.0
2012-03-07,17.100000381469727,18.979999542236328,17.040000915527344,17.18000030517578,15.055389404296875,7950,0.0,0.0
2012-03-09,16.260000228881836,18.0,16.260000228881836,17.440000534057617,15.283235549926758,20060,0.0,0.0
2012-03-12,17.010000228881836,18.350000381469727,17.010000228881836,17.440000534057617,15.283235549926758,14180,0.0,0.0
2012-03-13,16.6200008392334,17.520000457763672,16.530000686645508,16.90999984741211,14.818778991699219,43825,0.0,0.0
2012-03-14,16.299999237060547,17.579999923706055,16.299999237060547,17.170000076293945,15.046626091003418,6750,0.0,0.0
2012-03-15,16.420000076293945,17.200000762939453,16.420000076293945,17.149999618530273,15.029097557067871,4340,0.0,0.0
2012-03-16,16.43000030517578,17.399999618530273,16.43000030517578,16.989999771118164,14.888886451721191,16975,0.0,0.0
2012-03-19,16.25,17.079999923706055,16.25,16.700000762939453,14.634750366210938,76605,0.0,0.0
2012-03-20,16.31999969482422,16.799999237060547,16.31999969482422,16.43000030517578,14.398139953613281,26300,0.0,0.0
2012-03-21,16.420000076293945,16.799999237060547,16.420000076293945,16.760000228881836,14.68733024597168,2560,0.0,0.0
2012-03-22,16.40999984741211,16.600000381469727,16.100000381469727,16.290000915527344,14.2754545211792,10005,0.0,0.0
2012-03-23,15.800000190734863,16.600000381469727,15.670000076293945,16.100000381469727,14.108951568603516,54860,0.0,0.0
2012-03-26,15.479999542236328,17.190000534057617,15.479999542236328,16.489999771118164,14.45072078704834,66050,0.0,0.0
2012-03-27,15.800000190734863,16.65999984741211,15.800000190734863,16.200000762939453,14.196584701538086,3215,0.0,0.0
2012-03-28,15.800000190734863,16.469999313354492,15.779999732971191,16.100000381469727,14.108951568603516,541615,0.0,0.0
2012-03-29,14.829999923706055,16.389999389648438,14.829999923706055,16.030000686645508,14.047608375549316,1585,0.0,0.0
2012-03-30,15.699999809265137,18.520000457763672,15.600000381469727,17.790000915527344,15.58995532989502,47750,0.0,0.0
2012-04-02,17.079999923706055,17.59000015258789,17.0,17.1200008392334,15.00281047821045,10330,0.0,0.0
2012-04-03,16.6200008392334,17.399999618530273,16.6200008392334,16.90999984741211,14.818778991699219,2830,0.0,0.0
2012-04-04,18.3799991607666,18.799999237060547,16.600000381469727,17.0,14.897648811340332,14060,0.0,0.0
2012-04-09,17.020000457763672,17.719999313354492,16.84000015258789,16.889999389648438,14.801253318786621,40055,0.0,0.0
2012-04-10,16.600000381469727,17.190000534057617,16.600000381469727,17.190000534057617,15.064155578613281,1685,0.0,0.0
2012-04-11,16.5,17.790000915527344,16.399999618530273,16.610000610351562,14.555880546569824,30545,0.0,0.0
2012-04-12,16.399999618530273,17.100000381469727,16.399999618530273,16.84000015258789,14.75743579864502,514785,0.0,0.0
2012-04-13,16.399999618530273,16.959999084472656,16.399999618530273,16.799999237060547,14.722383499145508,117800,0.0,0.0
2012-04-16,16.600000381469727,17.190000534057617,16.559999465942383,17.0,14.897648811340332,153930,0.0,0.0
2012-04-17,16.799999237060547,17.899999618530273,16.68000030517578,16.8700008392334,14.783726692199707,14755,0.0,0.0
2012-04-18,16.329999923706055,16.8799991607666,16.329999923706055,16.670000076293945,14.608460426330566,2140,0.0,0.0
2012-04-19,16.579999923706055,16.799999237060547,16.31999969482422,16.420000076293945,14.389376640319824,18120,0.0,0.0
2012-04-20,16.3799991607666,17.200000762939453,16.270000457763672,17.030000686645508,14.92393970489502,56395,0.0,0.0
2012-04-23,17.399999618530273,18.200000762939453,16.639999389648438,16.979999542236328,14.880121231079102,150460,0.0,0.0
2012-04-24,16.6200008392334,17.049999237060547,16.600000381469727,16.68000030517578,14.617223739624023,24640,0.0,0.0
2012-04-25,16.579999923706055,17.0,16.260000228881836,16.360000610351562,14.336797714233398,4485,0.0,0.0
2012-04-26,16.200000762939453,16.719999313354492,16.200000762939453,16.479999542236328,14.441956520080566,15525,0.0,0.0
2012-04-27,16.200000762939453,16.760000228881836,16.040000915527344,16.110000610351562,14.117713928222656,18255,0.0,0.0
2012-04-30,15.800000190734863,16.440000534057617,15.800000190734863,16.420000076293945,14.389376640319824,3370,0.0,0.0
2012-05-02,16.0,16.360000610351562,16.0,16.100000381469727,14.108951568603516,3200,0.0,0.0
2012-05-03,16.0,16.360000610351562,15.84000015258789,16.09000015258789,14.100186347961426,18730,0.0,0.0
2012-05-04,15.899999618530273,15.899999618530273,15.460000038146973,15.579999923706055,13.653258323669434,9230,0.0,0.0
2012-05-07,15.399999618530273,16.0,15.25,15.979999542236328,14.003788948059082,30280,0.0,0.0
2012-05-08,16.799999237060547,16.799999237060547,15.739999771118164,15.899999618530273,13.933683395385742,3355,0.0,0.0
2012-05-09,15.699999809265137,15.960000038146973,15.609999656677246,15.859999656677246,13.898630142211914,905,0.0,0.0
2012-05-10,15.600000381469727,16.1200008392334,15.600000381469727,15.90999984741211,13.942447662353516,9960,0.0,0.0
2012-05-11,15.539999961853027,16.389999389648438,15.510000228881836,16.329999923706055,14.310506820678711,12100,0.0,0.0
2012-05-14,16.0,16.0,15.800000190734863,15.800000190734863,13.846051216125488,4340,0.0,0.0
2012-05-15,15.600000381469727,15.800000190734863,15.399999618530273,15.670000076293945,13.732128143310547,8335,0.0,0.0
2012-05-16,15.600000381469727,15.859999656677246,15.220000267028809,15.760000228881836,13.81099796295166,1915,0.0,0.0
2012-05-17,15.600000381469727,15.970000267028809,15.420000076293945,15.899999618530273,13.933683395385742,2565,0.0,0.0
2012-05-18,15.600000381469727,15.970000267028809,15.350000381469727,15.850000381469727,13.88986873626709,3100,0.0,0.0
2012-05-21,15.619999885559082,16.0,15.619999885559082,15.989999771118164,14.012554168701172,14680,0.0,0.0
2012-05-22,15.800000190734863,15.869999885559082,15.529999732971191,15.65999984741211,13.723363876342773,4455,0.0,0.0
2012-05-23,16.579999923706055,16.579999923706055,15.270000457763672,15.539999961853027,13.618204116821289,1460,0.0,0.0
2012-05-24,16.18000030517578,16.18000030517578,15.510000228881836,15.949999809265137,13.977500915527344,2650,0.0,0.0
2012-05-25,15.600000381469727,15.9399995803833,15.0,15.710000038146973,13.767179489135742,28045,0.0,0.0
2012-05-28,15.859999656677246,16.59000015258789,15.260000228881836,16.079999923706055,14.091423034667969,18380,0.0,0.0
2012-05-29,17.0,17.0,15.5,15.510000228881836,13.591915130615234,15260,0.0,0.0
2012-05-30,16.09000015258789,16.09000015258789,15.3100004196167,15.3100004196167,13.41664981842041,985,0.0,0.0
2012-05-31,15.399999618530273,15.800000190734863,15.34000015258789,15.40999984741211,13.504280090332031,11370,0.0,0.0
2012-06-01,15.180000305175781,15.300000190734863,15.119999885559082,15.239999771118164,13.355304718017578,1660,0.0,0.0
2012-06-04,15.729999542236328,15.729999542236328,15.010000228881836,15.260000228881836,13.372831344604492,350,0.0,0.0
2012-06-05,15.399999618530273,15.399999618530273,15.25,15.25,13.364068031311035,260,0.0,0.0
2012-06-06,15.600000381469727,15.699999809265137,15.399999618530273,15.460000038146973,13.548097610473633,2540,0.0,0.0
2012-06-07,15.479999542236328,15.529999732971191,15.399999618530273,15.479999542236328,13.565624237060547,5905,0.0,0.0
2012-06-08,15.59000015258789,15.59000015258789,15.350000381469727,15.510000228881836,13.591915130615234,1790,0.0,0.0
2012-06-11,16.110000610351562,16.170000076293945,15.619999885559082,15.619999885559082,13.688311576843262,220,0.0,0.0
2012-06-12,15.460000038146973,15.739999771118164,15.15999984741211,15.680000305175781,13.740890502929688,10905,0.0,0.0
2012-06-13,15.770000457763672,15.770000457763672,15.399999618530273,15.399999618530273,13.49551773071289,4405,0.0,0.0
2012-06-14,15.34000015258789,15.34000015258789,15.34000015258789,15.34000015258789,13.442937850952148,5,0.0,0.0
2012-06-15,15.199999809265137,15.579999923706055,15.079999923706055,15.399999618530273,13.49551773071289,1535,0.0,0.0
2012-06-18,15.239999771118164,15.239999771118164,14.680000305175781,15.039999961853027,13.180038452148438,10665,0.0,0.0
2012-06-19,14.850000381469727,15.539999961853027,14.819999694824219,15.109999656677246,13.241381645202637,895,0.0,0.0
2012-06-20,14.989999771118164,15.100000381469727,14.75,14.880000114440918,13.039826393127441,22745,0.0,0.0
2012-06-21,14.8100004196167,15.359999656677246,14.800000190734863,15.350000381469727,13.451702117919922,2500,0.0,0.0
2012-06-22,15.010000228881836,15.359999656677246,15.010000228881836,15.199999809265137,13.320250511169434,7860,0.0,0.0
2012-06-25,15.199999809265137,15.449999809265137,15.199999809265137,15.449999809265137,13.539334297180176,235,0.0,0.0
2012-06-26,15.300000190734863,15.460000038146973,14.819999694824219,15.069999694824219,13.206328392028809,9945,0.0,0.0
2012-06-27,15.0,15.100000381469727,14.859999656677246,15.100000381469727,13.23261833190918,925,0.0,0.0
2012-06-28,14.920000076293945,15.979999542236328,14.920000076293945,15.59000015258789,13.662020683288574,8260,0.0,0.0
2012-06-29,15.460000038146973,15.460000038146973,15.140000343322754,15.319999694824219,13.425411224365234,6285,0.0,0.0
2012-07-02,16.100000381469727,16.100000381469727,15.279999732971191,15.420000076293945,13.513045310974121,3655,0.0,0.0
2012-07-03,15.420000076293945,15.800000190734863,15.210000038146973,15.279999732971191,13.390358924865723,4480,0.0,0.0
2012-07-04,15.5,15.5,15.119999885559082,15.130000114440918,13.25890827178955,2000,0.0,0.0
2012-07-05,15.020000457763672,15.75,15.020000457763672,15.649999618530273,13.714600563049316,5720,0.0,0.0
2012-07-06,15.399999618530273,15.670000076293945,15.140000343322754,15.65999984741211,13.723363876342773,10810,0.0,0.0
2012-07-09,15.399999618530273,15.399999618530273,14.9399995803833,14.979999542236328,13.127456665039062,12665,0.0,0.0
2012-07-10,15.039999961853027,15.899999618530273,15.039999961853027,15.65999984741211,13.723363876342773,18145,0.0,0.0
2012-07-11,15.880000114440918,16.0,15.449999809265137,15.5600004196167,13.63573169708252,17365,0.0,0.0
2012-07-12,15.359999656677246,16.0,15.279999732971191,15.300000190734863,13.40788459777832,52465,0.0,0.0
2012-07-13,16.0,16.0,15.300000190734863,15.369999885559082,13.46922779083252,5145,0.0,0.0
2012-07-16,15.40999984741211,15.609999656677246,15.050000190734863,15.15999984741211,13.285197257995605,11110,0.0,0.0
2012-07-17,15.34000015258789,16.760000228881836,15.300000190734863,16.079999923706055,14.091423034667969,85780,0.0,0.0
2012-07-18,16.0,16.0,15.239999771118164,15.380000114440918,13.477991104125977,15175,0.0,0.0
2012-07-19,15.760000228881836,15.760000228881836,14.600000381469727,14.859999656677246,13.022297859191895,85735,0.0,0.0
2012-07-20,14.9399995803833,15.630000114440918,14.800000190734863,15.0600004196167,13.197566032409668,86690,0.0,0.0
2012-07-23,15.170000076293945,15.170000076293945,14.680000305175781,14.800000190734863,12.969718933105469,8810,0.0,0.0
2012-07-24,14.930000305175781,15.0,14.710000038146973,14.920000076293945,13.074878692626953,10745,0.0,0.0
2012-07-25,14.600000381469727,16.18000030517578,14.4399995803833,14.819999694824219,12.987245559692383,329260,0.0,0.0
2012-07-26,14.710000038146973,15.039999961853027,14.600000381469727,14.739999771118164,12.91713809967041,29950,0.0,0.0
2012-07-27,14.699999809265137,14.850000381469727,14.600000381469727,14.600000381469727,12.794452667236328,11600,0.0,0.0
2012-07-30,14.539999961853027,14.84000015258789,14.399999618530273,14.420000076293945,12.636713027954102,13030,0.0,0.0
2012-07-31,14.199999809265137,14.210000038146973,13.960000038146973,14.050000190734863,12.312469482421875,39480,0.0,0.0
2012-08-01,14.479999542236328,14.479999542236328,13.600000381469727,13.989999771118164,12.259889602661133,28555,0.0,0.0
2012-08-02,13.800000190734863,13.8100004196167,13.510000228881836,13.6899995803833,11.996989250183105,20375,0.0,0.0
2012-08-03,13.619999885559082,13.850000381469727,13.210000038146973,13.710000038146973,12.014516830444336,16795,0.0,0.0
2012-08-06,14.0,14.100000381469727,13.84000015258789,13.890000343322754,12.172257423400879,9145,0.0,0.0
2012-08-07,13.739999771118164,13.800000190734863,13.5,13.510000228881836,11.839248657226562,4310,0.0,0.0
2012-08-08,13.770000457763672,13.770000457763672,13.510000228881836,13.569999694824219,11.891830444335938,6170,0.0,0.0
2012-08-09,13.579999923706055,13.720000267028809,13.5,13.539999961853027,11.86553955078125,6665,0.0,0.0
2012-08-10,13.600000381469727,13.600000381469727,13.270000457763672,13.300000190734863,11.655220031738281,3065,0.0,0.0
2012-08-13,13.199999809265137,14.800000190734863,13.199999809265137,14.539999961853027,12.74187183380127,103295,0.0,0.0
2012-08-14,14.0,15.0,13.8100004196167,14.420000076293945,12.636713027954102,34480,0.0,0.0
2012-08-16,14.380000114440918,14.399999618530273,13.890000343322754,14.239999771118164,12.478971481323242,6535,0.0,0.0
2012-08-17,14.0,14.380000114440918,13.90999984741211,13.960000038146973,12.233600616455078,10160,0.0,0.0
2012-08-21,13.90999984741211,13.90999984741211,13.279999732971191,13.579999923706055,11.900594711303711,450995,0.0,0.0
2012-08-22,13.420000076293945,13.739999771118164,13.399999618530273,13.600000381469727,11.918120384216309,6690,0.0,0.0
2012-08-23,13.510000228881836,13.949999809265137,13.40999984741211,13.5600004196167,11.88306713104248,19175,0.0,0.0
2012-08-24,13.40999984741211,13.710000038146973,13.40999984741211,13.59000015258789,11.909357070922852,16055,0.0,0.0
2012-08-27,13.710000038146973,13.75,13.420000076293945,13.479999542236328,11.812958717346191,10780,0.0,0.0
2012-08-28,13.260000228881836,13.510000228881836,13.0600004196167,13.079999923706055,11.723331451416016,29675,0.3,0.0
2012-08-29,13.050000190734863,13.180000305175781,12.979999542236328,12.979999542236328,11.63370418548584,63075,0.0,0.0
2012-08-30,13.010000228881836,13.100000381469727,12.399999618530273,12.979999542236328,11.63370418548584,7255,0.0,0.0
2012-08-31,12.800000190734863,12.880000114440918,12.619999885559082,12.739999771118164,11.418595314025879,17665,0.0,0.0
2012-09-03,12.630000114440918,12.649999618530273,12.5,12.600000381469727,11.29311752319336,3110,0.0,0.0
2012-09-04,12.399999618530273,12.609999656677246,12.0600004196167,12.5600004196167,11.2572660446167,3615,0.0,0.0
2012-09-05,12.5,12.5,12.199999809265137,12.390000343322754,11.104900360107422,2915,0.0,0.0
2012-09-06,12.359999656677246,12.359999656677246,11.5600004196167,11.680000305175781,10.468541145324707,22215,0.0,0.0
2012-09-07,11.600000381469727,12.0,11.260000228881836,11.569999694824219,10.369949340820312,19175,0.0,0.0
2012-09-10,11.399999618530273,11.779999732971191,11.199999809265137,11.4399995803833,10.253434181213379,10455,0.0,0.0
2012-09-11,11.600000381469727,11.720000267028809,11.359999656677246,11.550000190734863,10.352025032043457,13100,0.0,0.0
2012-09-12,11.5,11.649999618530273,11.359999656677246,11.5600004196167,10.360987663269043,11020,0.0,0.0
2012-09-13,11.40999984741211,11.640000343322754,11.300000190734863,11.359999656677246,10.181731224060059,18765,0.0,0.0
2012-09-14,11.489999771118164,11.569999694824219,11.239999771118164,11.489999771118164,10.298247337341309,6445,0.0,0.0
2012-09-17,11.779999732971191,11.779999732971191,11.239999771118164,11.369999885559082,10.190695762634277,19400,0.0,0.0
2012-09-18,11.199999809265137,11.569999694824219,11.0,11.279999732971191,10.110028266906738,7770,0.0,0.0
2012-09-20,11.149999618530273,11.220000267028809,11.0,11.09000015258789,9.939735412597656,9270,0.0,0.0
2012-09-21,11.4399995803833,11.4399995803833,11.0,11.130000114440918,9.975586891174316,18495,0.0,0.0
2012-09-24,11.199999809265137,11.390000343322754,11.140000343322754,11.15999984741211,10.002476692199707,14210,0.0,0.0
2012-09-25,11.390000343322754,11.390000343322754,11.140000343322754,11.229999542236328,10.065215110778809,9015,0.0,0.0
2012-09-26,11.020000457763672,11.369999885559082,11.0,11.329999923706055,10.1548433303833,38485,0.0,0.0
2012-09-27,11.199999809265137,11.25,11.0600004196167,11.170000076293945,10.011438369750977,4170,0.0,0.0
2012-09-28,11.470000267028809,11.479999542236328,11.140000343322754,11.170000076293945,10.011438369750977,14000,0.0,0.0
2012-10-01,11.079999923706055,11.289999961853027,11.050000190734863,11.210000038146973,10.047289848327637,2810,0.0,0.0
2012-10-03,11.420000076293945,11.760000228881836,11.380000114440918,11.40999984741211,10.226544380187988,24610,0.0,0.0
2012-10-04,11.529999732971191,11.760000228881836,11.369999885559082,11.40999984741211,10.226544380187988,10335,0.0,0.0
2012-10-05,11.65999984741211,11.65999984741211,11.289999961853027,11.300000190734863,10.127955436706543,9530,0.0,0.0
2012-10-08,11.319999694824219,11.579999923706055,11.279999732971191,11.420000076293945,10.235507011413574,10780,0.0,0.0
2012-10-09,11.600000381469727,11.600000381469727,11.119999885559082,11.3100004196167,10.136917114257812,7255,0.0,0.0
2012-10-10,11.239999771118164,11.399999618530273,11.210000038146973,11.279999732971191,10.110028266906738,10330,0.0,0.0
2012-10-11,11.350000381469727,11.579999923706055,11.180000305175781,11.289999961853027,10.118992805480957,9500,0.0,0.0
2012-10-12,11.970000267028809,11.970000267028809,11.010000228881836,11.140000343322754,9.984551429748535,52940,0.0,0.0
2012-10-15,11.579999923706055,12.970000267028809,11.300000190734863,11.449999809265137,10.262396812438965,26050,0.0,0.0
2012-10-16,11.260000228881836,12.770000457763672,11.260000228881836,11.579999923706055,10.378911018371582,195530,0.0,0.0
2012-10-17,11.600000381469727,11.779999732971191,11.220000267028809,11.279999732971191,10.110028266906738,44900,0.0,0.0
2012-10-18,11.359999656677246,11.380000114440918,11.0,11.0600004196167,9.912847518920898,24050,0.0,0.0
2012-10-19,11.119999885559082,12.5,11.109999656677246,12.09000015258789,10.836015701293945,508575,0.0,0.0
2012-10-22,12.199999809265137,12.800000190734863,11.899999618530273,12.470000267028809,11.17660140991211,364795,0.0,0.0
2012-10-23,12.6899995803833,12.6899995803833,12.029999732971191,12.149999618530273,10.889791488647461,41225,0.0,0.0
2012-10-25,12.210000038146973,12.699999809265137,11.609999656677246,12.350000381469727,11.069049835205078,94840,0.0,0.0
2012-10-29,12.270000457763672,12.399999618530273,11.800000190734863,11.880000114440918,10.647796630859375,13165,0.0,0.0
2012-10-30,12.0,12.069999694824219,11.279999732971191,11.539999961853027,10.343061447143555,34350,0.0,0.0
2012-10-31,11.789999961853027,12.039999961853027,11.5,11.670000076293945,10.459578514099121,19775,0.0,0.0
2012-11-01,11.40999984741211,12.329999923706055,11.40999984741211,11.949999809265137,10.710536003112793,39345,0.0,0.0
2012-11-02,11.920000076293945,12.270000457763672,11.619999885559082,12.170000076293945,10.907716751098633,15465,0.0,0.0
2012-11-05,12.079999923706055,12.600000381469727,11.920000076293945,12.270000457763672,10.997345924377441,91265,0.0,0.0
2012-11-06,12.350000381469727,12.600000381469727,12.140000343322754,12.369999885559082,11.086973190307617,64165,0.0,0.0
2012-11-07,12.369999885559082,12.84000015258789,12.34000015258789,12.670000076293945,11.355857849121094,57930,0.0,0.0
2012-11-08,12.399999618530273,13.479999542236328,12.399999618530273,13.170000076293945,11.803997039794922,183010,0.0,0.0
2012-11-09,12.800000190734863,12.979999542236328,12.050000190734863,12.390000343322754,11.104900360107422,45385,0.0,0.0
2012-11-12,12.399999618530273,13.399999618530273,12.399999618530273,12.920000076293945,11.579926490783691,88875,0.0,0.0
2012-11-15,13.100000381469727,14.0600004196167,12.920000076293945,13.5600004196167,12.153546333312988,117605,0.0,0.0
2012-11-16,13.020000457763672,13.75,13.0,13.0,11.651628494262695,24420,0.0,0.0
2012-11-19,12.800000190734863,13.300000190734863,12.800000190734863,13.149999618530273,11.78607177734375,18305,0.0,0.0
2012-11-20,12.890000343322754,14.90999984741211,12.890000343322754,14.020000457763672,12.565834999084473,1222435,0.0,0.0
2012-11-21,13.8100004196167,14.960000038146973,13.8100004196167,14.649999618530273,13.13049030303955,627460,0.0,0.0
2012-11-22,15.1899995803833,15.1899995803833,14.239999771118164,14.329999923706055,12.843681335449219,130245,0.0,0.0
2012-11-23,14.199999809265137,14.789999961853027,13.680000305175781,13.760000228881836,12.332801818847656,37585,0.0,0.0
2012-11-26,14.770000457763672,14.770000457763672,13.5,13.640000343322754,12.225248336791992,100735,0.0,0.0
2012-11-27,13.479999542236328,14.199999809265137,13.479999542236328,14.010000228881836,12.556872367858887,62230,0.0,0.0
2012-11-29,13.800000190734863,14.779999732971191,13.800000190734863,14.289999961853027,12.807829856872559,103120,0.0,0.0
2012-11-30,14.0,15.199999809265137,14.0,14.489999771118164,12.987086296081543,196515,0.0,0.0
2012-12-03,14.800000190734863,14.800000190734863,13.930000305175781,14.100000381469727,12.637537002563477,68490,0.0,0.0
2012-12-04,13.800000190734863,14.579999923706055,13.800000190734863,14.279999732971191,12.79886531829834,85655,0.0,0.0
2012-12-05,14.739999771118164,15.5600004196167,14.699999809265137,14.850000381469727,13.309746742248535,882795,0.0,0.0
2012-12-06,15.15999984741211,15.15999984741211,14.069999694824219,14.630000114440918,13.112565040588379,116840,0.0,0.0
2012-12-07,14.779999732971191,15.119999885559082,14.220000267028809,14.520000457763672,13.0139741897583,122790,0.0,0.0
2012-12-10,14.600000381469727,14.949999809265137,14.460000038146973,14.640000343322754,13.121528625488281,80860,0.0,0.0
2012-12-11,14.640000343322754,14.930000305175781,14.279999732971191,14.390000343322754,12.89745807647705,46785,0.0,0.0
2012-12-12,14.020000457763672,14.550000190734863,14.0,14.100000381469727,12.637537002563477,24380,0.0,0.0
2012-12-13,13.90999984741211,14.399999618530273,13.119999885559082,13.390000343322754,12.001179695129395,55225,0.0,0.0
2012-12-14,13.239999771118164,13.779999732971191,13.239999771118164,13.380000114440918,11.992215156555176,32315,0.0,0.0
2012-12-17,13.199999809265137,13.789999961853027,13.199999809265137,13.529999732971191,12.126656532287598,26310,0.0,0.0
2012-12-18,13.399999618530273,13.880000114440918,13.399999618530273,13.729999542236328,12.305912017822266,16920,0.0,0.0
2012-12-19,13.869999885559082,14.399999618530273,13.800000190734863,13.829999923706055,12.395540237426758,44225,0.0,0.0
2012-12-20,13.600000381469727,14.09000015258789,13.529999732971191,13.619999885559082,12.20732307434082,9105,0.0,0.0
2012-12-21,13.399999618530273,13.470000267028809,13.199999809265137,13.260000228881836,11.884662628173828,7435,0.0,0.0
2012-12-24,13.0,13.600000381469727,13.0,13.130000114440918,11.768147468566895,19720,0.0,0.0
2012-12-26,13.0,13.489999771118164,13.0,13.180000305175781,11.812959671020508,14670,0.0,0.0
2012-12-27,13.0,13.600000381469727,13.0,13.350000381469727,11.965328216552734,29865,0.0,0.0
2012-12-28,13.199999809265137,13.600000381469727,13.199999809265137,13.420000076293945,12.028067588806152,10600,0.0,0.0
2012-12-31,13.199999809265137,13.569999694824219,13.170000076293945,13.430000305175781,12.037030220031738,18855,0.0,0.0
2013-01-01,13.25,13.880000114440918,13.239999771118164,13.640000343322754,12.225248336791992,42440,0.0,0.0
2013-01-02,13.5,14.539999961853027,13.40999984741211,14.010000228881836,12.556872367858887,230575,0.0,0.0
2013-01-03,14.199999809265137,14.989999771118164,14.199999809265137,14.579999923706055,13.067750930786133,281365,0.0,0.0
2013-01-04,14.579999923706055,14.600000381469727,14.25,14.289999961853027,12.807829856872559,51455,0.0,0.0
2013-01-07,14.199999809265137,14.600000381469727,14.0,14.220000267028809,12.74509048461914,44350,0.0,0.0
2013-01-08,14.100000381469727,14.5,13.800000190734863,14.130000114440918,12.664423942565918,31605,0.0,0.0
2013-01-09,14.119999885559082,14.359999656677246,13.800000190734863,14.020000457763672,12.565834999084473,43060,0.0,0.0
2013-01-10,13.899999618530273,14.0,13.550000190734863,13.600000381469727,12.189397811889648,17500,0.0,0.0
2013-01-11,14.180000305175781,14.180000305175781,13.510000228881836,13.609999656677246,12.198359489440918,28135,0.0,0.0
2013-01-14,13.239999771118164,14.399999618530273,13.239999771118164,14.270000457763672,12.789902687072754,180705,0.0,0.0
2013-01-15,14.399999618530273,14.5,13.859999656677246,14.020000457763672,12.565834999084473,80195,0.0,0.0
2013-01-16,14.170000076293945,14.170000076293945,13.5600004196167,13.609999656677246,12.198359489440918,16320,0.0,0.0
2013-01-17,13.399999618530273,13.729999542236328,13.329999923706055,13.550000190734863,12.144582748413086,25300,0.0,0.0
2013-01-18,13.199999809265137,13.739999771118164,13.199999809265137,13.380000114440918,11.992215156555176,17065,0.0,0.0
2013-01-21,13.300000190734863,13.550000190734863,13.029999732971191,13.180000305175781,11.812959671020508,34810,0.0,0.0
2013-01-22,13.300000190734863,13.609999656677246,13.100000381469727,13.300000190734863,11.920513153076172,17670,0.0,0.0
2013-01-23,13.199999809265137,13.350000381469727,13.109999656677246,13.119999885559082,11.759182929992676,6310,0.0,0.0
2013-01-24,13.0,13.020000457763672,12.199999809265137,12.390000343322754,11.104900360107422,39055,0.0,0.0
2013-01-25,12.300000190734863,12.5,12.010000228881836,12.25,10.97942066192627,32340,0.0,0.0
2013-01-28,12.119999885559082,12.619999885559082,12.039999961853027,12.1899995803833,10.925642967224121,4820,0.0,0.0
2013-01-29,12.180000305175781,12.220000267028809,11.609999656677246,11.779999732971191,10.5581693649292,35085,0.0,0.0
2013-01-30,11.949999809265137,12.0600004196167,11.75,11.960000038146973,10.719499588012695,8820,0.0,0.0
2013-01-31,11.800000190734863,12.300000190734863,11.800000190734863,11.949999809265137,10.710536003112793,8640,0.0,0.0
2013-02-01,11.90999984741211,12.100000381469727,11.8100004196167,11.90999984741211,10.674684524536133,12980,0.0,0.0
2013-02-04,11.800000190734863,12.140000343322754,11.510000228881836,11.609999656677246,10.405801773071289,24405,0.0,0.0
2013-02-05,11.949999809265137,11.949999809265137,11.420000076293945,11.430000305175781,10.244471549987793,7690,0.0,0.0
2013-02-06,11.329999923706055,11.800000190734863,11.329999923706055,11.5,10.307210922241211,15555,0.0,0.0
2013-02-07,11.399999618530273,11.399999618530273,10.880000114440918,10.960000038146973,9.823220252990723,69060,0.0,0.0
2013-02-08,11.079999923706055,11.140000343322754,10.710000038146973,11.069999694824219,9.9218111038208,7980,0.0,0.0
2013-02-11,11.0,11.0,10.90999984741211,11.0,9.8590726852417,5965,0.0,0.0
2013-02-12,10.859999656677246,11.119999885559082,10.859999656677246,10.890000343322754,9.760481834411621,9165,0.0,0.0
2013-02-13,10.819999694824219,11.149999618530273,10.739999771118164,10.779999732971191,9.661888122558594,13965,0.0,0.0
2013-02-14,10.699999809265137,10.84000015258789,10.609999656677246,10.779999732971191,9.661888122558594,14470,0.0,0.0
2013-02-15,10.699999809265137,10.880000114440918,10.609999656677246,10.779999732971191,9.661888122558594,8585,0.0,0.0
2013-02-18,10.699999809265137,10.869999885559082,10.600000381469727,10.850000381469727,9.724629402160645,18330,0.0,0.0
2013-02-19,10.850000381469727,11.319999694824219,10.609999656677246,11.130000114440918,9.975586891174316,18705,0.0,0.0
2013-02-20,11.0,11.180000305175781,10.739999771118164,11.050000190734863,9.903884887695312,22965,0.0,0.0
2013-02-21,11.0,11.220000267028809,10.65999984741211,10.75,9.635001182556152,39650,0.0,0.0
2013-02-22,10.600000381469727,10.800000190734863,10.600000381469727,10.619999885559082,9.518484115600586,24970,0.0,0.0
2013-02-25,10.65999984741211,10.770000457763672,10.5600004196167,10.630000114440918,9.527447700500488,5190,0.0,0.0
2013-02-26,10.4399995803833,10.510000228881836,9.6899995803833,10.109999656677246,9.061382293701172,122245,0.0,0.0
2013-02-27,9.800000190734863,10.600000381469727,9.800000190734863,10.369999885559082,9.294414520263672,4915,0.0,0.0
2013-02-28,10.100000381469727,10.210000038146973,9.640000343322754,10.010000228881836,8.971755027770996,11085,0.0,0.0
2013-03-01,9.899999618530273,10.399999618530273,9.899999618530273,10.300000190734863,9.231675148010254,15815,0.0,0.0
2013-03-04,10.039999961853027,10.100000381469727,9.630000114440918,9.9399995803833,8.909016609191895,9755,0.0,0.0
2013-03-05,9.800000190734863,10.199999809265137,9.630000114440918,10.010000228881836,8.971755027770996,13390,0.0,0.0
2013-03-06,10.0,10.1899995803833,9.920000076293945,10.079999923706055,9.034493446350098,5655,0.0,0.0
2013-03-07,10.069999694824219,10.430000305175781,9.800000190734863,10.199999809265137,9.142047882080078,20525,0.0,0.0
2013-03-08,10.489999771118164,10.5,10.199999809265137,10.220000267028809,9.15997314453125,9895,0.0,0.0
2013-03-11,10.579999923706055,11.699999809265137,10.260000228881836,11.229999542236328,10.065215110778809,153250,0.0,0.0
2013-03-12,11.100000381469727,11.899999618530273,10.850000381469727,11.729999542236328,10.51335334777832,27185,0.0,0.0
2013-03-13,11.800000190734863,12.050000190734863,11.40999984741211,11.930000305175781,10.692612648010254,43635,0.0,0.0
2013-03-14,11.600000381469727,12.100000381469727,11.09000015258789,11.789999961853027,10.567131996154785,8585,0.0,0.0
2013-03-15,11.680000305175781,11.880000114440918,11.270000457763672,11.369999885559082,10.190695762634277,5750,0.0,0.0
2013-03-18,11.369999885559082,12.600000381469727,11.210000038146973,11.90999984741211,10.674684524536133,50370,0.0,0.0
2013-03-19,12.1899995803833,12.1899995803833,11.609999656677246,11.850000381469727,10.620908737182617,9115,0.0,0.0
2013-03-20,12.0,12.079999923706055,11.600000381469727,11.970000267028809,10.728461265563965,35950,0.0,0.0
2013-03-21,11.600000381469727,12.100000381469727,11.470000267028809,11.899999618530273,10.665722846984863,35240,0.0,0.0
2013-03-22,11.729999542236328,12.100000381469727,11.699999809265137,11.819999694824219,10.594019889831543,116955,0.0,0.0
2013-03-25,11.75,12.199999809265137,11.710000038146973,11.970000267028809,10.728461265563965,299545,0.0,0.0
2013-03-26,12.0,12.029999732971191,11.729999542236328,11.989999771118164,10.746386528015137,51300,0.0,0.0
2013-03-28,11.720000267028809,12.270000457763672,11.489999771118164,12.0,10.755351066589355,20790,0.0,0.0
2013-04-01,12.0,12.199999809265137,11.800000190734863,12.15999984741211,10.898755073547363,5240,0.0,0.0
2013-04-02,13.359999656677246,13.359999656677246,12.010000228881836,12.220000267028809,10.952531814575195,6485,0.0,0.0
2013-04-03,12.699999809265137,12.699999809265137,11.920000076293945,12.039999961853027,10.7912015914917,5815,0.0,0.0
2013-04-04,11.890000343322754,12.300000190734863,11.890000343322754,12.0,10.755351066589355,4105,0.0,0.0
2013-04-05,11.800000190734863,12.369999885559082,11.800000190734863,12.100000381469727,10.844979286193848,3745,0.0,0.0
2013-04-08,11.699999809265137,12.390000343322754,11.609999656677246,12.0,10.755351066589355,4925,0.0,0.0
2013-04-09,11.90999984741211,12.65999984741211,11.90999984741211,12.449999809265137,11.158674240112305,10930,0.0,0.0
2013-04-10,12.199999809265137,12.899999618530273,12.119999885559082,12.729999542236328,11.40963363647461,16850,0.0,0.0
2013-04-11,12.449999809265137,12.649999618530273,12.449999809265137,12.59000015258789,11.28415584564209,2380,0.0,0.0
2013-04-12,12.399999618530273,13.100000381469727,12.100000381469727,13.0600004196167,11.705406188964844,22065,0.0,0.0
2013-04-15,12.800000190734863,13.170000076293945,11.949999809265137,12.489999771118164,11.194526672363281,25220,0.0,0.0
2013-04-16,12.600000381469727,13.0,12.289999961853027,12.720000267028809,11.40067195892334,12975,0.0,0.0
2013-04-17,12.979999542236328,12.979999542236328,12.130000114440918,12.319999694824219,11.042159080505371,2865,0.0,0.0
2013-04-18,12.399999618530273,12.399999618530273,12.100000381469727,12.109999656677246,10.853940963745117,3495,0.0,0.0
2013-04-22,12.100000381469727,13.130000114440918,11.600000381469727,12.890000343322754,11.55303955078125,34835,0.0,0.0
2013-04-23,12.920000076293945,12.920000076293945,12.399999618530273,12.460000038146973,11.167638778686523,7400,0.0,0.0
2013-04-25,12.399999618530273,12.59000015258789,12.399999618530273,12.40999984741211,11.122823715209961,2090,0.0,0.0
2013-04-26,12.579999923706055,13.75,12.260000228881836,12.859999656677246,11.526150703430176,15905,0.0,0.0
2013-04-29,12.34000015258789,12.800000190734863,12.34000015258789,12.800000190734863,11.472373962402344,5795,0.0,0.0
2013-04-30,12.699999809265137,13.5,12.470000267028809,13.289999961853027,11.911550521850586,35635,0.0,0.0
2013-05-02,13.100000381469727,13.100000381469727,12.609999656677246,12.640000343322754,11.328969955444336,2130,0.0,0.0
2013-05-03,12.630000114440918,13.0,12.630000114440918,12.779999732971191,11.454446792602539,1755,0.0,0.0
2013-05-06,12.779999732971191,12.869999885559082,12.510000228881836,12.539999961853027,11.239340782165527,5885,0.0,0.0
2013-05-07,12.430000305175781,12.550000190734863,12.300000190734863,12.300000190734863,11.024232864379883,2685,0.0,0.0
2013-05-08,12.300000190734863,12.640000343322754,12.029999732971191,12.59000015258789,11.28415584564209,3655,0.0,0.0
2013-05-09,12.319999694824219,12.59000015258789,12.229999542236328,12.430000305175781,11.140751838684082,5565,0.0,0.0
2013-05-10,12.15999984741211,12.979999542236328,12.100000381469727,12.279999732971191,11.006308555603027,7140,0.0,0.0
2013-05-13,12.199999809265137,12.600000381469727,12.199999809265137,12.399999618530273,11.113862037658691,5850,0.0,0.0
2013-05-14,12.210000038146973,12.5,12.149999618530273,12.270000457763672,10.997345924377441,5940,0.0,0.0
2013-05-15,12.15999984741211,12.399999618530273,12.020000457763672,12.239999771118164,10.97045612335205,22880,0.0,0.0
2013-05-16,12.270000457763672,12.380000114440918,12.020000457763672,12.09000015258789,10.836015701293945,11205,0.0,0.0
2013-05-17,12.479999542236328,12.489999771118164,12.0600004196167,12.069999694824219,10.81808853149414,1630,0.0,0.0
2013-05-20,12.100000381469727,12.1899995803833,11.850000381469727,11.989999771118164,10.746386528015137,5195,0.0,0.0
2013-05-21,11.9399995803833,11.9399995803833,11.670000076293945,11.829999923706055,10.602982521057129,8645,0.0,0.0
2013-05-22,11.699999809265137,11.899999618530273,11.699999809265137,11.699999809265137,10.486467361450195,3170,0.0,0.0
2013-05-23,11.960000038146973,12.260000228881836,11.40999984741211,11.8100004196167,10.58505630493164,13295,0.0,0.0
2013-05-24,11.670000076293945,12.600000381469727,11.670000076293945,12.350000381469727,11.069049835205078,12115,0.0,0.0
2013-05-27,12.3100004196167,12.3100004196167,11.9399995803833,12.15999984741211,10.898755073547363,13945,0.0,0.0
2013-05-28,12.010000228881836,12.010000228881836,11.729999542236328,11.75,10.531280517578125,3460,0.0,0.0
2013-05-29,11.699999809265137,13.0,11.699999809265137,12.630000114440918,11.320005416870117,100020,0.0,0.0
2013-05-30,12.399999618530273,12.789999961853027,12.210000038146973,12.670000076293945,11.355857849121094,90285,0.0,0.0
2013-05-31,12.289999961853027,13.020000457763672,12.119999885559082,12.920000076293945,11.579926490783691,26450,0.0,0.0
2013-06-03,12.600000381469727,13.180000305175781,12.210000038146973,12.979999542236328,11.63370418548584,12685,0.0,0.0
2013-06-04,12.800000190734863,12.800000190734863,12.5600004196167,12.579999923706055,11.275193214416504,1240,0.0,0.0
2013-06-05,12.399999618530273,12.430000305175781,12.199999809265137,12.220000267028809,10.952531814575195,565,0.0,0.0
2013-06-06,12.199999809265137,12.489999771118164,12.029999732971191,12.489999771118164,11.194526672363281,905,0.0,0.0
2013-06-07,12.739999771118164,13.229999542236328,12.739999771118164,13.100000381469727,11.741257667541504,54935,0.0,0.0
2013-06-10,13.0,13.180000305175781,12.359999656677246,12.8100004196167,11.48133659362793,12450,0.0,0.0
2013-06-11,12.800000190734863,13.0,12.420000076293945,12.699999809265137,11.382744789123535,133250,0.0,0.0
2013-06-12,12.399999618530273,13.0,12.199999809265137,13.0,11.651628494262695,104690,0.0,0.0
2013-06-13,12.699999809265137,12.699999809265137,11.520000457763672,11.789999961853027,10.567131996154785,18015,0.0,0.0
2013-06-14,11.710000038146973,12.100000381469727,11.5,11.850000381469727,10.620908737182617,1910,0.0,0.0
2013-06-17,11.720000267028809,11.899999618530273,11.710000038146973,11.720000267028809,10.504392623901367,1025,0.0,0.0
2013-06-18,11.609999656677246,11.800000190734863,11.420000076293945,11.800000190734863,10.576094627380371,2725,0.0,0.0
2013-06-19,11.699999809265137,11.859999656677246,11.539999961853027,11.859999656677246,10.629871368408203,890,0.0,0.0
2013-06-20,11.699999809265137,11.699999809265137,11.220000267028809,11.260000228881836,10.092103958129883,1950,0.0,0.0
2013-06-21,11.260000228881836,11.359999656677246,11.199999809265137,11.319999694824219,10.145880699157715,2245,0.0,0.0
2013-06-24,11.140000343322754,11.140000343322754,10.699999809265137,10.720000267028809,9.608113288879395,805,0.0,0.0
2013-06-25,10.569999694824219,10.779999732971191,9.220000267028809,9.550000190734863,8.559466361999512,43835,0.0,0.0
2013-06-26,9.600000381469727,9.600000381469727,9.270000457763672,9.289999961853027,8.326433181762695,4935,0.0,0.0
2013-06-27,9.930000305175781,10.460000038146973,9.600000381469727,10.010000228881836,8.971755027770996,27895,0.0,0.0
2013-06-28,10.949999809265137,11.050000190734863,10.050000190734863,10.369999885559082,9.294414520263672,12320,0.0,0.0
2013-07-01,10.130000114440918,10.640000343322754,10.130000114440918,10.199999809265137,9.142047882080078,1925,0.0,0.0
2013-07-02,10.109999656677246,10.600000381469727,10.100000381469727,10.220000267028809,9.15997314453125,2740,0.0,0.0
2013-07-03,10.199999809265137,10.59000015258789,10.0,10.100000381469727,9.052419662475586,2565,0.0,0.0
2013-07-04,10.010000228881836,10.779999732971191,9.960000038146973,10.359999656677246,9.285451889038086,4740,0.0,0.0
2013-07-05,10.199999809265137,10.199999809265137,10.0600004196167,10.0600004196167,9.016568183898926,1575,0.0,0.0
2013-07-08,10.1899995803833,10.1899995803833,9.9399995803833,9.9399995803833,8.909016609191895,1730,0.0,0.0
2013-07-09,9.949999809265137,9.949999809265137,9.829999923706055,9.880000114440918,8.85523796081543,1785,0.0,0.0
2013-07-10,9.800000190734863,9.800000190734863,9.260000228881836,9.579999923706055,8.586353302001953,6885,0.0,0.0
2013-07-11,9.4399995803833,9.6899995803833,9.329999923706055,9.649999618530273,8.649094581604004,5650,0.0,0.0
2013-07-12,10.0,10.0,9.40999984741211,9.449999809265137,8.46983814239502,19230,0.0,0.0
2013-07-15,9.399999618530273,9.600000381469727,9.119999885559082,9.600000381469727,8.604279518127441,9220,0.0,0.0
2013-07-16,9.729999542236328,9.729999542236328,9.460000038146973,9.460000038146973,8.478800773620605,5375,0.0,0.0
2013-07-17,9.479999542236328,9.680000305175781,9.4399995803833,9.569999694824219,8.577392578125,4630,0.0,0.0
2013-07-18,9.399999618530273,9.539999961853027,9.220000267028809,9.260000228881836,8.299546241760254,25100,0.0,0.0
2013-07-19,9.4399995803833,9.4399995803833,9.25,9.390000343322754,8.416061401367188,10130,0.0,0.0
2013-07-22,9.100000381469727,9.5600004196167,8.949999809265137,9.4399995803833,8.460875511169434,51095,0.0,0.0
2013-07-23,9.100000381469727,9.920000076293945,8.859999656677246,9.6899995803833,8.684945106506348,36600,0.0,0.0
2013-07-24,9.6899995803833,9.84000015258789,9.34000015258789,9.529999732971191,8.541540145874023,14065,0.0,0.0
2013-07-25,10.039999961853027,10.039999961853027,9.420000076293945,9.59000015258789,8.595315933227539,2155,0.0,0.0
2013-07-26,9.600000381469727,9.899999618530273,9.5,9.600000381469727,8.604279518127441,7155,0.0,0.0
2013-07-29,9.5,9.600000381469727,9.3100004196167,9.520000457763672,8.532577514648438,12095,0.0,0.0
2013-07-30,9.699999809265137,9.779999732971191,9.699999809265137,9.720000267028809,8.711834907531738,1470,0.0,0.0
2013-07-31,9.270000457763672,9.960000038146973,9.199999809265137,9.720000267028809,8.711834907531738,11605,0.0,0.0
2013-08-01,9.550000190734863,9.800000190734863,9.289999961853027,9.579999923706055,8.586353302001953,57600,0.0,0.0
2013-08-02,9.220000267028809,9.75,9.220000267028809,9.4399995803833,8.460875511169434,15375,0.0,0.0
2013-08-05,9.199999809265137,9.739999771118164,8.84000015258789,9.5,8.514653205871582,42650,0.0,0.0
2013-08-06,9.199999809265137,9.59000015258789,8.859999656677246,9.470000267028809,8.487765312194824,5020,0.0,0.0
2013-08-07,9.789999961853027,9.789999961853027,9.600000381469727,9.640000343322754,8.640131950378418,775,0.0,0.0
2013-08-08,9.279999732971191,9.899999618530273,9.199999809265137,9.600000381469727,8.604279518127441,26670,0.0,0.0
2013-08-12,9.529999732971191,9.890000343322754,9.529999732971191,9.600000381469727,8.604279518127441,955,0.0,0.0
2013-08-13,9.489999771118164,10.359999656677246,9.479999542236328,9.979999542236328,8.944865226745605,11645,0.0,0.0
2013-08-14,9.979999542236328,10.229999542236328,9.979999542236328,10.119999885559082,9.070344924926758,1295,0.0,0.0
2013-08-16,10.0,10.1899995803833,9.899999618530273,10.1899995803833,9.133084297180176,1225,0.0,0.0
2013-08-19,9.800000190734863,10.199999809265137,9.800000190734863,9.979999542236328,8.944865226745605,350,0.0,0.0
2013-08-20,10.59000015258789,10.600000381469727,9.979999542236328,10.020000457763672,9.164373397827148,2280,0.2,0.0
2013-08-21,10.020000457763672,10.199999809265137,9.800000190734863,9.989999771118164,9.136934280395508,3900,0.0,0.0
2013-08-22,9.989999771118164,9.989999771118164,9.979999542236328,9.979999542236328,9.127787590026855,635,0.0,0.0
2013-08-23,10.0,10.600000381469727,10.0,10.420000076293945,9.530216217041016,7455,0.0,0.0
2013-08-26,10.569999694824219,10.569999694824219,9.84000015258789,9.979999542236328,9.127787590026855,1730,0.0,0.0
2013-08-27,9.619999885559082,10.180000305175781,9.399999618530273,9.640000343322754,8.816821098327637,5785,0.0,0.0
2013-08-28,9.800000190734863,9.800000190734863,9.800000190734863,9.800000190734863,8.96315860748291,2500,0.0,0.0
2013-08-29,9.5,9.989999771118164,9.5,9.960000038146973,9.10949420928955,1015,0.0,0.0
2013-08-30,9.800000190734863,9.960000038146973,9.600000381469727,9.960000038146973,9.10949420928955,19720,0.0,0.0
2013-09-02,9.649999618530273,11.949999809265137,9.640000343322754,10.789999961853027,9.868620872497559,17860,0.0,0.0
2013-09-03,10.510000228881836,10.960000038146973,10.329999923706055,10.329999923706055,9.447900772094727,1970,0.0,0.0
2013-09-04,10.0,11.699999809265137,9.699999809265137,10.760000228881836,9.841181755065918,119620,0.0,0.0
2013-09-05,11.789999961853027,12.600000381469727,10.649999618530273,11.319999694824219,10.353361129760742,116575,0.0,0.0
2013-09-06,11.0,12.789999961853027,10.9399995803833,11.489999771118164,10.508846282958984,165690,0.0,0.0
2013-09-10,11.25,12.270000457763672,10.729999542236328,10.869999885559082,9.941787719726562,6290,0.0,0.0
2013-09-11,10.800000190734863,11.100000381469727,10.220000267028809,10.470000267028809,9.575946807861328,7495,0.0,0.0
2013-09-12,11.079999923706055,11.460000038146973,10.800000190734863,10.869999885559082,9.941787719726562,12320,0.0,0.0
2013-09-13,10.930000305175781,10.930000305175781,10.550000190734863,10.5600004196167,9.6582612991333,1035,0.0,0.0
2013-09-16,10.399999618530273,10.789999961853027,10.359999656677246,10.59000015258789,9.685700416564941,6805,0.0,0.0
2013-09-17,10.789999961853027,10.789999961853027,10.399999618530273,10.670000076293945,9.758868217468262,1750,0.0,0.0
2013-09-18,10.859999656677246,11.170000076293945,10.649999618530273,10.789999961853027,9.868620872497559,3410,0.0,0.0
2013-09-19,10.520000457763672,10.9399995803833,10.520000457763672,10.890000343322754,9.960081100463867,15160,0.0,0.0
2013-09-20,10.600000381469727,10.789999961853027,10.279999732971191,10.449999809265137,9.557653427124023,1560,0.0,0.0
2013-09-23,10.40999984741211,10.600000381469727,10.199999809265137,10.270000457763672,9.393025398254395,8505,0.0,0.0
2013-09-24,10.390000343322754,10.390000343322754,10.390000343322754,10.390000343322754,9.502779006958008,5,0.0,0.0
2013-09-25,10.970000267028809,10.970000267028809,10.100000381469727,10.510000228881836,9.612530708312988,1090,0.0,0.0
2013-09-26,10.5,10.65999984741211,10.399999618530273,10.579999923706055,9.676553726196289,785,0.0,0.0
2013-09-27,10.3100004196167,10.3100004196167,9.729999542236328,9.90999984741211,9.063765525817871,1995,0.0,0.0
2013-09-30,9.899999618530273,9.949999809265137,9.899999618530273,9.899999618530273,9.054620742797852,550,0.0,0.0
2013-10-01,9.699999809265137,10.130000114440918,9.699999809265137,9.699999809265137,8.871697425842285,365,0.0,0.0
2013-10-03,9.600000381469727,9.979999542236328,9.420000076293945,9.789999961853027,8.954012870788574,2250,0.0,0.0
2013-10-04,9.710000038146973,11.739999771118164,9.5,11.350000381469727,10.380802154541016,149985,0.0,0.0
2013-10-07,11.979999542236328,13.0,11.199999809265137,12.630000114440918,11.551498413085938,181300,0.0,0.0
2013-10-08,13.890000343322754,14.0,12.420000076293945,12.600000381469727,11.52406120300293,412775,0.0,0.0
2013-10-09,12.600000381469727,12.770000457763672,11.59000015258789,11.649999618530273,10.655182838439941,16960,0.0,0.0
2013-10-10,12.149999618530273,12.149999618530273,11.210000038146973,11.380000114440918,10.40824031829834,4335,0.0,0.0
2013-10-11,11.300000190734863,12.789999961853027,11.300000190734863,12.039999961853027,11.011880874633789,50005,0.0,0.0
2013-10-14,12.0,12.199999809265137,11.609999656677246,11.630000114440918,10.63689136505127,4425,0.0,0.0
2013-10-15,11.600000381469727,11.600000381469727,11.130000114440918,11.229999542236328,10.271047592163086,385,0.0,0.0
2013-10-17,11.770000457763672,11.770000457763672,11.199999809265137,11.199999809265137,10.243608474731445,815,0.0,0.0
2013-10-18,11.600000381469727,13.199999809265137,11.119999885559082,11.6899995803833,10.691766738891602,182505,0.0,0.0
2013-10-21,12.1899995803833,12.199999809265137,11.600000381469727,12.010000228881836,10.984442710876465,6530,0.0,0.0
2013-10-22,12.130000114440918,12.779999732971191,11.609999656677246,12.210000038146973,11.167364120483398,133345,0.0,0.0
2013-10-23,12.0,12.460000038146973,11.510000228881836,11.649999618530273,10.655182838439941,6085,0.0,0.0
2013-10-24,12.399999618530273,12.75,11.619999885559082,11.949999809265137,10.9295654296875,75035,0.0,0.0
2013-10-25,12.600000381469727,12.600000381469727,11.649999618530273,12.130000114440918,11.094195365905762,11465,0.0,0.0
2013-10-28,11.800000190734863,13.069999694824219,11.729999542236328,12.40999984741211,11.350284576416016,113455,0.0,0.0
2013-10-29,12.180000305175781,14.0,12.180000305175781,13.529999732971191,12.374646186828613,309935,0.0,0.0
2013-10-30,13.800000190734863,13.880000114440918,12.449999809265137,12.930000305175781,11.825881004333496,39930,0.0,0.0
2013-10-31,12.800000190734863,12.800000190734863,12.420000076293945,12.479999542236328,11.414308547973633,5390,0.0,0.0
2013-11-01,12.859999656677246,12.859999656677246,12.399999618530273,12.479999542236328,11.414308547973633,6495,0.0,0.0
2013-11-05,12.3100004196167,12.399999618530273,11.850000381469727,12.029999732971191,11.002734184265137,7760,0.0,0.0
2013-11-06,12.0,12.15999984741211,11.4399995803833,11.680000305175781,10.682621955871582,6575,0.0,0.0
2013-11-07,12.0,12.0,11.5600004196167,11.649999618530273,10.655182838439941,8410,0.0,0.0
2013-11-08,11.600000381469727,11.600000381469727,11.239999771118164,11.300000190734863,10.335070610046387,6770,0.0,0.0
2013-11-11,11.729999542236328,11.739999771118164,10.819999694824219,10.979999542236328,10.04239559173584,9495,0.0,0.0
2013-11-12,10.859999656677246,12.199999809265137,10.65999984741211,11.850000381469727,10.838105201721191,27125,0.0,0.0
2013-11-13,11.600000381469727,11.600000381469727,10.970000267028809,11.069999694824219,10.124710083007812,18130,0.0,0.0
2013-11-14,11.010000228881836,11.359999656677246,10.880000114440918,11.130000114440918,10.179587364196777,11475,0.0,0.0
2013-11-18,11.899999618530273,13.329999923706055,11.399999618530273,12.960000038146973,11.85331916809082,196920,0.0,0.0
2013-11-19,12.65999984741211,14.0,12.34000015258789,13.15999984741211,12.036242485046387,67065,0.0,0.0
2013-11-20,13.0600004196167,14.0,12.899999618530273,12.989999771118164,11.880757331848145,106630,0.0,0.0
2013-11-21,13.59000015258789,13.59000015258789,12.279999732971191,12.510000228881836,11.44174575805664,14985,0.0,0.0
2013-11-22,12.4399995803833,12.760000228881836,12.25,12.640000343322754,11.560647010803223,1335,0.0,0.0
2013-11-25,12.800000190734863,12.930000305175781,12.149999618530273,12.369999885559082,11.313700675964355,12425,0.0,0.0
2013-11-26,12.729999542236328,12.800000190734863,12.119999885559082,12.199999809265137,11.158217430114746,9280,0.0,0.0
2013-11-27,12.109999656677246,12.199999809265137,11.859999656677246,11.979999542236328,10.957002639770508,3965,0.0,0.0
2013-11-28,11.800000190734863,12.789999961853027,11.600000381469727,11.899999618530273,10.883835792541504,12085,0.0,0.0
2013-11-29,12.600000381469727,12.600000381469727,11.720000267028809,11.789999961853027,10.783228874206543,1400,0.0,0.0
2013-12-02,11.699999809265137,12.069999694824219,11.420000076293945,11.699999809265137,10.70091438293457,1905,0.0,0.0
2013-12-03,11.600000381469727,12.59000015258789,11.199999809265137,12.09000015258789,11.057611465454102,43350,0.0,0.0
2013-12-04,12.020000457763672,12.380000114440918,11.0,11.15999984741211,10.207024574279785,107445,0.0,0.0
2013-12-05,11.600000381469727,11.600000381469727,10.930000305175781,11.289999961853027,10.325923919677734,30210,0.0,0.0
2013-12-06,11.0,11.380000114440918,10.880000114440918,11.100000381469727,10.15215015411377,14460,0.0,0.0
2013-12-09,11.979999542236328,11.979999542236328,10.930000305175781,11.020000457763672,10.078980445861816,36580,0.0,0.0
2013-12-10,11.0,11.579999923706055,10.319999694824219,11.069999694824219,10.124710083007812,12360,0.0,0.0
2013-12-11,11.359999656677246,11.359999656677246,10.739999771118164,10.859999656677246,9.932642936706543,5070,0.0,0.0
2013-12-12,11.1899995803833,11.1899995803833,10.40999984741211,10.470000267028809,9.575946807861328,16045,0.0,0.0
2013-12-13,10.600000381469727,10.600000381469727,10.399999618530273,10.449999809265137,9.557653427124023,3940,0.0,0.0
2013-12-16,10.520000457763672,10.699999809265137,10.510000228881836,10.529999732971191,9.63082218170166,2820,0.0,0.0
2013-12-17,10.34000015258789,10.760000228881836,10.289999961853027,10.300000190734863,9.420462608337402,5865,0.0,0.0
2013-12-18,10.399999618530273,10.399999618530273,10.199999809265137,10.270000457763672,9.393025398254395,7575,0.0,0.0
2013-12-19,10.199999809265137,10.390000343322754,10.109999656677246,10.109999656677246,9.246686935424805,1585,0.0,0.0
2013-12-20,10.460000038146973,10.5,10.0600004196167,10.5,9.603384971618652,1815,0.0,0.0
2013-12-23,10.399999618530273,10.399999618530273,10.130000114440918,10.220000267028809,9.347293853759766,16525,0.0,0.0
2013-12-24,10.15999984741211,12.0,9.90999984741211,10.880000114440918,9.950935363769531,485835,0.0,0.0
2013-12-26,11.600000381469727,11.9399995803833,10.930000305175781,11.119999885559082,10.170441627502441,46465,0.0,0.0
2013-12-27,11.65999984741211,12.1899995803833,11.149999618530273,11.609999656677246,10.618598937988281,88940,0.0,0.0
2013-12-30,11.399999618530273,11.479999542236328,11.079999923706055,11.210000038146973,10.252755165100098,4070,0.0,0.0
2013-12-31,11.399999618530273,12.800000190734863,11.15999984741211,12.020000457763672,10.993589401245117,69495,0.0,0.0
2014-01-01,11.829999923706055,12.800000190734863,11.800000190734863,11.890000343322754,10.874690055847168,69720,0.0,0.0
2014-01-02,12.100000381469727,12.899999618530273,12.010000228881836,12.050000190734863,11.021027565002441,89670,0.0,0.0
2014-01-03,12.699999809265137,12.699999809265137,11.569999694824219,11.789999961853027,10.783228874206543,13795,0.0,0.0
2014-01-06,11.84000015258789,12.15999984741211,11.800000190734863,11.979999542236328,10.957002639770508,1965,0.0,0.0
2014-01-07,11.899999618530273,13.720000267028809,11.630000114440918,13.289999961853027,12.15514087677002,247610,0.0,0.0
2014-01-08,13.5600004196167,15.199999809265137,12.5,12.789999961853027,11.697835922241211,727860,0.0,0.0
2014-01-09,12.800000190734863,12.84000015258789,12.210000038146973,12.470000267028809,11.40516185760498,22540,0.0,0.0
2014-01-10,12.989999771118164,12.989999771118164,12.039999961853027,12.050000190734863,11.021027565002441,13440,0.0,0.0
2014-01-13,12.489999771118164,12.489999771118164,11.9399995803833,12.15999984741211,11.121633529663086,10565,0.0,0.0
2014-01-14,12.489999771118164,12.489999771118164,11.869999885559082,12.210000038146973,11.167364120483398,6470,0.0,0.0
2014-01-15,12.1899995803833,12.4399995803833,11.84000015258789,11.960000038146973,10.938712120056152,14420,0.0,0.0
2014-01-16,12.600000381469727,12.600000381469727,11.720000267028809,11.770000457763672,10.764936447143555,11085,0.0,0.0
2014-01-17,11.770000457763672,11.880000114440918,11.5,11.640000343322754,10.646037101745605,9345,0.0,0.0
2014-01-20,11.399999618530273,11.960000038146973,11.319999694824219,11.390000343322754,10.417386054992676,5425,0.0,0.0
2014-01-21,11.420000076293945,11.800000190734863,11.40999984741211,11.640000343322754,10.646037101745605,835,0.0,0.0
2014-01-22,11.640000343322754,11.6899995803833,11.460000038146973,11.460000038146973,10.48140811920166,60,0.0,0.0
2014-01-23,11.220000267028809,12.529999732971191,11.220000267028809,11.75,10.74664306640625,6640,0.0,0.0
2014-01-24,11.670000076293945,11.670000076293945,11.199999809265137,11.630000114440918,10.63689136505127,5775,0.0,0.0
2014-01-27,11.600000381469727,11.600000381469727,11.039999961853027,11.100000381469727,10.15215015411377,2380,0.0,0.0
2014-01-28,11.239999771118164,11.399999618530273,10.619999885559082,10.90999984741211,9.978373527526855,7095,0.0,0.0
2014-01-29,10.899999618530273,11.329999923706055,10.779999732971191,11.039999961853027,10.097272872924805,9045,0.0,0.0
2014-01-30,10.90999984741211,11.1899995803833,10.90999984741211,11.0,10.060688018798828,1385,0.0,0.0
2014-01-31,10.899999618530273,11.210000038146973,10.630000114440918,11.180000305175781,10.22531795501709,1465,0.0,0.0
2014-02-03,11.8100004196167,12.779999732971191,11.8100004196167,12.520000457763672,11.450891494750977,127840,0.0,0.0
2014-02-04,12.600000381469727,13.170000076293945,12.079999923706055,13.0,11.889904022216797,158965,0.0,0.0
2014-02-05,13.199999809265137,13.699999809265137,11.399999618530273,11.729999542236328,10.728350639343262,653250,0.0,0.0
2014-02-06,11.739999771118164,12.15999984741211,11.640000343322754,11.75,10.74664306640625,85295,0.0,0.0
2014-02-07,11.520000457763672,12.300000190734863,11.5,11.760000228881836,10.755790710449219,204570,0.0,0.0
2014-02-10,11.5,11.920000076293945,11.199999809265137,11.300000190734863,10.335070610046387,40765,0.0,0.0
2014-02-11,11.84000015258789,12.199999809265137,11.5,11.84000015258789,10.828957557678223,70990,0.0,0.0
2014-02-12,12.069999694824219,13.140000343322754,11.800000190734863,12.34000015258789,11.286263465881348,249975,0.0,0.0
2014-02-13,12.0600004196167,12.539999961853027,11.9399995803833,12.0,10.975296020507812,15820,0.0,0.0
2014-02-14,11.899999618530273,12.600000381469727,11.880000114440918,12.130000114440918,11.094195365905762,166140,0.0,0.0
2014-02-17,12.0,12.649999618530273,11.899999618530273,11.90999984741211,10.892980575561523,49615,0.0,0.0
2014-02-18,12.3100004196167,12.399999618530273,11.949999809265137,12.170000076293945,11.130780220031738,33185,0.0,0.0
2014-02-19,12.399999618530273,12.399999618530273,11.880000114440918,12.119999885559082,11.085049629211426,10370,0.0,0.0
2014-02-20,11.949999809265137,12.100000381469727,11.9399995803833,11.949999809265137,10.9295654296875,4065,0.0,0.0
2014-02-21,12.050000190734863,12.199999809265137,11.899999618530273,11.949999809265137,10.9295654296875,14895,0.0,0.0
2014-02-24,11.899999618530273,12.350000381469727,11.800000190734863,12.010000228881836,10.984442710876465,8825,0.0,0.0
2014-02-25,12.020000457763672,12.020000457763672,11.800000190734863,11.850000381469727,10.838105201721191,8720,0.0,0.0
2014-02-26,11.819999694824219,11.869999885559082,11.600000381469727,11.680000305175781,10.682621955871582,9645,0.0,0.0
2014-02-28,11.720000267028809,12.029999732971191,11.420000076293945,11.770000457763672,10.764936447143555,15370,0.0,0.0
2014-03-03,11.739999771118164,12.079999923706055,11.739999771118164,12.0,10.975296020507812,29570,0.0,0.0
2014-03-04,12.229999542236328,12.350000381469727,11.859999656677246,12.020000457763672,10.993589401245117,81180,0.0,0.0
2014-03-05,11.8100004196167,12.0,11.510000228881836,11.710000038146973,10.710060119628906,13075,0.0,0.0
2014-03-06,11.670000076293945,11.960000038146973,11.399999618530273,11.550000190734863,10.563722610473633,20255,0.0,0.0
2014-03-07,11.760000228881836,11.800000190734863,11.300000190734863,11.319999694824219,10.353361129760742,21005,0.0,0.0
2014-03-10,11.319999694824219,11.539999961853027,11.199999809265137,11.319999694824219,10.353361129760742,15715,0.0,0.0
2014-03-11,11.550000190734863,11.550000190734863,11.15999984741211,11.199999809265137,10.243608474731445,17680,0.0,0.0
2014-03-12,11.100000381469727,11.15999984741211,10.9399995803833,11.0,10.060688018798828,13125,0.0,0.0
2014-03-13,11.0,12.770000457763672,11.0,11.520000457763672,10.536284446716309,228320,0.0,0.0
2014-03-14,11.5,12.600000381469727,11.5,11.850000381469727,10.838105201721191,313305,0.0,0.0
2014-03-18,12.100000381469727,12.100000381469727,11.510000228881836,11.710000038146973,10.710060119628906,59360,0.0,0.0
2014-03-19,11.699999809265137,11.760000228881836,11.449999809265137,11.720000267028809,10.719205856323242,7010,0.0,0.0
2014-03-20,11.720000267028809,11.880000114440918,11.460000038146973,11.520000457763672,10.536284446716309,15185,0.0,0.0
2014-03-21,11.449999809265137,11.760000228881836,11.449999809265137,11.760000228881836,10.755790710449219,915,0.0,0.0
2014-03-24,11.869999885559082,12.800000190734863,11.800000190734863,12.069999694824219,11.03931713104248,149770,0.0,0.0
2014-03-25,12.6899995803833,12.800000190734863,12.050000190734863,12.3100004196167,11.258824348449707,153345,0.0,0.0
2014-03-26,12.800000190734863,13.010000228881836,12.25,12.390000343322754,11.33199405670166,216130,0.0,0.0
2014-03-27,13.039999961853027,13.039999961853027,12.119999885559082,12.300000190734863,11.249678611755371,10425,0.0,0.0
2014-03-28,12.59000015258789,13.0,12.119999885559082,12.510000228881836,11.44174575805664,539985,0.0,0.0
2014-03-31,12.489999771118164,12.699999809265137,12.34000015258789,12.40999984741211,11.350284576416016,4850,0.0,0.0
2014-04-01,12.550000190734863,12.779999732971191,12.220000267028809,12.510000228881836,11.44174575805664,9500,0.0,0.0
2014-04-02,12.399999618530273,12.6899995803833,12.34000015258789,12.5,11.432600975036621,8205,0.0,0.0
2014-04-03,12.199999809265137,12.680000305175781,12.0,12.149999618530273,11.112486839294434,9715,0.0,0.0
2014-04-04,12.210000038146973,12.399999618530273,11.819999694824219,12.0600004196167,11.030173301696777,16900,0.0,0.0
2014-04-07,12.550000190734863,12.550000190734863,12.210000038146973,12.3100004196167,11.258824348449707,20820,0.0,0.0
2014-04-09,12.399999618530273,12.5,12.220000267028809,12.399999618530273,11.341137886047363,4145,0.0,0.0
2014-04-10,12.4399995803833,12.4399995803833,12.020000457763672,12.25,11.203948020935059,13070,0.0,0.0
2014-04-11,12.0,12.399999618530273,11.529999732971191,12.300000190734863,11.249678611755371,41235,0.0,0.0
2014-04-15,12.119999885559082,12.289999961853027,11.720000267028809,11.800000190734863,10.792375564575195,58185,0.0,0.0
2014-04-16,11.979999542236328,12.5,11.239999771118164,11.460000038146973,10.48140811920166,58150,0.0,0.0
2014-04-17,11.979999542236328,11.979999542236328,11.470000267028809,11.640000343322754,10.646037101745605,15595,0.0,0.0
2014-04-21,11.970000267028809,11.970000267028809,11.640000343322754,11.670000076293945,10.673476219177246,17365,0.0,0.0
2014-04-22,11.979999542236328,12.199999809265137,11.630000114440918,11.920000076293945,10.902128219604492,13260,0.0,0.0
2014-04-23,12.300000190734863,12.359999656677246,12.010000228881836,12.170000076293945,11.130780220031738,76745,0.0,0.0
2014-04-24,12.170000076293945,12.170000076293945,12.170000076293945,12.170000076293945,11.130780220031738,0,0.0,0.0
2014-04-25,12.039999961853027,12.300000190734863,11.800000190734863,11.8100004196167,10.801521301269531,10480,0.0,0.0
2014-04-28,11.800000190734863,12.0,11.329999923706055,11.579999923706055,10.591160774230957,11380,0.0,0.0
2014-04-29,11.970000267028809,11.979999542236328,11.609999656677246,11.65999984741211,10.664329528808594,10590,0.0,0.0
2014-04-30,11.640000343322754,11.739999771118164,11.239999771118164,11.359999656677246,10.389945983886719,12465,0.0,0.0
2014-05-02,11.600000381469727,11.789999961853027,11.25,11.430000305175781,10.45396900177002,22770,0.0,0.0
2014-05-05,11.600000381469727,11.710000038146973,11.460000038146973,11.520000457763672,10.536284446716309,2710,0.0,0.0
2014-05-06,11.699999809265137,11.699999809265137,11.449999809265137,11.59000015258789,10.600306510925293,9080,0.0,0.0
2014-05-07,12.15999984741211,12.369999885559082,11.229999542236328,11.579999923706055,10.591160774230957,2775,0.0,0.0
2014-05-08,11.34000015258789,11.75,11.34000015258789,11.380000114440918,10.40824031829834,4765,0.0,0.0
2014-05-09,11.390000343322754,11.390000343322754,11.260000228881836,11.300000190734863,10.335070610046387,9630,0.0,0.0
2014-05-12,11.0,11.399999618530273,9.779999732971191,9.970000267028809,9.11864185333252,165195,0.0,0.0
2014-05-13,10.579999923706055,10.710000038146973,9.920000076293945,10.010000228881836,9.155227661132812,82355,0.0,0.0
2014-05-14,10.399999618530273,10.600000381469727,9.90999984741211,10.11999797821045,9.255829811096191,70960,0.0,0.0
2014-05-15,9.640000343322754,10.199999809265137,9.640000343322754,10.0,9.146080017089844,78580,0.0,0.0
2014-05-16,10.399999618530273,10.399999618530273,9.529999732971191,9.760000228881836,8.92657470703125,30640,0.0,0.0
2014-05-19,10.390000343322754,10.390000343322754,9.859999656677246,10.069999694824219,9.210102081298828,74580,0.0,0.0
2014-05-20,9.819999694824219,11.729999542236328,9.819999694824219,11.489999771118164,10.508846282958984,129235,0.0,0.0
2014-05-21,11.489999771118164,12.800000190734863,11.420000076293945,12.1899995803833,11.14907169342041,218430,0.0,0.0
2014-05-22,12.9399995803833,14.0,12.90999984741211,13.010000228881836,11.89905071258545,574205,0.0,0.0
2014-05-23,13.569999694824219,13.59000015258789,12.850000381469727,13.210000038146973,12.081972122192383,197370,0.0,0.0
2014-05-26,13.600000381469727,13.800000190734863,12.329999923706055,12.5,11.432600975036621,206030,0.0,0.0
2014-05-27,12.399999618530273,12.449999809265137,11.399999618530273,11.5,10.517992973327637,90650,0.0,0.0
2014-05-28,11.739999771118164,12.180000305175781,11.739999771118164,11.960000038146973,10.938712120056152,22355,0.0,0.0
2014-05-29,11.84000015258789,11.84000015258789,11.399999618530273,11.569999694824219,10.582014083862305,16570,0.0,0.0
2014-05-30,11.960000038146973,12.0,11.600000381469727,11.789999961853027,10.783228874206543,14885,0.0,0.0
2014-06-02,11.800000190734863,11.800000190734863,11.479999542236328,11.550000190734863,10.563722610473633,20460,0.0,0.0
2014-06-03,11.600000381469727,11.989999771118164,11.40999984741211,11.600000381469727,10.609454154968262,46585,0.0,0.0
2014-06-04,11.989999771118164,12.1899995803833,11.680000305175781,11.6899995803833,10.691766738891602,25345,0.0,0.0
2014-06-05,11.800000190734863,12.09000015258789,11.739999771118164,11.930000305175781,10.911274909973145,35435,0.0,0.0
2014-06-06,12.869999885559082,12.869999885559082,11.6899995803833,12.220000267028809,11.17651081085205,55395,0.0,0.0
2014-06-09,12.119999885559082,13.0,12.010000228881836,12.880000114440918,11.7801513671875,103935,0.0,0.0
2014-06-10,12.609999656677246,13.359999656677246,12.460000038146973,13.210000038146973,12.081972122192383,241925,0.0,0.0
2014-06-11,13.350000381469727,15.0,13.199999809265137,14.069999694824219,12.868534088134766,1116435,0.0,0.0
2014-06-12,14.180000305175781,16.360000610351562,13.800000190734863,15.149999618530273,13.856310844421387,1194225,0.0,0.0
2014-06-13,15.9399995803833,16.0,14.399999618530273,14.59000015258789,13.344130516052246,356735,0.0,0.0
2014-06-16,15.390000343322754,15.390000343322754,13.539999961853027,14.09000015258789,12.88682746887207,99700,0.0,0.0
2014-06-17,14.390000343322754,14.399999618530273,13.800000190734863,14.229999542236328,13.014871597290039,55045,0.0,0.0
2014-06-18,14.199999809265137,14.399999618530273,13.6899995803833,14.020000457763672,12.82280445098877,79830,0.0,0.0
2014-06-19,14.0,14.359999656677246,13.800000190734863,13.84000015258789,12.658174514770508,89095,0.0,0.0
2014-06-20,14.199999809265137,14.640000343322754,13.899999618530273,14.229999542236328,13.014871597290039,120280,0.0,0.0
2014-06-23,14.300000190734863,14.399999618530273,13.630000114440918,13.84000015258789,12.658174514770508,36620,0.0,0.0
2014-06-24,13.699999809265137,14.34000015258789,13.619999885559082,13.8100004196167,12.6307373046875,172160,0.0,0.0
2014-06-25,13.899999618530273,14.079999923706055,13.899999618530273,13.9399995803833,12.749635696411133,56540,0.0,0.0
2014-06-26,13.829999923706055,14.369999885559082,13.579999923706055,13.9399995803833,12.749635696411133,68405,0.0,0.0
2014-06-27,14.130000114440918,14.399999618530273,13.819999694824219,13.9399995803833,12.749635696411133,100050,0.0,0.0
2014-06-30,13.859999656677246,14.199999809265137,13.819999694824219,13.899999618530273,12.713050842285156,76780,0.0,0.0
2014-07-01,14.0,14.180000305175781,13.4399995803833,13.819999694824219,12.639883995056152,84225,0.0,0.0
2014-07-02,14.1899995803833,14.399999618530273,13.869999885559082,13.9399995803833,12.749635696411133,104795,0.0,0.0
2014-07-03,14.010000228881836,14.140000343322754,13.239999771118164,13.5,12.347208976745605,135640,0.0,0.0
2014-07-04,13.300000190734863,14.0,13.100000381469727,13.739999771118164,12.566713333129883,136000,0.0,0.0
2014-07-07,14.199999809265137,14.199999809265137,13.59000015258789,13.609999656677246,12.447813987731934,80060,0.0,0.0
2014-07-08,13.800000190734863,13.850000381469727,12.640000343322754,13.100000381469727,11.981366157531738,90975,0.0,0.0
2014-07-09,13.399999618530273,13.5600004196167,12.989999771118164,13.109999656677246,11.990509986877441,44165,0.0,0.0
2014-07-10,13.359999656677246,13.380000114440918,12.25,12.779999732971191,11.688691139221191,101620,0.0,0.0
2014-07-11,12.65999984741211,12.770000457763672,12.109999656677246,12.25,11.203948020935059,35650,0.0,0.0
2014-07-14,11.630000114440918,12.5600004196167,11.619999885559082,11.920000076293945,10.902128219604492,30290,0.0,0.0
2014-07-15,12.0,12.369999885559082,11.920000076293945,12.300000190734863,11.249678611755371,82665,0.0,0.0
2014-07-16,12.350000381469727,12.5600004196167,12.239999771118164,12.449999809265137,11.386869430541992,33235,0.0,0.0
2014-07-17,12.430000305175781,12.550000190734863,12.1899995803833,12.239999771118164,11.194801330566406,30175,0.0,0.0
2014-07-18,12.279999732971191,12.510000228881836,12.0,12.220000267028809,11.17651081085205,20435,0.0,0.0
2014-07-21,12.550000190734863,12.550000190734863,12.210000038146973,12.3100004196167,11.258824348449707,38250,0.0,0.0
2014-07-22,12.399999618530273,12.399999618530273,11.600000381469727,11.859999656677246,10.847250938415527,48905,0.0,0.0
2014-07-23,12.0,12.399999618530273,11.859999656677246,12.1899995803833,11.14907169342041,32575,0.0,0.0
2014-07-24,12.069999694824219,12.3100004196167,12.0,12.020000457763672,10.993589401245117,36895,0.0,0.0
2014-07-25,12.119999885559082,12.289999961853027,11.640000343322754,11.8100004196167,10.801521301269531,13135,0.0,0.0
2014-07-28,11.680000305175781,12.0,11.680000305175781,11.789999961853027,10.783228874206543,12240,0.0,0.0
2014-07-30,11.75,11.899999618530273,11.40999984741211,11.649999618530273,10.655182838439941,13370,0.0,0.0
2014-07-31,11.789999961853027,12.1899995803833,11.760000228881836,11.859999656677246,10.847250938415527,16950,0.0,0.0
2014-08-01,11.710000038146973,11.899999618530273,11.600000381469727,11.670000076293945,10.673476219177246,14785,0.0,0.0
2014-08-04,11.609999656677246,12.100000381469727,11.609999656677246,11.869999885559082,10.856396675109863,16745,0.0,0.0
2014-08-05,12.100000381469727,12.59000015258789,11.890000343322754,12.359999656677246,11.30455493927002,59990,0.0,0.0
2014-08-06,12.199999809265137,12.399999618530273,11.949999809265137,12.0600004196167,11.030173301696777,35760,0.0,0.0
2014-08-07,12.34000015258789,13.0,12.050000190734863,12.65999984741211,11.578936576843262,79265,0.0,0.0
2014-08-08,12.399999618530273,12.539999961853027,12.15999984741211,12.260000228881836,11.213094711303711,27735,0.0,0.0
2014-08-11,12.329999923706055,12.539999961853027,12.079999923706055,12.399999618530273,11.341137886047363,10315,0.0,0.0
2014-08-12,12.279999732971191,12.779999732971191,12.119999885559082,12.420000076293945,11.359432220458984,26460,0.0,0.0
2014-08-13,12.600000381469727,12.600000381469727,12.100000381469727,12.180000305175781,11.139925003051758,23740,0.0,0.0
2014-08-14,12.380000114440918,12.380000114440918,11.920000076293945,12.09000015258789,11.057611465454102,52755,0.0,0.0
2014-08-18,12.239999771118164,12.59000015258789,11.850000381469727,12.380000114440918,11.322848320007324,22480,0.0,0.0
2014-08-19,12.470000267028809,12.479999542236328,12.140000343322754,12.229999542236328,11.18565559387207,17425,0.0,0.0
2014-08-20,12.390000343322754,12.59000015258789,12.3100004196167,12.460000038146973,11.396017074584961,20255,0.0,0.0
2014-08-21,12.479999542236328,12.979999542236328,12.350000381469727,12.869999885559082,11.771005630493164,50775,0.0,0.0
2014-08-22,13.199999809265137,13.5600004196167,12.920000076293945,13.010000228881836,11.89905071258545,37080,0.0,0.0
2014-08-25,12.720000267028809,13.100000381469727,12.640000343322754,12.699999809265137,11.615521430969238,9620,0.0,0.0
2014-08-26,12.930000305175781,12.979999542236328,12.279999732971191,12.460000038146973,11.396017074584961,15920,0.0,0.0
2014-08-27,12.899999618530273,12.899999618530273,12.489999771118164,12.609999656677246,11.533207893371582,8080,0.0,0.0
2014-08-28,12.770000457763672,12.779999732971191,12.359999656677246,12.359999656677246,11.30455493927002,9735,0.0,0.0
2014-09-01,12.569999694824219,12.569999694824219,12.210000038146973,12.489999771118164,11.423455238342285,29575,0.0,0.0
2014-09-02,12.59000015258789,12.59000015258789,12.319999694824219,12.460000038146973,11.58146858215332,12025,0.2,0.0
2014-09-03,12.319999694824219,12.75,12.319999694824219,12.5600004196167,11.674416542053223,25020,0.0,0.0
2014-09-04,12.5,12.5,12.020000457763672,12.220000267028809,11.358389854431152,17555,0.0,0.0
2014-09-05,12.350000381469727,12.770000457763672,12.229999542236328,12.569999694824219,11.683712005615234,16795,0.0,0.0
2014-09-08,12.600000381469727,13.0,12.40999984741211,12.569999694824219,11.683712005615234,34780,0.0,0.0
2014-09-09,12.529999732971191,12.550000190734863,12.229999542236328,12.420000076293945,11.544288635253906,7275,0.0,0.0
2014-09-10,12.800000190734863,12.800000190734863,12.289999961853027,12.510000228881836,11.627942085266113,5645,0.0,0.0
2014-09-11,12.600000381469727,12.800000190734863,12.5,12.75,11.851018905639648,25990,0.0,0.0
2014-09-12,13.130000114440918,13.489999771118164,12.800000190734863,13.010000228881836,12.09268856048584,40325,0.0,0.0
2014-09-15,13.0,13.470000267028809,12.5,13.270000457763672,12.334355354309082,38955,0.0,0.0
2014-09-16,13.0,13.59000015258789,12.800000190734863,12.829999923706055,11.925379753112793,27060,0.0,0.0
2014-09-17,12.789999961853027,12.960000038146973,12.6899995803833,12.779999732971191,11.878904342651367,13315,0.0,0.0
2014-09-18,12.979999542236328,13.3100004196167,12.789999961853027,12.880000114440918,11.971854209899902,28545,0.0,0.0
2014-09-19,13.069999694824219,13.180000305175781,12.649999618530273,12.680000305175781,11.785956382751465,34555,0.0,0.0
2014-09-22,12.649999618530273,14.380000114440918,12.640000343322754,13.579999923706055,12.622498512268066,318545,0.0,0.0
2014-09-23,13.600000381469727,14.140000343322754,13.350000381469727,13.399999618530273,12.45518970489502,133475,0.0,0.0
2014-09-24,13.300000190734863,13.369999885559082,12.710000038146973,12.84000015258789,11.934674263000488,52445,0.0,0.0
2014-09-25,12.75,12.899999618530273,12.229999542236328,12.40999984741211,11.534992218017578,69815,0.0,0.0
2014-09-26,12.25,12.720000267028809,12.109999656677246,12.390000343322754,11.516404151916504,28520,0.0,0.0
2014-09-29,13.100000381469727,13.100000381469727,12.40999984741211,12.420000076293945,11.544288635253906,31020,0.0,0.0
2014-09-30,12.829999923706055,12.829999923706055,12.199999809265137,12.25,11.386274337768555,15980,0.0,0.0
2014-10-01,12.59000015258789,12.59000015258789,12.210000038146973,12.350000381469727,11.47922420501709,9855,0.0,0.0
2014-10-07,12.800000190734863,12.800000190734863,12.15999984741211,12.369999885559082,11.497814178466797,18350,0.0,0.0
2014-10-08,12.130000114440918,12.300000190734863,11.880000114440918,12.220000267028809,11.358389854431152,9745,0.0,0.0
2014-10-09,12.210000038146973,12.579999923706055,12.199999809265137,12.25,11.386274337768555,5190,0.0,0.0
2014-10-10,12.210000038146973,12.479999542236328,12.149999618530273,12.3100004196167,11.442044258117676,11020,0.0,0.0
2014-10-13,12.109999656677246,12.699999809265137,12.09000015258789,12.199999809265137,11.339798927307129,27275,0.0,0.0
2014-10-14,12.119999885559082,12.300000190734863,11.850000381469727,11.930000305175781,11.088837623596191,11370,0.0,0.0
2014-10-15,11.930000305175781,11.930000305175781,11.930000305175781,11.930000305175781,11.088837623596191,0,0.0,0.0
2014-10-16,12.010000228881836,12.119999885559082,11.609999656677246,11.729999542236328,10.902936935424805,14780,0.0,0.0
2014-10-17,11.630000114440918,12.100000381469727,11.630000114440918,11.920000076293945,11.07954216003418,9225,0.0,0.0
2014-10-20,13.1899995803833,13.1899995803833,11.850000381469727,12.119999885559082,11.265440940856934,10450,0.0,0.0
2014-10-21,12.59000015258789,12.59000015258789,11.649999618530273,11.869999885559082,11.033066749572754,4160,0.0,0.0
2014-10-22,11.619999885559082,12.180000305175781,11.619999885559082,12.020000457763672,11.172491073608398,13540,0.0,0.0
2014-10-27,11.8100004196167,12.600000381469727,11.8100004196167,12.15999984741211,11.302619934082031,30880,0.0,0.0
2014-10-28,12.050000190734863,12.260000228881836,12.020000457763672,12.0600004196167,11.209670066833496,11905,0.0,0.0
2014-10-29,12.010000228881836,12.6899995803833,12.010000228881836,12.210000038146973,11.34909439086914,74250,0.0,0.0
2014-10-30,11.880000114440918,12.329999923706055,11.880000114440918,12.020000457763672,11.172491073608398,18755,0.0,0.0
2014-10-31,12.100000381469727,12.289999961853027,11.9399995803833,12.039999961853027,11.191081047058105,22875,0.0,0.0
2014-11-03,13.399999618530273,13.399999618530273,11.819999694824219,12.079999923706055,11.22826099395752,20575,0.0,0.0
2014-11-05,12.100000381469727,12.369999885559082,12.100000381469727,12.199999809265137,11.339798927307129,15295,0.0,0.0
2014-11-07,12.319999694824219,12.699999809265137,12.0,12.109999656677246,11.256144523620605,43985,0.0,0.0
2014-11-10,12.300000190734863,12.300000190734863,11.899999618530273,12.029999732971191,11.181785583496094,19880,0.0,0.0
2014-11-11,11.869999885559082,12.359999656677246,11.869999885559082,12.039999961853027,11.191081047058105,32705,0.0,0.0
2014-11-12,12.0,14.4399995803833,12.0,13.100000381469727,12.176342964172363,388635,0.0,0.0
2014-11-13,13.15999984741211,14.149999618530273,12.529999732971191,13.109999656677246,12.185635566711426,191280,0.0,0.0
2014-11-14,12.8100004196167,13.09000015258789,12.470000267028809,12.619999885559082,11.730186462402344,26510,0.0,0.0
2014-11-17,12.800000190734863,13.279999732971191,12.100000381469727,12.260000228881836,11.395569801330566,48120,0.0,0.0
2014-11-18,12.739999771118164,12.989999771118164,12.390000343322754,12.569999694824219,11.683712005615234,47795,0.0,0.0
2014-11-19,12.989999771118164,12.989999771118164,12.199999809265137,12.199999809265137,11.339798927307129,74365,0.0,0.0
2014-11-20,12.130000114440918,12.239999771118164,12.079999923706055,12.15999984741211,11.302619934082031,5995,0.0,0.0
2014-11-21,12.260000228881836,12.350000381469727,12.15999984741211,12.210000038146973,11.34909439086914,21345,0.0,0.0
2014-11-24,12.899999618530273,12.899999618530273,12.109999656677246,12.229999542236328,11.367683410644531,33105,0.0,0.0
2014-11-25,12.130000114440918,12.510000228881836,11.850000381469727,11.920000076293945,11.07954216003418,23860,0.0,0.0
2014-11-26,12.119999885559082,12.199999809265137,12.039999961853027,12.140000343322754,11.28403091430664,12315,0.0,0.0
2014-11-27,12.010000228881836,12.039999961853027,11.970000267028809,12.0,11.153901100158691,9935,0.0,0.0
2014-11-28,12.199999809265137,13.199999809265137,12.010000228881836,12.760000228881836,11.860316276550293,95410,0.0,0.0
2014-12-01,13.619999885559082,13.960000038146973,12.829999923706055,12.960000038146973,12.046213150024414,555690,0.0,0.0
2014-12-02,13.020000457763672,13.779999732971191,12.84000015258789,13.020000457763672,12.101984024047852,312220,0.0,0.0
2014-12-03,13.1899995803833,13.479999542236328,12.739999771118164,12.979999542236328,12.064804077148438,105525,0.0,0.0
2014-12-04,13.300000190734863,13.300000190734863,12.479999542236328,12.710000038146973,11.813840866088867,49630,0.0,0.0
2014-12-05,12.989999771118164,13.0,12.510000228881836,12.609999656677246,11.720890998840332,52250,0.0,0.0
2014-12-08,12.600000381469727,13.15999984741211,12.220000267028809,12.229999542236328,11.367683410644531,62710,0.0,0.0
2014-12-09,12.760000228881836,12.760000228881836,12.039999961853027,12.149999618530273,11.29332447052002,37510,0.0,0.0
2014-12-10,12.210000038146973,12.579999923706055,12.1899995803833,12.40999984741211,11.534992218017578,63445,0.0,0.0
2014-12-11,12.460000038146973,12.460000038146973,12.119999885559082,12.170000076293945,11.311914443969727,21910,0.0,0.0
2014-12-12,12.239999771118164,12.300000190734863,12.050000190734863,12.09000015258789,11.237555503845215,16990,0.0,0.0
2014-12-15,11.960000038146973,12.279999732971191,11.960000038146973,12.0600004196167,11.209670066833496,9470,0.0,0.0
2014-12-16,12.399999618530273,12.600000381469727,11.729999542236328,11.869999885559082,11.033066749572754,29145,0.0,0.0
2014-12-17,11.800000190734863,11.949999809265137,11.420000076293945,11.779999732971191,10.949413299560547,12615,0.0,0.0
2014-12-18,12.020000457763672,12.199999809265137,12.0,12.0600004196167,11.209670066833496,25375,0.0,0.0
2014-12-19,12.600000381469727,12.600000381469727,12.0,12.020000457763672,11.172491073608398,17045,0.0,0.0
2014-12-22,12.0,12.399999618530273,11.8100004196167,12.09000015258789,11.237555503845215,26670,0.0,0.0
2014-12-23,12.460000038146973,12.460000038146973,12.010000228881836,12.029999732971191,11.181785583496094,5935,0.0,0.0
2014-12-24,12.100000381469727,12.600000381469727,12.0,12.09000015258789,11.237555503845215,40095,0.0,0.0
2014-12-26,12.899999618530273,12.899999618530273,12.0600004196167,12.069999694824219,11.218965530395508,7095,0.0,0.0
2014-12-29,12.720000267028809,12.720000267028809,12.25,12.260000228881836,11.395569801330566,3380,0.0,0.0
2014-12-30,12.479999542236328,12.680000305175781,12.09000015258789,12.34000015258789,11.469927787780762,40950,0.0,0.0
2014-12-31,12.0600004196167,12.460000038146973,12.029999732971191,12.359999656677246,11.488516807556152,4015,0.0,0.0
2015-01-01,12.180000305175781,12.399999618530273,12.170000076293945,12.399999618530273,11.525697708129883,9815,0.0,0.0
2015-01-02,12.279999732971191,13.600000381469727,12.279999732971191,12.59000015258789,11.702301025390625,21205,0.0,0.0
2015-01-05,12.460000038146973,12.779999732971191,12.260000228881836,12.460000038146973,11.58146858215332,16090,0.0,0.0
2015-01-06,12.34000015258789,13.0,12.050000190734863,12.279999732971191,11.414158821105957,24095,0.0,0.0
2015-01-07,11.930000305175781,12.34000015258789,11.930000305175781,12.050000190734863,11.200376510620117,15325,0.0,0.0
2015-01-08,12.069999694824219,12.399999618530273,12.069999694824219,12.279999732971191,11.414158821105957,30545,0.0,0.0
2015-01-09,12.15999984741211,12.390000343322754,12.109999656677246,12.199999809265137,11.339798927307129,5820,0.0,0.0
2015-01-12,12.449999809265137,12.449999809265137,12.079999923706055,12.119999885559082,11.265440940856934,4775,0.0,0.0
2015-01-13,12.0600004196167,12.699999809265137,12.0600004196167,12.119999885559082,11.265440940856934,62765,0.0,0.0
2015-01-14,11.960000038146973,12.680000305175781,11.949999809265137,11.949999809265137,11.107426643371582,35160,0.0,0.0
2015-01-15,11.970000267028809,12.25,11.970000267028809,12.140000343322754,11.28403091430664,15140,0.0,0.0
2015-01-16,11.960000038146973,12.09000015258789,11.819999694824219,11.899999618530273,11.060952186584473,24255,0.0,0.0
2015-01-19,11.920000076293945,12.279999732971191,11.90999984741211,12.1899995803833,11.330504417419434,18035,0.0,0.0
2015-01-20,12.130000114440918,12.399999618530273,12.039999961853027,12.130000114440918,11.274735450744629,27205,0.0,0.0
2015-01-21,12.0,12.899999618530273,12.0,12.430000305175781,11.553583145141602,67180,0.0,0.0
2015-01-22,12.600000381469727,12.600000381469727,12.119999885559082,12.25,11.386274337768555,16895,0.0,0.0
2015-01-23,12.149999618530273,12.1899995803833,11.9399995803833,12.039999961853027,11.191081047058105,15385,0.0,0.0
2015-01-27,12.0600004196167,12.470000267028809,12.0600004196167,12.25,11.386274337768555,21365,0.0,0.0
2015-01-28,12.079999923706055,12.300000190734863,12.0600004196167,12.069999694824219,11.218965530395508,12310,0.0,0.0
2015-01-29,14.479999542236328,14.479999542236328,14.479999542236328,14.479999542236328,13.459040641784668,99405,0.0,0.0
2015-01-30,16.760000228881836,17.3700008392334,15.90999984741211,16.68000030517578,15.503923416137695,1435270,0.0,0.0
2015-02-02,16.979999542236328,19.700000762939453,16.799999237060547,18.979999542236328,17.641756057739258,1374240,0.0,0.0
2015-02-03,19.540000915527344,20.799999237060547,19.020000457763672,19.68000030517578,18.29239845275879,1245035,0.0,0.0
2015-02-04,20.559999465942383,21.0,19.040000915527344,19.34000015258789,17.97637176513672,353960,0.0,0.0
2015-02-05,19.200000762939453,19.200000762939453,17.40999984741211,17.510000228881836,16.275402069091797,357900,0.0,0.0
2015-02-06,17.8799991607666,18.799999237060547,17.040000915527344,17.219999313354492,16.005847930908203,319825,0.0,0.0
2015-02-09,17.389999389648438,17.5,16.459999084472656,16.639999389648438,15.466744422912598,90420,0.0,0.0
2015-02-10,16.219999313354492,17.139999389648438,16.219999313354492,16.729999542236328,15.550395965576172,62370,0.0,0.0
2015-02-11,16.6200008392334,17.280000686645508,16.399999618530273,16.489999771118164,15.327320098876953,63590,0.0,0.0
2015-02-12,16.420000076293945,17.0,16.399999618530273,16.700000762939453,15.522512435913086,26980,0.0,0.0
2015-02-13,17.100000381469727,18.360000610351562,16.399999618530273,16.469999313354492,15.308730125427246,38075,0.0,0.0
2015-02-16,16.420000076293945,17.149999618530273,16.299999237060547,16.43000030517578,15.271550178527832,29820,0.0,0.0
2015-02-18,16.299999237060547,17.780000686645508,16.059999465942383,17.190000534057617,15.977965354919434,163545,0.0,0.0
2015-02-19,17.399999618530273,18.65999984741211,17.100000381469727,17.690000534057617,16.44270896911621,272340,0.0,0.0
2015-02-20,18.299999237060547,18.600000381469727,17.219999313354492,17.43000030517578,16.20104217529297,147720,0.0,0.0
2015-02-23,17.780000686645508,18.18000030517578,16.6200008392334,16.809999465942383,15.624755859375,99180,0.0,0.0
2015-02-24,16.709999084472656,17.0,16.280000686645508,16.3799991607666,15.22507381439209,39795,0.0,0.0
2015-02-25,16.760000228881836,16.760000228881836,15.699999809265137,15.890000343322754,14.769625663757324,44615,0.0,0.0
2015-02-26,16.389999389648438,16.399999618530273,15.649999618530273,16.010000228881836,14.881163597106934,22310,0.0,0.0
2015-02-27,16.100000381469727,16.270000457763672,15.859999656677246,16.1200008392334,14.98340892791748,34875,0.0,0.0
2015-03-02,16.700000762939453,16.700000762939453,15.300000190734863,15.970000267028809,14.843982696533203,18555,0.0,0.0
2015-03-03,16.0,16.56999969482422,15.84000015258789,16.360000610351562,15.206487655639648,38505,0.0,0.0
2015-03-04,16.200000762939453,16.549999237060547,16.049999237060547,16.1299991607666,14.992701530456543,25095,0.0,0.0
2015-03-05,15.800000190734863,16.3799991607666,15.609999656677246,16.1200008392334,14.98340892791748,40280,0.0,0.0
2015-03-09,16.100000381469727,17.600000381469727,16.0,17.34000015258789,16.117387771606445,102170,0.0,0.0
2015-03-10,17.549999237060547,17.549999237060547,16.059999465942383,16.329999923706055,15.17859935760498,82550,0.0,0.0
2015-03-11,16.469999313354492,16.700000762939453,16.200000762939453,16.549999237060547,15.383088111877441,25405,0.0,0.0
2015-03-12,16.299999237060547,16.700000762939453,16.200000762939453,16.549999237060547,15.383088111877441,30695,0.0,0.0
2015-03-13,16.309999465942383,16.75,16.139999389648438,16.209999084472656,15.067061424255371,36485,0.0,0.0
2015-03-16,16.799999237060547,17.280000686645508,16.200000762939453,16.40999984741211,15.252957344055176,105485,0.0,0.0
2015-03-17,16.399999618530273,16.530000686645508,16.270000457763672,16.290000915527344,15.141422271728516,14590,0.0,0.0
2015-03-18,16.600000381469727,16.729999542236328,15.800000190734863,16.440000534057617,15.280845642089844,24615,0.0,0.0
2015-03-19,16.59000015258789,17.549999237060547,16.389999389648438,16.719999313354492,15.54110336303711,110075,0.0,0.0
2015-03-20,16.5,16.5,16.0,16.170000076293945,15.029882431030273,55135,0.0,0.0
2015-03-23,16.100000381469727,16.209999084472656,15.199999809265137,15.569999694824219,14.472187995910645,51255,0.0,0.0
2015-03-24,15.399999618530273,15.899999618530273,15.399999618530273,15.649999618530273,14.54654598236084,12705,0.0,0.0
2015-03-25,15.399999618530273,15.770000457763672,14.9399995803833,15.069999694824219,14.007440567016602,53105,0.0,0.0
2015-03-26,14.90999984741211,15.399999618530273,14.199999809265137,14.3100004196167,13.301027297973633,36965,0.0,0.0
2015-03-27,14.399999618530273,14.600000381469727,13.65999984741211,14.279999732971191,13.273141860961914,47770,0.0,0.0
2015-03-30,16.200000762939453,16.200000762939453,13.699999809265137,14.399999618530273,13.38468074798584,28065,0.0,0.0
2015-03-31,14.510000228881836,14.8100004196167,14.020000457763672,14.359999656677246,13.347500801086426,32935,0.0,0.0
2015-04-01,14.199999809265137,17.229999542236328,14.1899995803833,17.229999542236328,16.01514434814453,861390,0.0,0.0
2015-04-06,17.56999969482422,17.940000534057617,16.09000015258789,16.93000030517578,15.736296653747559,411860,0.0,0.0
2015-04-07,16.860000610351562,16.860000610351562,16.25,16.43000030517578,15.271550178527832,13480,0.0,0.0
2015-04-08,16.540000915527344,19.700000762939453,16.5,18.350000381469727,17.056171417236328,518715,0.0,0.0
2015-04-09,18.280000686645508,20.799999237060547,17.799999237060547,19.280000686645508,17.920602798461914,635545,0.0,0.0
2015-04-10,19.34000015258789,21.399999618530273,19.34000015258789,19.899999618530273,18.49688720703125,700195,0.0,0.0
2015-04-13,20.0,22.079999923706055,20.0,21.40999984741211,19.900419235229492,486065,0.0,0.0
2015-04-15,22.0,22.0,19.65999984741211,19.969999313354492,18.56195068359375,144700,0.0,0.0
2015-04-16,20.329999923706055,20.399999618530273,19.079999923706055,19.209999084472656,17.85553550720215,54335,0.0,0.0
2015-04-17,19.780000686645508,19.780000686645508,18.899999618530273,18.979999542236328,17.641756057739258,29975,0.0,0.0
2015-04-20,19.200000762939453,19.559999465942383,18.34000015258789,18.420000076293945,17.12123680114746,39025,0.0,0.0
2015-04-21,18.25,19.200000762939453,18.25,18.799999237060547,17.474443435668945,14895,0.0,0.0
2015-04-22,18.610000610351562,19.149999618530273,18.0,18.600000381469727,17.28854751586914,24295,0.0,0.0
2015-04-23,18.700000762939453,19.5,18.260000228881836,18.489999771118164,17.186302185058594,17935,0.0,0.0
2015-04-24,19.309999465942383,19.309999465942383,18.040000915527344,18.059999465942383,16.78662109375,17570,0.0,0.0
2015-04-27,18.790000915527344,18.790000915527344,17.219999313354492,17.510000228881836,16.275402069091797,24365,0.0,0.0
2015-04-28,17.600000381469727,18.5,17.219999313354492,17.729999542236328,16.479888916015625,6870,0.0,0.0
2015-04-29,17.309999465942383,18.239999771118164,17.309999465942383,17.799999237060547,16.544954299926758,12390,0.0,0.0
2015-04-30,18.280000686645508,18.299999237060547,17.420000076293945,17.670000076293945,16.424118041992188,20845,0.0,0.0
2015-05-04,17.690000534057617,18.770000457763672,17.690000534057617,18.40999984741211,17.1119441986084,19010,0.0,0.0
2015-05-05,19.229999542236328,19.229999542236328,18.0,18.209999084472656,16.926044464111328,2345,0.0,0.0
2015-05-06,19.200000762939453,19.200000762939453,17.440000534057617,17.700000762939453,16.452003479003906,15995,0.0,0.0
2015-05-07,17.700000762939453,17.700000762939453,17.149999618530273,17.450000762939453,16.21963119506836,7080,0.0,0.0
2015-05-08,17.209999084472656,17.799999237060547,17.209999084472656,17.260000228881836,16.04302978515625,7060,0.0,0.0
2015-05-11,17.200000762939453,18.0,17.0,17.510000228881836,16.275402069091797,7840,0.0,0.0
2015-05-12,17.219999313354492,17.5,17.110000610351562,17.139999389648438,15.931487083435059,3095,0.0,0.0
2015-05-13,18.600000381469727,18.600000381469727,16.799999237060547,17.31999969482422,16.098798751831055,3820,0.0,0.0
2015-05-14,17.079999923706055,17.290000915527344,17.0,17.229999542236328,16.01514434814453,12550,0.0,0.0
2015-05-15,18.979999542236328,18.979999542236328,16.81999969482422,17.290000915527344,16.070913314819336,11945,0.0,0.0
2015-05-18,18.719999313354492,18.719999313354492,17.299999237060547,17.469999313354492,16.238222122192383,10790,0.0,0.0
2015-05-19,18.399999618530273,19.360000610351562,17.510000228881836,18.229999542236328,16.94463539123535,50230,0.0,0.0
2015-05-20,18.420000076293945,19.459999084472656,18.399999618530273,18.709999084472656,17.390790939331055,130730,0.0,0.0
2015-05-21,19.149999618530273,19.149999618530273,17.93000030517578,18.280000686645508,16.99110984802246,22510,0.0,0.0
2015-05-22,18.5,18.5,17.899999618530273,18.200000762939453,16.916748046875,16510,0.0,0.0
2015-05-25,18.200000762939453,18.399999618530273,17.149999618530273,17.15999984741211,15.950078010559082,71165,0.0,0.0
2015-05-26,17.040000915527344,18.200000762939453,17.040000915527344,17.290000915527344,16.070913314819336,19235,0.0,0.0
2015-05-27,17.0,17.020000457763672,15.239999771118164,15.489999771118164,14.397826194763184,96035,0.0,0.0
2015-05-28,16.0,16.0,14.720000267028809,15.25,14.174750328063965,20840,0.0,0.0
2015-05-29,15.199999809265137,15.420000076293945,13.880000114440918,14.920000076293945,13.868017196655273,51690,0.0,0.0
2015-06-01,15.899999618530273,15.899999618530273,14.210000038146973,14.3100004196167,13.301027297973633,26375,0.0,0.0
2015-06-02,14.359999656677246,14.779999732971191,14.220000267028809,14.270000457763672,13.263847351074219,12370,0.0,0.0
2015-06-03,14.970000267028809,14.970000267028809,13.020000457763672,13.399999618530273,12.45518970489502,76525,0.0,0.0
2015-06-04,13.420000076293945,14.0,12.739999771118164,13.119999885559082,12.194931983947754,87110,0.0,0.0
2015-06-05,13.779999732971191,13.800000190734863,12.930000305175781,13.600000381469727,12.64108943939209,33355,0.0,0.0
2015-06-08,13.020000457763672,13.789999961853027,13.020000457763672,13.210000038146973,12.278587341308594,7315,0.0,0.0
2015-06-09,13.25,13.640000343322754,12.8100004196167,13.100000381469727,12.176342964172363,31270,0.0,0.0
2015-06-10,14.729999542236328,14.729999542236328,12.829999923706055,12.949999809265137,12.036917686462402,39375,0.0,0.0
2015-06-11,13.199999809265137,13.199999809265137,12.40999984741211,12.630000114440918,11.739480972290039,15905,0.0,0.0
2015-06-12,12.430000305175781,12.800000190734863,12.430000305175781,12.649999618530273,11.758070945739746,8170,0.0,0.0
2015-06-15,12.960000038146973,12.960000038146973,12.25,12.600000381469727,11.711596488952637,4780,0.0,0.0
2015-06-16,13.069999694824219,13.069999694824219,12.880000114440918,12.960000038146973,12.046213150024414,5320,0.0,0.0
2015-06-17,14.399999618530273,14.899999618530273,12.760000228881836,13.119999885559082,12.194931983947754,4110,0.0,0.0
2015-06-18,12.800000190734863,13.399999618530273,12.600000381469727,13.329999923706055,12.390125274658203,6660,0.0,0.0
2015-06-19,13.199999809265137,14.0,13.199999809265137,13.34000015258789,12.399420738220215,12730,0.0,0.0
2015-06-22,13.199999809265137,13.399999618530273,12.9399995803833,13.100000381469727,12.176342964172363,26340,0.0,0.0
2015-06-23,13.399999618530273,13.449999809265137,12.729999542236328,13.350000381469727,12.40871524810791,9015,0.0,0.0
2015-06-24,13.489999771118164,14.25,12.699999809265137,14.0,13.012885093688965,36865,0.0,0.0
2015-06-25,14.59000015258789,14.59000015258789,13.40999984741211,13.630000114440918,12.668972969055176,7685,0.0,0.0
2015-06-26,13.460000038146973,13.699999809265137,13.130000114440918,13.1899995803833,12.25999641418457,14215,0.0,0.0
2015-06-29,12.960000038146973,13.15999984741211,12.720000267028809,13.039999961853027,12.120573043823242,9085,0.0,0.0
2015-06-30,12.960000038146973,13.350000381469727,12.739999771118164,13.199999809265137,12.269290924072266,2525,0.0,0.0
2015-07-01,13.5,13.800000190734863,13.119999885559082,13.489999771118164,12.538844108581543,2105,0.0,0.0
2015-07-02,13.300000190734863,13.960000038146973,13.0,13.670000076293945,12.706151962280273,5855,0.0,0.0
2015-07-03,14.0,14.199999809265137,12.65999984741211,12.880000114440918,11.971854209899902,184010,0.0,0.0
2015-07-06,13.220000267028809,13.600000381469727,12.800000190734863,12.920000076293945,12.009033203125,141900,0.0,0.0
2015-07-07,13.5600004196167,14.579999923706055,12.779999732971191,12.90999984741211,11.999738693237305,182575,0.0,0.0
2015-07-08,12.399999618530273,12.960000038146973,12.399999618530273,12.779999732971191,11.878904342651367,34955,0.0,0.0
2015-07-09,12.800000190734863,13.199999809265137,12.800000190734863,13.020000457763672,12.101984024047852,14790,0.0,0.0
2015-07-10,13.300000190734863,13.300000190734863,12.9399995803833,12.960000038146973,12.046213150024414,8395,0.0,0.0
2015-07-13,13.0,13.1899995803833,12.800000190734863,12.819999694824219,11.916084289550781,34885,0.0,0.0
2015-07-14,12.819999694824219,13.199999809265137,12.819999694824219,13.149999618530273,12.222817420959473,11175,0.0,0.0
2015-07-15,12.84000015258789,13.199999809265137,12.84000015258789,12.949999809265137,12.036917686462402,20795,0.0,0.0
2015-07-16,13.369999885559082,13.369999885559082,13.0,13.170000076293945,12.24140739440918,9490,0.0,0.0
2015-07-17,13.199999809265137,13.199999809265137,13.0,13.119999885559082,12.194931983947754,6965,0.0,0.0
2015-07-20,13.199999809265137,14.140000343322754,12.850000381469727,13.119999885559082,12.194931983947754,438545,0.0,0.0
2015-07-21,13.0,13.569999694824219,12.510000228881836,12.600000381469727,11.711596488952637,129810,0.0,0.0
2015-07-22,13.0,13.0,11.600000381469727,12.050000190734863,11.200376510620117,350275,0.0,0.0
2015-07-23,12.300000190734863,12.359999656677246,12.079999923706055,12.300000190734863,11.432748794555664,23250,0.0,0.0
2015-07-24,12.3100004196167,12.789999961853027,12.300000190734863,12.720000267028809,11.823136329650879,21450,0.0,0.0
2015-07-27,12.789999961853027,12.84000015258789,12.319999694824219,12.479999542236328,11.600057601928711,17065,0.0,0.0
2015-07-28,12.600000381469727,12.779999732971191,11.800000190734863,12.100000381469727,11.246850967407227,362450,0.0,0.0
2015-07-29,12.800000190734863,12.800000190734863,12.140000343322754,12.300000190734863,11.432748794555664,17090,0.0,0.0
2015-07-30,12.029999732971191,12.520000457763672,12.029999732971191,12.40999984741211,11.534992218017578,60845,0.0,0.0
2015-07-31,12.420000076293945,12.670000076293945,12.300000190734863,12.569999694824219,11.683712005615234,25710,0.0,0.0
2015-08-03,13.0,14.680000305175781,12.619999885559082,14.289999961853027,13.28243637084961,2051340,0.0,0.0
2015-08-04,14.520000457763672,15.289999961853027,14.119999885559082,14.869999885559082,13.821542739868164,890805,0.0,0.0
2015-08-05,15.020000457763672,15.319999694824219,14.880000114440918,15.0,13.942376136779785,173075,0.0,0.0
2015-08-06,15.5,16.670000076293945,15.039999961853027,16.31999969482422,15.169305801391602,453570,0.0,0.0
2015-08-07,16.600000381469727,16.920000076293945,16.0,16.690000534057617,15.51321792602539,295020,0.0,0.0
2015-08-10,16.969999313354492,20.0,16.5,17.34000015258789,16.117387771606445,248975,0.0,0.0
2015-08-11,17.56999969482422,17.56999969482422,16.31999969482422,16.850000381469727,15.661935806274414,76785,0.0,0.0
2015-08-12,17.0,17.389999389648438,16.010000228881836,16.25,15.104241371154785,51415,0.0,0.0
2015-08-13,16.90999984741211,17.799999237060547,14.5,14.670000076293945,13.635645866394043,375815,0.0,0.0
2015-08-14,14.65999984741211,15.970000267028809,14.029999732971191,15.619999885559082,14.518661499023438,140020,0.0,0.0
2015-08-17,15.399999618530273,16.25,15.220000267028809,15.979999542236328,14.853277206420898,51250,0.0,0.0
2015-08-18,16.190000534057617,16.360000610351562,15.600000381469727,16.25,15.104241371154785,40125,0.0,0.0
2015-08-19,16.399999618530273,17.600000381469727,16.31999969482422,16.510000228881836,15.345911026000977,128070,0.0,0.0
2015-08-20,16.399999618530273,16.780000686645508,15.850000381469727,16.049999237060547,14.918341636657715,17945,0.0,0.0
2015-08-21,15.600000381469727,15.899999618530273,15.020000457763672,15.229999542236328,14.156159400939941,65375,0.0,0.0
2015-08-24,15.0,15.380000114440918,13.699999809265137,14.020000457763672,13.031474113464355,158875,0.0,0.0
2015-08-25,13.819999694824219,14.220000267028809,13.300000190734863,14.0,13.012885093688965,68395,0.0,0.0
2015-08-26,14.020000457763672,14.34000015258789,13.729999542236328,14.0,13.012885093688965,29605,0.0,0.0
2015-08-27,14.770000457763672,15.329999923706055,14.319999694824219,15.050000190734863,13.988851547241211,48050,0.0,0.0
2015-08-28,15.199999809265137,15.59000015258789,14.9399995803833,14.970000267028809,13.9144926071167,42610,0.0,0.0
2015-08-31,15.729999542236328,15.739999771118164,14.4399995803833,15.199999809265137,14.128274917602539,17035,0.0,0.0
2015-09-01,15.0,15.350000381469727,13.550000190734863,13.949999809265137,12.966409683227539,249165,0.0,0.0
2015-09-02,14.380000114440918,14.380000114440918,13.710000038146973,13.890000343322754,12.91064167022705,25550,0.0,0.0
2015-09-03,13.760000228881836,14.199999809265137,13.699999809265137,14.149999618530273,13.152308464050293,50955,0.0,0.0
2015-09-04,14.390000343322754,14.399999618530273,13.5600004196167,13.84000015258789,12.864166259765625,36415,0.0,0.0
2015-09-07,14.1899995803833,14.1899995803833,13.100000381469727,13.239999771118164,12.30647087097168,25010,0.0,0.0
2015-09-08,13.069999694824219,13.869999885559082,13.020000457763672,13.739999771118164,12.771217346191406,29145,0.0,0.0
2015-09-09,14.0,14.5600004196167,13.800000190734863,13.899999618530273,12.919936180114746,30080,0.0,0.0
2015-09-10,14.1899995803833,14.1899995803833,13.34000015258789,13.760000228881836,12.789807319641113,17575,0.0,0.0
2015-09-11,13.800000190734863,14.199999809265137,13.770000457763672,14.130000114440918,13.133718490600586,20655,0.0,0.0
2015-09-14,14.0,14.359999656677246,13.739999771118164,14.140000343322754,13.331713676452637,7340,0.2,0.0
2015-09-15,15.420000076293945,15.420000076293945,14.0,14.15999984741211,13.350570678710938,28305,0.0,0.0
2015-09-16,14.199999809265137,14.5,13.800000190734863,14.029999732971191,13.228001594543457,24865,0.0,0.0
2015-09-18,14.180000305175781,14.399999618530273,14.020000457763672,14.15999984741211,13.350570678710938,4845,0.0,0.0
2015-09-21,14.5,14.539999961853027,13.829999923706055,14.020000457763672,13.218573570251465,13290,0.0,0.0
2015-09-22,14.199999809265137,14.800000190734863,14.100000381469727,14.350000381469727,13.52971076965332,40450,0.0,0.0
2015-09-23,14.210000038146973,14.59000015258789,14.149999618530273,14.25,13.435425758361816,22505,0.0,0.0
2015-09-24,14.0600004196167,14.579999923706055,14.0600004196167,14.420000076293945,13.595708847045898,14390,0.0,0.0
2015-09-28,14.5,14.520000457763672,14.399999618530273,14.399999618530273,13.576850891113281,15450,0.0,0.0
2015-09-29,15.600000381469727,15.600000381469727,14.130000114440918,14.140000343322754,13.331713676452637,18460,0.0,0.0
2015-09-30,14.020000457763672,14.460000038146973,14.020000457763672,14.399999618530273,13.576850891113281,13625,0.0,0.0
2015-10-01,14.399999618530273,14.5,14.079999923706055,14.170000076293945,13.359999656677246,3520,0.0,0.0
2015-10-05,14.170000076293945,14.399999618530273,14.140000343322754,14.3100004196167,13.491996765136719,22310,0.0,0.0
2015-10-06,14.5,14.600000381469727,14.390000343322754,14.5,13.671135902404785,16165,0.0,0.0
2015-10-07,14.6899995803833,14.6899995803833,14.3100004196167,14.4399995803833,13.614563941955566,11425,0.0,0.0
2015-10-08,14.319999694824219,15.359999656677246,14.300000190734863,15.039999961853027,14.180266380310059,106825,0.0,0.0
2015-10-09,14.800000190734863,15.300000190734863,14.460000038146973,14.970000267028809,14.114269256591797,18515,0.0,0.0
2015-10-12,14.970000267028809,14.970000267028809,14.600000381469727,14.680000305175781,13.84084701538086,14145,0.0,0.0
2015-10-13,14.680000305175781,14.989999771118164,14.619999885559082,14.949999809265137,14.095412254333496,11160,0.0,0.0
2015-10-14,14.9399995803833,15.350000381469727,14.6899995803833,15.210000038146973,14.34054946899414,44620,0.0,0.0
2015-10-15,15.100000381469727,15.579999923706055,14.920000076293945,15.050000190734863,14.189696311950684,37240,0.0,0.0
2015-10-16,15.399999618530273,15.569999694824219,15.140000343322754,15.260000228881836,14.387691497802734,38355,0.0,0.0
2015-10-19,15.399999618530273,15.399999618530273,15.020000457763672,15.029999732971191,14.170839309692383,3335,0.0,0.0
2015-10-20,15.0,15.399999618530273,14.84000015258789,15.399999618530273,14.519688606262207,8465,0.0,0.0
2015-10-21,15.199999809265137,15.65999984741211,15.199999809265137,15.4399995803833,14.557401657104492,13625,0.0,0.0
2015-10-23,15.569999694824219,15.569999694824219,15.020000457763672,15.069999694824219,14.208552360534668,5060,0.0,0.0
2015-10-26,15.100000381469727,15.300000190734863,14.979999542236328,15.260000228881836,14.387691497802734,2105,0.0,0.0
2015-10-27,15.300000190734863,15.300000190734863,14.800000190734863,14.8100004196167,13.963415145874023,765,0.0,0.0
2015-10-28,14.819999694824219,15.199999809265137,14.819999694824219,14.819999694824219,13.972844123840332,2675,0.0,0.0
2015-10-29,14.800000190734863,15.1899995803833,14.640000343322754,15.100000381469727,14.236838340759277,8175,0.0,0.0
2015-10-30,15.5,15.579999923706055,14.699999809265137,14.84000015258789,13.991701126098633,9005,0.0,0.0
2015-11-02,15.800000190734863,17.799999237060547,15.800000190734863,17.799999237060547,16.78249740600586,696895,0.0,0.0
2015-11-03,18.260000228881836,18.84000015258789,16.600000381469727,17.6200008392334,16.612789154052734,744690,0.0,0.0
2015-11-04,18.299999237060547,21.139999389648438,17.760000228881836,20.989999771118164,19.790145874023438,1386340,0.0,0.0
2015-11-05,20.950000762939453,21.5,19.520000457763672,19.959999084472656,18.81902313232422,951410,0.0,0.0
2015-11-06,19.6200008392334,20.670000076293945,19.280000686645508,19.489999771118164,18.375890731811523,123990,0.0,0.0
2015-11-09,19.3799991607666,20.0,19.0,19.600000381469727,18.479604721069336,85905,0.0,0.0
2015-11-10,19.799999237060547,21.299999237060547,19.700000762939453,20.329999923706055,19.167875289916992,187625,0.0,0.0
2015-11-13,21.600000381469727,21.600000381469727,19.799999237060547,20.15999984741211,19.007593154907227,127325,0.0,0.0
2015-11-16,20.0,22.170000076293945,19.170000076293945,22.170000076293945,20.902692794799805,174935,0.0,0.0
2015-11-17,22.979999542236328,24.3799991607666,22.979999542236328,23.389999389648438,22.052953720092773,392620,0.0,0.0
2015-11-18,23.139999389648438,24.860000610351562,22.799999237060547,24.299999237060547,22.91093635559082,348115,0.0,0.0
2015-11-19,24.6299991607666,24.950000762939453,23.6200008392334,23.780000686645508,22.42066192626953,79620,0.0,0.0
2015-11-20,23.799999237060547,24.739999771118164,22.899999618530273,23.149999618530273,21.82667350769043,82070,0.0,0.0
2015-11-23,23.149999618530273,24.440000534057617,23.149999618530273,24.219999313354492,22.835508346557617,167710,0.0,0.0
2015-11-24,24.299999237060547,25.0,23.06999969482422,23.520000457763672,22.17552375793457,139725,0.0,0.0
2015-11-26,24.200000762939453,24.780000686645508,23.6200008392334,24.06999969482422,22.694082260131836,252435,0.0,0.0
2015-11-27,24.18000030517578,24.389999389648438,23.299999237060547,23.489999771118164,22.147241592407227,86340,0.0,0.0
2015-11-30,23.489999771118164,24.18000030517578,22.600000381469727,23.739999771118164,22.38294792175293,92995,0.0,0.0
2015-12-01,24.190000534057617,26.1299991607666,23.65999984741211,25.979999542236328,24.494903564453125,889995,0.0,0.0
2015-12-02,27.0,27.93000030517578,26.459999084472656,27.0,25.45659637451172,585500,0.0,0.0
2015-12-03,27.0,27.200000762939453,25.43000030517578,25.920000076293945,24.43833351135254,284070,0.0,0.0
2015-12-04,26.0,26.399999618530273,25.450000762939453,25.729999542236328,24.259193420410156,191925,0.0,0.0
2015-12-07,26.3700008392334,26.3700008392334,24.450000762939453,24.68000030517578,23.269214630126953,220245,0.0,0.0
2015-12-08,24.799999237060547,24.84000015258789,22.440000534057617,23.219999313354492,21.892671585083008,245660,0.0,0.0
2015-12-09,22.520000457763672,24.600000381469727,22.479999542236328,23.280000686645508,21.949243545532227,281580,0.0,0.0
2015-12-10,23.709999084472656,24.0,23.0,23.8700008392334,22.50551986694336,118060,0.0,0.0
2015-12-11,23.600000381469727,24.0,23.110000610351562,23.530000686645508,22.184953689575195,65570,0.0,0.0
2015-12-14,23.290000915527344,24.93000030517578,23.059999465942383,24.290000915527344,22.901508331298828,166010,0.0,0.0
2015-12-15,24.100000381469727,25.200000762939453,23.81999969482422,23.950000762939453,22.58094596862793,157710,0.0,0.0
2015-12-16,24.200000762939453,25.540000915527344,23.399999618530273,24.979999542236328,23.552066802978516,295575,0.0,0.0
2015-12-17,25.200000762939453,25.700000762939453,24.700000762939453,25.31999969482422,23.872629165649414,162265,0.0,0.0
2015-12-18,25.34000015258789,26.959999084472656,24.889999389648438,26.09000015258789,24.598615646362305,397480,0.0,0.0
2015-12-21,26.479999542236328,27.93000030517578,26.399999618530273,27.100000381469727,25.55088233947754,228225,0.0,0.0
2015-12-22,27.280000686645508,27.809999465942383,26.799999237060547,26.860000610351562,25.324600219726562,138715,0.0,0.0
2015-12-23,27.1200008392334,27.790000915527344,25.940000534057617,26.6200008392334,25.098318099975586,342010,0.0,0.0
2015-12-24,26.81999969482422,27.200000762939453,26.309999465942383,26.850000381469727,25.31517219543457,142250,0.0,0.0
2015-12-28,27.170000076293945,27.56999969482422,26.600000381469727,26.899999618530273,25.362314224243164,164035,0.0,0.0
2015-12-29,27.020000457763672,27.18000030517578,26.299999237060547,26.56999969482422,25.051179885864258,88560,0.0,0.0
2015-12-30,27.0,27.579999923706055,26.6200008392334,27.209999084472656,25.654592514038086,80655,0.0,0.0
2015-12-31,27.360000610351562,29.559999465942383,27.360000610351562,29.059999465942383,27.398839950561523,491380,0.0,0.0
2016-01-01,29.200000762939453,34.4900016784668,29.200000762939453,33.61000061035156,31.688749313354492,1591745,0.0,0.0
2016-01-04,33.939998626708984,35.959999084472656,33.63999938964844,35.43000030517578,33.40470886230469,885590,0.0,0.0
2016-01-05,35.599998474121094,36.849998474121094,34.65999984741211,34.880001068115234,32.88615417480469,444610,0.0,0.0
2016-01-06,35.02000045776367,35.689998626708984,31.229999542236328,33.650001525878906,31.72646141052246,403175,0.0,0.0
2016-01-07,33.599998474121094,33.599998474121094,31.600000381469727,31.700000762939453,29.88793182373047,282055,0.0,0.0
2016-01-08,32.619998931884766,32.900001525878906,31.860000610351562,32.5099983215332,30.651628494262695,119235,0.0,0.0
2016-01-11,32.70000076293945,32.70000076293945,30.149999618530273,31.059999465942383,29.284513473510742,138245,0.0,0.0
2016-01-12,31.020000457763672,32.279998779296875,30.399999618530273,31.579999923706055,29.774789810180664,110490,0.0,0.0
2016-01-13,31.579999923706055,33.79999923706055,26.219999313354492,29.479999542236328,27.794830322265625,484750,0.0,0.0
2016-01-14,29.34000015258789,30.899999618530273,26.020000457763672,29.979999542236328,28.266250610351562,154820,0.0,0.0
2016-01-15,29.979999542236328,31.5,27.600000381469727,27.84000015258789,26.248580932617188,139750,0.0,0.0
2016-01-18,26.1299991607666,27.34000015258789,24.399999618530273,25.68000030517578,24.212051391601562,275715,0.0,0.0
2016-01-19,27.0,28.0,25.1200008392334,27.649999618530273,26.069440841674805,135980,0.0,0.0
2016-01-20,27.0,27.0,25.0,25.989999771118164,24.504331588745117,202175,0.0,0.0
2016-01-21,26.399999618530273,27.600000381469727,25.979999542236328,26.93000030517578,25.39059829711914,102675,0.0,0.0
2016-01-22,27.600000381469727,29.030000686645508,27.0,28.09000015258789,26.484289169311523,98675,0.0,0.0
2016-01-25,28.40999984741211,30.559999465942383,28.399999618530273,29.1299991607666,27.464839935302734,91015,0.0,0.0
2016-01-27,29.399999618530273,30.65999984741211,28.809999465942383,29.56999969482422,27.879690170288086,49280,0.0,0.0
2016-01-28,29.200000762939453,30.600000381469727,29.200000762939453,29.979999542236328,28.266250610351562,48320,0.0,0.0
2016-01-29,29.979999542236328,30.989999771118164,29.0,29.510000228881836,27.823118209838867,47085,0.0,0.0
2016-02-01,29.399999618530273,30.200000762939453,29.0,29.15999984741211,27.49312400817871,37995,0.0,0.0
2016-02-02,29.200000762939453,29.600000381469727,27.610000610351562,28.0,26.39943504333496,51235,0.0,0.0
2016-02-03,27.399999618530273,28.31999969482422,26.600000381469727,27.190000534057617,25.6357364654541,103825,0.0,0.0
2016-02-04,28.81999969482422,29.3799991607666,26.450000762939453,26.739999771118164,25.21146011352539,72055,0.0,0.0
2016-02-05,26.719999313354492,28.399999618530273,26.59000015258789,27.68000030517578,26.097726821899414,39245,0.0,0.0
2016-02-08,28.399999618530273,28.399999618530273,25.43000030517578,25.670000076293945,24.202625274658203,176055,0.0,0.0
2016-02-09,25.420000076293945,26.399999618530273,24.68000030517578,26.059999465942383,24.570329666137695,122425,0.0,0.0
2016-02-10,25.93000030517578,26.360000610351562,24.329999923706055,25.649999618530273,24.183765411376953,60495,0.0,0.0
2016-02-11,25.219999313354492,25.5,23.0,23.59000015258789,22.24152374267578,59390,0.0,0.0
2016-02-12,22.799999237060547,23.559999465942383,20.760000228881836,22.709999084472656,21.41182518005371,104575,0.0,0.0
2016-02-15,23.209999084472656,25.200000762939453,23.200000762939453,24.829999923706055,23.410640716552734,70460,0.0,0.0
2016-02-16,24.81999969482422,25.700000762939453,23.6200008392334,24.850000381469727,23.42949867248535,96270,0.0,0.0
2016-02-17,25.09000015258789,25.09000015258789,22.399999618530273,24.200000762939453,22.816654205322266,53210,0.0,0.0
2016-02-18,24.700000762939453,25.139999389648438,24.600000381469727,24.6200008392334,23.212646484375,30245,0.0,0.0
2016-02-19,24.600000381469727,25.219999313354492,22.75,24.790000915527344,23.372926712036133,16075,0.0,0.0
2016-02-22,26.0,28.350000381469727,25.610000610351562,26.739999771118164,25.21146011352539,226520,0.0,0.0
2016-02-23,26.799999237060547,27.3799991607666,26.079999923706055,26.770000457763672,25.239744186401367,57860,0.0,0.0
2016-02-24,26.610000610351562,27.18000030517578,26.040000915527344,26.25,24.749467849731445,39810,0.0,0.0
2016-02-25,26.5,26.579999923706055,25.920000076293945,26.040000915527344,24.551475524902344,46175,0.0,0.0
2016-02-26,27.09000015258789,27.15999984741211,25.399999618530273,25.8799991607666,24.400619506835938,39250,0.0,0.0
2016-02-29,26.489999771118164,26.59000015258789,24.829999923706055,25.170000076293945,23.731204986572266,61585,0.0,0.0
2016-03-01,25.600000381469727,26.399999618530273,25.309999465942383,25.610000610351562,24.146053314208984,17005,0.0,0.0
2016-03-02,26.899999618530273,26.899999618530273,25.639999389648438,26.030000686645508,24.54204750061035,70150,0.0,0.0
2016-03-03,26.399999618530273,26.399999618530273,25.600000381469727,25.979999542236328,24.494903564453125,26105,0.0,0.0
2016-03-04,26.3799991607666,26.3799991607666,25.239999771118164,25.920000076293945,24.43833351135254,13800,0.0,0.0
2016-03-08,27.15999984741211,27.15999984741211,25.6200008392334,26.770000457763672,25.239744186401367,70480,0.0,0.0
2016-03-09,27.15999984741211,27.15999984741211,25.809999465942383,25.989999771118164,24.504331588745117,21175,0.0,0.0
2016-03-10,25.709999084472656,26.600000381469727,24.299999237060547,24.889999389648438,23.467208862304688,157015,0.0,0.0
2016-03-11,24.90999984741211,25.979999542236328,24.40999984741211,25.270000457763672,23.825489044189453,49210,0.0,0.0
2016-03-14,25.799999237060547,25.799999237060547,25.200000762939453,25.40999984741211,23.957487106323242,17765,0.0,0.0
2016-03-15,25.799999237060547,26.0,24.600000381469727,24.809999465942383,23.39178466796875,16910,0.0,0.0
2016-03-16,25.200000762939453,26.0,24.610000610351562,25.399999618530273,23.948057174682617,32205,0.0,0.0
2016-03-17,26.0,26.0,24.959999084472656,25.670000076293945,24.202625274658203,9530,0.0,0.0
2016-03-18,26.06999969482422,26.06999969482422,24.950000762939453,25.049999237060547,23.61806297302246,52755,0.0,0.0
2016-03-21,25.559999465942383,26.399999618530273,25.059999465942383,25.639999389648438,24.174339294433594,64270,0.0,0.0
2016-03-22,26.0,26.6200008392334,25.399999618530273,25.75,24.662805557250977,129450,0.4,0.0
2016-03-23,25.969999313354492,26.8700008392334,25.84000015258789,26.209999084472656,25.103384017944336,109030,0.0,0.0
2016-03-28,25.829999923706055,26.600000381469727,25.020000457763672,25.200000762939453,24.136028289794922,12235,0.0,0.0
2016-03-29,25.399999618530273,26.299999237060547,24.709999084472656,25.489999771118164,24.413782119750977,59345,0.0,0.0
2016-03-30,25.600000381469727,26.0,25.309999465942383,25.81999969482422,24.72985076904297,27975,0.0,0.0
2016-03-31,25.979999542236328,26.0,24.709999084472656,24.93000030517578,23.87742805480957,42165,0.0,0.0
2016-04-01,25.479999542236328,25.479999542236328,25.0,25.219999313354492,24.155183792114258,11565,0.0,0.0
2016-04-04,25.399999618530273,25.780000686645508,25.049999237060547,25.649999618530273,24.567026138305664,19875,0.0,0.0
2016-04-05,26.3799991607666,26.3799991607666,25.020000457763672,25.549999237060547,24.471248626708984,17315,0.0,0.0
2016-04-06,25.690000534057617,25.799999237060547,24.81999969482422,25.030000686645508,23.97320556640625,34510,0.0,0.0
2016-04-07,25.010000228881836,25.549999237060547,24.93000030517578,25.280000686645508,24.212650299072266,13740,0.0,0.0
2016-04-08,25.979999542236328,26.579999923706055,25.0,25.049999237060547,23.992359161376953,33780,0.0,0.0
2016-04-11,25.0,25.59000015258789,23.389999389648438,25.299999237060547,24.23180389404297,24880,0.0,0.0
2016-04-12,25.5,26.559999465942383,25.219999313354492,25.6200008392334,24.53829574584961,69680,0.0,0.0
2016-04-13,26.0,26.65999984741211,25.459999084472656,26.360000610351562,25.247051239013672,70030,0.0,0.0
2016-04-18,26.459999084472656,28.260000228881836,26.399999618530273,27.959999084472656,26.779495239257812,103630,0.0,0.0
2016-04-20,28.200000762939453,29.34000015258789,28.030000686645508,28.670000076293945,27.45952033996582,96760,0.0,0.0
2016-04-21,29.0,29.940000534057617,27.799999237060547,28.459999084472656,27.258384704589844,119985,0.0,0.0
2016-04-22,28.969999313354492,28.969999313354492,28.200000762939453,28.780000686645508,27.564876556396484,36475,0.0,0.0
2016-04-25,28.799999237060547,28.93000030517578,27.899999618530273,28.280000686645508,27.085987091064453,40375,0.0,0.0
2016-04-26,28.0,28.3799991607666,27.540000915527344,27.670000076293945,26.501741409301758,21070,0.0,0.0
2016-04-27,27.899999618530273,28.290000915527344,27.079999923706055,27.350000381469727,26.19525146484375,23255,0.0,0.0
2016-04-28,27.350000381469727,27.610000610351562,26.15999984741211,26.34000015258789,25.227895736694336,59745,0.0,0.0
2016-04-29,27.579999923706055,27.579999923706055,26.1299991607666,26.31999969482422,25.208740234375,28970,0.0,0.0
2016-05-02,26.979999542236328,27.600000381469727,25.93000030517578,27.40999984741211,26.25271987915039,62410,0.0,0.0
2016-05-03,27.200000762939453,28.200000762939453,26.600000381469727,27.170000076293945,26.02285385131836,10335,0.0,0.0
2016-05-04,27.0,27.290000915527344,26.299999237060547,26.610000610351562,25.486495971679688,11020,0.0,0.0
2016-05-05,26.700000762939453,27.18000030517578,26.399999618530273,26.530000686645508,25.409873962402344,13930,0.0,0.0
2016-05-06,26.700000762939453,27.0,26.200000762939453,26.68000030517578,25.55354118347168,21960,0.0,0.0
2016-05-09,27.600000381469727,27.600000381469727,26.299999237060547,26.469999313354492,25.352405548095703,19145,0.0,0.0
2016-05-10,26.899999618530273,26.959999084472656,26.010000228881836,26.219999313354492,25.112960815429688,21995,0.0,0.0
2016-05-11,26.399999618530273,26.84000015258789,25.799999237060547,26.200000762939453,25.093807220458984,23275,0.0,0.0
2016-05-12,26.200000762939453,26.760000228881836,25.850000381469727,26.040000915527344,24.940563201904297,32895,0.0,0.0
2016-05-13,25.920000076293945,25.920000076293945,25.219999313354492,25.709999084472656,24.624494552612305,49285,0.0,0.0
2016-05-16,25.399999618530273,26.940000534057617,25.399999618530273,26.3799991607666,25.266204833984375,15770,0.0,0.0
2016-05-17,26.799999237060547,26.799999237060547,25.799999237060547,25.989999771118164,24.89267349243164,13095,0.0,0.0
2016-05-18,26.0,26.200000762939453,25.299999237060547,25.850000381469727,24.75858497619629,8830,0.0,0.0
2016-05-19,26.0,26.799999237060547,25.299999237060547,26.219999313354492,25.112960815429688,26515,0.0,0.0
2016-05-20,26.0,26.15999984741211,25.200000762939453,25.329999923706055,24.260540008544922,21525,0.0,0.0
2016-05-23,26.0,26.010000228881836,25.25,25.5,24.42336082458496,18240,0.0,0.0
2016-05-24,25.799999237060547,25.799999237060547,24.799999237060547,24.84000015258789,23.791229248046875,34155,0.0,0.0
2016-05-25,25.639999389648438,25.639999389648438,24.850000381469727,25.100000381469727,24.040250778198242,21980,0.0,0.0
2016-05-26,24.809999465942383,25.540000915527344,24.600000381469727,24.790000915527344,23.74333953857422,89600,0.0,0.0
2016-05-27,25.200000762939453,25.200000762939453,23.8799991607666,24.329999923706055,23.302759170532227,81995,0.0,0.0
2016-05-30,24.600000381469727,25.0,23.760000228881836,24.6200008392334,23.580516815185547,63770,0.0,0.0
2016-05-31,25.200000762939453,25.600000381469727,24.299999237060547,24.690000534057617,23.647560119628906,61925,0.0,0.0
2016-06-01,25.549999237060547,25.559999465942383,24.360000610351562,24.889999389648438,23.839115142822266,32755,0.0,0.0
2016-06-02,25.299999237060547,25.299999237060547,24.40999984741211,24.600000381469727,23.56136131286621,18655,0.0,0.0
2016-06-03,25.3700008392334,25.3700008392334,24.600000381469727,24.6200008392334,23.580516815185547,11590,0.0,0.0
2016-06-06,24.200000762939453,25.18000030517578,24.200000762939453,24.540000915527344,23.503894805908203,24470,0.0,0.0
2016-06-07,24.399999618530273,25.139999389648438,24.399999618530273,24.450000762939453,23.417692184448242,34195,0.0,0.0
2016-06-08,24.450000762939453,24.979999542236328,24.440000534057617,24.75,23.705026626586914,26100,0.0,0.0
2016-06-09,24.420000076293945,25.0,24.229999542236328,24.520000457763672,23.484737396240234,41720,0.0,0.0
2016-06-10,24.959999084472656,24.959999084472656,24.34000015258789,24.420000076293945,23.388959884643555,16535,0.0,0.0
2016-06-13,24.799999237060547,24.799999237060547,23.5,23.770000457763672,22.766403198242188,39120,0.0,0.0
2016-06-14,24.399999618530273,24.399999618530273,23.31999969482422,23.829999923706055,22.823869705200195,11635,0.0,0.0
2016-06-15,24.450000762939453,24.450000762939453,23.43000030517578,23.65999984741211,22.661048889160156,22780,0.0,0.0
2016-06-16,25.0,26.5,24.0,25.100000381469727,24.040250778198242,112970,0.0,0.0
2016-06-17,26.200000762939453,26.299999237060547,25.1299991607666,25.5,24.42336082458496,81575,0.0,0.0
2016-06-20,26.389999389648438,26.399999618530273,25.299999237060547,25.579999923706055,24.499984741210938,97045,0.0,0.0
2016-06-21,25.799999237060547,26.780000686645508,25.700000762939453,26.079999923706055,24.978872299194336,55785,0.0,0.0
2016-06-22,26.780000686645508,26.780000686645508,26.0,26.049999237060547,24.95013999938965,28880,0.0,0.0
2016-06-23,25.799999237060547,26.329999923706055,25.34000015258789,25.65999984741211,24.57660675048828,46805,0.0,0.0
2016-06-24,25.25,25.639999389648438,24.510000228881836,24.81999969482422,23.772069931030273,65970,0.0,0.0
2016-06-27,25.989999771118164,25.989999771118164,24.270000457763672,25.770000457763672,24.681961059570312,28365,0.0,0.0
2016-06-28,25.770000457763672,27.360000610351562,25.450000762939453,26.780000686645508,25.649320602416992,83655,0.0,0.0
2016-06-29,27.270000457763672,27.989999771118164,27.200000762939453,27.479999542236328,26.31976318359375,71225,0.0,0.0
2016-06-30,28.0,28.0,26.739999771118164,26.920000076293945,25.78340721130371,31465,0.0,0.0
2016-07-01,27.959999084472656,27.959999084472656,26.229999542236328,26.709999084472656,25.582273483276367,27050,0.0,0.0
2016-07-04,26.600000381469727,27.520000457763672,26.1200008392334,26.280000686645508,25.170429229736328,51230,0.0,0.0
2016-07-05,27.350000381469727,27.350000381469727,25.6200008392334,25.959999084472656,24.86393928527832,33745,0.0,0.0
2016-07-07,26.739999771118164,26.739999771118164,25.25,26.149999618530273,25.045915603637695,22410,0.0,0.0
2016-07-08,26.979999542236328,26.979999542236328,25.81999969482422,26.43000030517578,25.314096450805664,30800,0.0,0.0
2016-07-11,27.59000015258789,27.59000015258789,25.459999084472656,26.1299991607666,25.026762008666992,35960,0.0,0.0
2016-07-12,26.399999618530273,26.559999465942383,25.700000762939453,26.049999237060547,24.95013999938965,7050,0.0,0.0
2016-07-13,26.200000762939453,26.93000030517578,25.639999389648438,25.81999969482422,24.72985076904297,15005,0.0,0.0
2016-07-14,26.540000915527344,26.540000915527344,25.799999237060547,25.93000030517578,24.835206985473633,10390,0.0,0.0
2016-07-15,26.600000381469727,26.600000381469727,25.290000915527344,25.799999237060547,24.710695266723633,23935,0.0,0.0
2016-07-18,26.399999618530273,26.399999618530273,25.65999984741211,25.68000030517578,24.595762252807617,7990,0.0,0.0
2016-07-19,26.200000762939453,26.200000762939453,25.100000381469727,25.5,24.42336082458496,27160,0.0,0.0
2016-07-20,25.600000381469727,25.600000381469727,25.040000915527344,25.31999969482422,24.250961303710938,25880,0.0,0.0
2016-07-21,26.0,26.0,25.31999969482422,25.579999923706055,24.499984741210938,20825,0.0,0.0
2016-07-22,26.149999618530273,30.690000534057617,25.989999771118164,29.600000381469727,28.350255966186523,1908860,0.0,0.0
2016-07-25,29.520000457763672,30.780000686645508,28.350000381469727,28.799999237060547,27.584030151367188,302155,0.0,0.0
2016-07-26,28.420000076293945,29.200000762939453,27.610000610351562,27.90999984741211,26.731609344482422,147960,0.0,0.0
2016-07-27,28.0,28.760000228881836,27.270000457763672,27.8700008392334,26.69329833984375,129055,0.0,0.0
2016-07-28,27.600000381469727,29.799999237060547,27.020000457763672,27.940000534057617,26.76034164428711,217975,0.0,0.0
2016-07-29,29.309999465942383,29.989999771118164,27.31999969482422,27.5,26.33892059326172,219690,0.0,0.0
2016-08-01,27.600000381469727,28.110000610351562,26.18000030517578,26.989999771118164,25.85045051574707,82855,0.0,0.0
2016-08-02,27.0,27.420000076293945,26.239999771118164,26.559999465942383,25.438608169555664,47675,0.0,0.0
2016-08-03,26.100000381469727,26.979999542236328,25.139999389648438,25.8700008392334,24.777738571166992,127880,0.0,0.0
2016-08-04,26.190000534057617,26.75,25.649999618530273,26.139999389648438,25.036338806152344,50395,0.0,0.0
2016-08-05,26.139999389648438,26.600000381469727,25.8700008392334,26.25,25.141695022583008,30750,0.0,0.0
2016-08-08,26.940000534057617,26.940000534057617,26.420000076293945,26.540000915527344,25.419452667236328,38525,0.0,0.0
2016-08-09,26.25,26.799999237060547,26.25,26.5,25.381139755249023,17000,0.0,0.0
2016-08-10,26.799999237060547,26.799999237060547,26.030000686645508,26.139999389648438,25.036338806152344,33100,0.0,0.0
2016-08-11,26.790000915527344,26.790000915527344,25.760000228881836,26.049999237060547,24.95013999938965,46785,0.0,0.0
2016-08-12,26.799999237060547,26.799999237060547,25.81999969482422,25.8799991607666,24.787317276000977,15175,0.0,0.0
2016-08-16,26.0,26.559999465942383,25.5,26.049999237060547,24.95013999938965,34650,0.0,0.0
2016-08-17,26.799999237060547,26.799999237060547,25.950000762939453,26.15999984741211,25.05549430847168,12375,0.0,0.0
2016-08-18,26.780000686645508,26.780000686645508,26.06999969482422,26.329999923706055,25.218318939208984,15150,0.0,0.0
2016-08-19,26.329999923706055,26.780000686645508,26.020000457763672,26.600000381469727,25.476917266845703,39375,0.0,0.0
2016-08-22,26.600000381469727,26.6200008392334,26.110000610351562,26.309999465942383,25.199161529541016,49830,0.0,0.0
2016-08-23,26.200000762939453,26.65999984741211,26.200000762939453,26.59000015258789,25.46734046936035,9500,0.0,0.0
2016-08-24,26.209999084472656,26.489999771118164,26.020000457763672,26.239999771118164,25.132116317749023,74980,0.0,0.0
2016-08-25,26.790000915527344,26.799999237060547,26.229999542236328,26.31999969482422,25.208740234375,21660,0.0,0.0
2016-08-26,26.799999237060547,26.950000762939453,26.260000228881836,26.34000015258789,25.227895736694336,68960,0.0,0.0
2016-08-29,26.600000381469727,26.770000457763672,26.0,26.059999465942383,24.959718704223633,38250,0.0,0.0
2016-08-30,26.200000762939453,26.719999313354492,26.1200008392334,26.5,25.381139755249023,44510,0.0,0.0
2016-08-31,26.75,26.899999618530273,26.030000686645508,26.56999969482422,25.448184967041016,72805,0.0,0.0
2016-09-01,26.780000686645508,28.200000762939453,26.260000228881836,27.059999465942383,25.917495727539062,101185,0.0,0.0
2016-09-02,27.780000686645508,28.729999542236328,26.600000381469727,28.190000534057617,26.999786376953125,146900,0.0,0.0
2016-09-06,28.75,28.75,27.049999237060547,27.290000915527344,26.137786865234375,72570,0.0,0.0
2016-09-07,26.8799991607666,27.200000762939453,26.469999313354492,26.75,25.62058448791504,73810,0.0,0.0
2016-09-08,27.780000686645508,27.780000686645508,26.700000762939453,27.139999389648438,25.994117736816406,45965,0.0,0.0
2016-09-09,27.959999084472656,27.959999084472656,26.200000762939453,26.649999618530273,25.524808883666992,46715,0.0,0.0
2016-09-12,25.799999237060547,26.600000381469727,25.780000686645508,26.149999618530273,25.045915603637695,102960,0.0,0.0
2016-09-14,27.190000534057617,28.639999389648438,26.209999084472656,27.920000076293945,26.741186141967773,84285,0.0,0.0
2016-09-15,27.700000762939453,28.8799991607666,27.600000381469727,27.979999542236328,26.79865074157715,56230,0.0,0.0
2016-09-16,28.780000686645508,28.780000686645508,27.5,27.709999084472656,26.54005241394043,67795,0.0,0.0
2016-09-19,29.979999542236328,29.979999542236328,27.979999542236328,28.1200008392334,26.932743072509766,87080,0.0,0.0
2016-09-20,28.5,28.5,27.799999237060547,27.969999313354492,26.789073944091797,14600,0.0,0.0
2016-09-21,28.459999084472656,28.780000686645508,28.059999465942383,28.530000686645508,27.32543182373047,64210,0.0,0.0
2016-09-22,28.799999237060547,28.799999237060547,28.06999969482422,28.280000686645508,27.085987091064453,31220,0.0,0.0
2016-09-23,28.399999618530273,28.780000686645508,27.399999618530273,27.68000030517578,26.51131820678711,43680,0.0,0.0
2016-09-26,28.59000015258789,28.760000228881836,27.06999969482422,27.40999984741211,26.25271987915039,31275,0.0,0.0
2016-09-27,27.600000381469727,28.260000228881836,27.1200008392334,27.889999389648438,26.712451934814453,92540,0.0,0.0
2016-09-28,28.459999084472656,28.5,27.6200008392334,27.780000686645508,26.607099533081055,53335,0.0,0.0
2016-09-29,28.200000762939453,28.360000610351562,26.600000381469727,26.75,25.62058448791504,194720,0.0,0.0
2016-09-30,27.399999618530273,27.399999618530273,26.260000228881836,26.399999618530273,25.28536033630371,167770,0.0,0.0
2016-10-03,26.299999237060547,27.950000762939453,26.299999237060547,27.1200008392334,25.974964141845703,41765,0.0,0.0
2016-10-04,26.799999237060547,27.780000686645508,26.520000457763672,27.209999084472656,26.061161041259766,58055,0.0,0.0
2016-10-05,27.799999237060547,28.170000076293945,27.219999313354492,27.540000915527344,26.37723159790039,68870,0.0,0.0
2016-10-06,28.0,28.190000534057617,27.0,27.09000015258789,25.946229934692383,35555,0.0,0.0
2016-10-07,27.81999969482422,28.18000030517578,27.149999618530273,28.020000457763672,26.836965560913086,62535,0.0,0.0
2016-10-10,28.0,32.08000183105469,27.239999771118164,29.440000534057617,28.197010040283203,1082545,0.0,0.0
2016-10-13,29.489999771118164,29.860000610351562,28.200000762939453,28.6299991607666,27.42120933532715,136985,0.0,0.0
2016-10-14,29.18000030517578,29.950000762939453,28.40999984741211,29.600000381469727,28.350255966186523,62440,0.0,0.0
2016-10-17,30.75,30.75,29.219999313354492,29.510000228881836,28.264055252075195,104500,0.0,0.0
2016-10-18,30.0,30.0,29.209999084472656,29.329999923706055,28.09165382385254,96360,0.0,0.0
2016-10-19,29.799999237060547,30.59000015258789,29.100000381469727,29.31999969482422,28.082077026367188,96995,0.0,0.0
2016-10-20,30.399999618530273,30.600000381469727,29.299999237060547,29.809999465942383,28.551389694213867,140650,0.0,0.0
2016-10-21,29.799999237060547,30.31999969482422,29.399999618530273,29.600000381469727,28.350255966186523,45390,0.0,0.0
2016-10-24,29.649999618530273,30.399999618530273,29.649999618530273,29.809999465942383,28.551389694213867,56300,0.0,0.0
2016-10-25,31.0,32.400001525878906,30.350000381469727,31.290000915527344,29.968902587890625,541725,0.0,0.0
2016-10-26,31.0,31.700000762939453,30.040000915527344,30.90999984741211,29.604944229125977,154580,0.0,0.0
2016-10-27,30.600000381469727,31.200000762939453,30.059999465942383,30.280000686645508,29.001544952392578,150765,0.0,0.0
2016-10-28,30.200000762939453,30.75,30.0,30.030000686645508,28.762100219726562,77905,0.0,0.0
2016-11-01,30.020000457763672,30.5,29.610000610351562,30.219999313354492,28.944076538085938,79020,0.0,0.0
2016-11-02,30.0,30.219999313354492,29.0,29.450000762939453,28.206588745117188,77970,0.0,0.0
2016-11-03,29.399999618530273,32.77000045776367,29.200000762939453,30.56999969482422,29.279300689697266,375750,0.0,0.0
2016-11-04,30.420000076293945,30.790000915527344,28.809999465942383,29.309999465942383,28.07249641418457,116735,0.0,0.0
2016-11-07,29.979999542236328,30.209999084472656,29.440000534057617,29.639999389648438,28.388565063476562,61250,0.0,0.0
2016-11-08,30.0,30.399999618530273,29.200000762939453,29.6200008392334,28.36941146850586,63245,0.0,0.0
2016-11-09,26.049999237060547,28.799999237060547,24.510000228881836,27.899999618530273,26.722030639648438,181390,0.0,0.0
2016-11-10,28.200000762939453,29.290000915527344,27.829999923706055,28.3700008392334,27.172189712524414,50115,0.0,0.0
2016-11-11,28.200000762939453,28.200000762939453,26.809999465942383,27.420000076293945,26.262296676635742,119355,0.0,0.0
2016-11-15,27.0,27.979999542236328,25.200000762939453,25.309999465942383,24.241382598876953,182615,0.0,0.0
2016-11-16,26.780000686645508,26.799999237060547,24.799999237060547,25.56999969482422,24.490406036376953,95065,0.0,0.0
2016-11-17,26.0,26.5,25.40999984741211,26.1200008392334,25.01718521118164,56175,0.0,0.0
2016-11-18,26.299999237060547,26.399999618530273,25.399999618530273,26.1200008392334,25.01718521118164,51470,0.0,0.0
2016-11-21,26.1200008392334,26.56999969482422,25.0,25.260000228881836,24.19349479675293,44010,0.0,0.0
2016-11-22,25.260000228881836,25.989999771118164,25.0,25.280000686645508,24.212650299072266,18390,0.0,0.0
2016-11-23,25.600000381469727,26.3799991607666,25.020000457763672,25.56999969482422,24.490406036376953,48460,0.0,0.0
2016-11-24,25.799999237060547,26.389999389648438,25.049999237060547,25.389999389648438,24.318004608154297,19860,0.0,0.0
2016-11-25,25.799999237060547,26.200000762939453,25.229999542236328,25.540000915527344,24.461671829223633,27100,0.0,0.0
2016-11-28,25.299999237060547,26.399999618530273,25.239999771118164,25.75,24.662805557250977,17925,0.0,0.0
2016-11-29,25.5,26.5,25.110000610351562,25.90999984741211,24.816049575805664,27985,0.0,0.0
2016-11-30,25.979999542236328,26.3700008392334,25.459999084472656,25.81999969482422,24.72985076904297,10110,0.0,0.0
2016-12-01,25.5,27.979999542236328,25.5,26.1200008392334,25.01718521118164,101930,0.0,0.0
2016-12-02,25.600000381469727,25.989999771118164,25.450000762939453,25.559999465942383,24.48082733154297,17015,0.0,0.0
2016-12-05,25.600000381469727,26.09000015258789,25.110000610351562,25.34000015258789,24.270116806030273,19845,0.0,0.0
2016-12-06,25.700000762939453,25.979999542236328,25.329999923706055,25.520000457763672,24.44251823425293,16255,0.0,0.0
2016-12-07,25.399999618530273,25.899999618530273,25.309999465942383,25.450000762939453,24.37547492980957,18260,0.0,0.0
2016-12-08,25.889999389648438,25.899999618530273,25.299999237060547,25.5,24.42336082458496,15090,0.0,0.0
2016-12-09,25.790000915527344,25.889999389648438,25.43000030517578,25.639999389648438,24.557449340820312,27400,0.0,0.0
2016-12-12,25.899999618530273,26.389999389648438,25.600000381469727,26.010000228881836,24.911827087402344,93700,0.0,0.0
2016-12-13,25.799999237060547,26.559999465942383,25.399999618530273,25.59000015258789,24.509563446044922,51265,0.0,0.0
2016-12-14,25.799999237060547,26.200000762939453,25.610000610351562,25.690000534057617,24.6053409576416,32435,0.0,0.0
2016-12-15,25.799999237060547,27.549999237060547,25.6299991607666,26.43000030517578,25.314096450805664,51540,0.0,0.0
2016-12-16,26.600000381469727,26.889999389648438,26.059999465942383,26.309999465942383,25.199161529541016,19530,0.0,0.0
2016-12-19,26.780000686645508,26.780000686645508,25.65999984741211,25.799999237060547,24.710695266723633,14890,0.0,0.0
2016-12-20,25.989999771118164,26.200000762939453,25.5,25.709999084472656,24.624494552612305,12820,0.0,0.0
2016-12-21,26.0,26.3799991607666,25.600000381469727,25.700000762939453,24.614917755126953,16470,0.0,0.0
2016-12-22,25.600000381469727,26.489999771118164,25.1200008392334,25.469999313354492,24.394628524780273,25880,0.0,0.0
2016-12-23,26.09000015258789,26.09000015258789,25.260000228881836,25.399999618530273,24.32758331298828,9540,0.0,0.0
2016-12-26,25.079999923706055,25.979999542236328,24.850000381469727,25.0,23.944473266601562,23205,0.0,0.0
2016-12-27,25.0,25.899999618530273,25.0,25.030000686645508,23.97320556640625,10260,0.0,0.0
2016-12-28,25.75,25.75,25.020000457763672,25.110000610351562,24.049827575683594,13280,0.0,0.0
2016-12-29,25.940000534057617,25.940000534057617,25.0,25.010000228881836,23.954050064086914,15670,0.0,0.0
2016-12-30,25.600000381469727,25.889999389648438,25.0,25.06999969482422,24.011516571044922,28150,0.0,0.0
2017-01-02,25.979999542236328,25.979999542236328,25.010000228881836,25.25,24.183916091918945,21910,0.0,0.0
2017-01-03,25.8700008392334,25.8700008392334,25.200000762939453,25.350000381469727,24.279693603515625,23610,0.0,0.0
2017-01-04,25.790000915527344,25.790000915527344,25.3700008392334,25.56999969482422,24.490406036376953,18130,0.0,0.0
2017-01-05,25.860000610351562,26.200000762939453,25.239999771118164,25.850000381469727,24.75858497619629,31925,0.0,0.0
2017-01-06,26.139999389648438,26.190000534057617,25.420000076293945,25.520000457763672,24.44251823425293,16465,0.0,0.0
2017-01-09,26.1200008392334,26.860000610351562,25.75,26.610000610351562,25.486495971679688,46905,0.0,0.0
2017-01-10,26.829999923706055,26.829999923706055,26.079999923706055,26.25,25.141695022583008,15695,0.0,0.0
2017-01-11,26.399999618530273,26.600000381469727,26.0,26.389999389648438,25.27578353881836,34200,0.0,0.0
2017-01-12,26.979999542236328,26.979999542236328,26.020000457763672,26.260000228881836,25.151273727416992,8770,0.0,0.0
2017-01-13,26.899999618530273,26.899999618530273,26.020000457763672,26.389999389648438,25.27578353881836,27435,0.0,0.0
2017-01-16,26.600000381469727,27.0,26.15999984741211,26.610000610351562,25.486495971679688,42490,0.0,0.0
2017-01-17,26.600000381469727,26.979999542236328,26.059999465942383,26.219999313354492,25.112960815429688,16565,0.0,0.0
2017-01-18,26.559999465942383,26.760000228881836,26.100000381469727,26.3799991607666,25.266204833984375,17265,0.0,0.0
2017-01-19,26.25,26.559999465942383,26.1299991607666,26.139999389648438,25.036338806152344,6970,0.0,0.0
2017-01-20,26.790000915527344,26.790000915527344,25.799999237060547,25.93000030517578,24.835206985473633,6960,0.0,0.0
2017-01-23,26.3799991607666,26.899999618530273,25.93000030517578,26.770000457763672,25.639741897583008,35710,0.0,0.0
2017-01-24,26.860000610351562,27.790000915527344,26.860000610351562,27.290000915527344,26.137786865234375,50360,0.0,0.0
2017-01-25,27.399999618530273,27.600000381469727,26.799999237060547,27.239999771118164,26.08989715576172,23850,0.0,0.0
2017-01-27,27.479999542236328,27.479999542236328,26.81999969482422,26.959999084472656,25.821718215942383,6650,0.0,0.0
2017-01-30,27.0,27.780000686645508,26.6200008392334,26.940000534057617,25.80256462097168,16330,0.0,0.0
2017-01-31,27.579999923706055,27.579999923706055,26.600000381469727,26.940000534057617,25.80256462097168,25455,0.0,0.0
2017-02-01,26.809999465942383,27.530000686645508,26.200000762939453,26.40999984741211,25.294940948486328,37860,0.0,0.0
2017-02-02,26.799999237060547,27.200000762939453,26.1299991607666,26.3799991607666,25.266204833984375,27735,0.0,0.0
2017-02-03,26.790000915527344,27.139999389648438,26.200000762939453,26.739999771118164,25.611005783081055,21830,0.0,0.0
2017-02-06,27.010000228881836,27.010000228881836,26.31999969482422,26.43000030517578,25.314096450805664,18600,0.0,0.0
2017-02-07,26.600000381469727,27.18000030517578,26.329999923706055,26.989999771118164,25.85045051574707,32030,0.0,0.0
2017-02-08,27.0,27.979999542236328,27.0,27.56999969482422,26.405963897705078,47585,0.0,0.0
2017-02-09,27.600000381469727,28.579999923706055,27.40999984741211,27.850000381469727,26.67414093017578,101335,0.0,0.0
2017-02-10,27.899999618530273,28.43000030517578,27.440000534057617,28.030000686645508,26.846542358398438,63740,0.0,0.0
2017-02-13,32.36000061035156,33.599998474121094,31.290000915527344,31.90999984741211,30.562725067138672,2265715,0.0,0.0
2017-02-14,32.15999984741211,32.70000076293945,30.299999237060547,30.65999984741211,29.365501403808594,343015,0.0,0.0
2017-02-15,30.969999313354492,31.18000030517578,29.399999618530273,29.690000534057617,28.43645668029785,127245,0.0,0.0
2017-02-16,29.81999969482422,31.0,29.81999969482422,30.540000915527344,29.25057029724121,85575,0.0,0.0
2017-02-17,30.719999313354492,31.0,29.799999237060547,30.190000534057617,28.915346145629883,52730,0.0,0.0
2017-02-20,30.739999771118164,30.790000915527344,30.200000762939453,30.389999389648438,29.10689926147461,43635,0.0,0.0
2017-02-21,30.799999237060547,30.899999618530273,30.0,30.299999237060547,29.02069854736328,61075,0.0,0.0
2017-02-22,30.770000457763672,30.899999618530273,30.0,30.489999771118164,29.20267677307129,47645,0.0,0.0
2017-02-23,30.690000534057617,30.690000534057617,30.010000228881836,30.43000030517578,29.145212173461914,37520,0.0,0.0
2017-02-27,30.719999313354492,31.399999618530273,29.90999984741211,30.06999969482422,28.800411224365234,62280,0.0,0.0
2017-02-28,30.459999084472656,30.459999084472656,29.700000762939453,29.860000610351562,28.599279403686523,41725,0.0,0.0
2017-03-01,29.799999237060547,30.079999923706055,29.020000457763672,29.450000762939453,28.206588745117188,104860,0.0,0.0
2017-03-02,29.59000015258789,29.600000381469727,28.8799991607666,29.0,27.77558708190918,188555,0.0,0.0
2017-03-03,29.059999465942383,29.5,28.799999237060547,29.200000762939453,27.967145919799805,35155,0.0,0.0
2017-03-06,29.799999237060547,30.110000610351562,29.600000381469727,29.670000076293945,28.417299270629883,31690,0.0,0.0
2017-03-07,30.0,31.6200008392334,29.6299991607666,30.270000457763672,28.991966247558594,189985,0.0,0.0
2017-03-08,30.200000762939453,30.709999084472656,29.799999237060547,29.889999389648438,28.628009796142578,22615,0.0,0.0
2017-03-09,30.389999389648438,30.389999389648438,29.6200008392334,30.09000015258789,28.819568634033203,26625,0.0,0.0
2017-03-10,31.200000762939453,31.200000762939453,29.579999923706055,29.65999984741211,28.4077205657959,38770,0.0,0.0
2017-03-14,30.399999618530273,30.399999618530273,29.290000915527344,29.579999923706055,28.331100463867188,36260,0.0,0.0
2017-03-15,29.8799991607666,29.8799991607666,29.270000457763672,29.360000610351562,28.120389938354492,22595,0.0,0.0
2017-03-16,29.049999237060547,30.200000762939453,29.049999237060547,29.860000610351562,28.599279403686523,40805,0.0,0.0
2017-03-17,30.170000076293945,30.18000030517578,28.639999389648438,29.200000762939453,27.967145919799805,71415,0.0,0.0
2017-03-20,29.780000686645508,29.850000381469727,29.06999969482422,29.520000457763672,28.273632049560547,31815,0.0,0.0
2017-03-21,29.799999237060547,30.0,29.420000076293945,29.649999618530273,28.398143768310547,72880,0.0,0.0
2017-03-22,29.559999465942383,29.780000686645508,29.040000915527344,29.280000686645508,28.043766021728516,26855,0.0,0.0
2017-03-23,29.299999237060547,29.5,29.06999969482422,29.18000030517578,27.947986602783203,27705,0.0,0.0
2017-03-24,29.219999313354492,29.600000381469727,29.18000030517578,29.260000228881836,28.02461051940918,15575,0.0,0.0
2017-03-27,29.790000915527344,29.799999237060547,29.100000381469727,29.34000015258789,28.101234436035156,21915,0.0,0.0
2017-03-28,29.780000686645508,29.799999237060547,29.040000915527344,29.15999984741211,27.928831100463867,32925,0.0,0.0
2017-03-29,29.549999237060547,29.549999237060547,28.389999389648438,28.5,27.29669761657715,56745,0.0,0.0
2017-03-30,28.399999618530273,29.15999984741211,28.399999618530273,28.59000015258789,27.382898330688477,45375,0.0,0.0
2017-03-31,28.799999237060547,29.0,27.479999542236328,27.90999984741211,26.731609344482422,139705,0.0,0.0
2017-04-03,28.0,28.780000686645508,27.799999237060547,28.510000228881836,27.306276321411133,74315,0.0,0.0
2017-04-05,28.8799991607666,30.799999237060547,28.520000457763672,30.59000015258789,29.2984561920166,214060,0.0,0.0
2017-04-06,30.799999237060547,31.399999618530273,30.020000457763672,30.6299991607666,29.33676528930664,59830,0.0,0.0
2017-04-07,30.399999618530273,30.8799991607666,30.0,30.549999237060547,29.26014518737793,65105,0.0,0.0
2017-04-10,31.399999618530273,31.799999237060547,30.799999237060547,31.3799991607666,30.055099487304688,162125,0.0,0.0
2017-04-11,31.40999984741211,33.380001068115234,31.399999618530273,32.83000183105469,31.44388198852539,570945,0.0,0.0
2017-04-12,33.380001068115234,33.599998474121094,31.5,32.13999938964844,30.78301239013672,214785,0.0,0.0
2017-04-13,32.31999969482422,32.779998779296875,31.030000686645508,31.360000610351562,30.03594398498535,126720,0.0,0.0
2017-04-17,31.780000686645508,32.400001525878906,30.600000381469727,31.700000762939453,30.361591339111328,270955,0.0,0.0
2017-04-18,32.0,32.540000915527344,31.200000762939453,31.420000076293945,30.093412399291992,102730,0.0,0.0
2017-04-19,31.420000076293945,32.0,31.010000228881836,31.610000610351562,30.275390625,86230,0.0,0.0
2017-04-20,32.04999923706055,32.20000076293945,31.299999237060547,31.43000030517578,30.102989196777344,67350,0.0,0.0
2017-04-21,32.18000030517578,32.189998626708984,30.899999618530273,31.1299991607666,29.815654754638672,143005,0.0,0.0
2017-04-24,31.799999237060547,31.799999237060547,30.5,30.770000457763672,29.470855712890625,77720,0.0,0.0
2017-04-25,31.200000762939453,31.760000228881836,30.84000015258789,30.989999771118164,29.681568145751953,142255,0.0,0.0
2017-04-26,31.299999237060547,31.5,30.440000534057617,31.049999237060547,29.739032745361328,76330,0.0,0.0
2017-04-27,30.899999618530273,32.4900016784668,30.459999084472656,31.889999389648438,30.543569564819336,218225,0.0,0.0
2017-04-28,32.47999954223633,32.47999954223633,31.459999084472656,31.959999084472656,30.610610961914062,109125,0.0,0.0
2017-05-02,32.599998474121094,32.599998474121094,31.829999923706055,31.969999313354492,30.620189666748047,69850,0.0,0.0
2017-05-03,32.400001525878906,32.400001525878906,31.049999237060547,31.639999389648438,30.304122924804688,74670,0.0,0.0
2017-05-04,31.639999389648438,32.599998474121094,31.510000228881836,32.16999816894531,30.811744689941406,99165,0.0,0.0
2017-05-05,32.459999084472656,32.459999084472656,30.239999771118164,31.6299991607666,30.294546127319336,89380,0.0,0.0
2017-05-08,31.6299991607666,32.20000076293945,31.09000015258789,32.06999969482422,30.71596908569336,33405,0.0,0.0
2017-05-09,32.29999923706055,32.95000076293945,31.610000610351562,32.54999923706055,31.175701141357422,62665,0.0,0.0
2017-05-10,33.0,33.0,32.0,32.060001373291016,30.706392288208008,38615,0.0,0.0
2017-05-11,32.029998779296875,32.599998474121094,31.809999465942383,32.08000183105469,30.725547790527344,39180,0.0,0.0
2017-05-12,32.20000076293945,32.599998474121094,31.450000762939453,31.670000076293945,30.33285903930664,31710,0.0,0.0
2017-05-15,31.709999084472656,32.20000076293945,31.610000610351562,32.0099983215332,30.65850067138672,46695,0.0,0.0
2017-05-16,31.969999313354492,32.380001068115234,31.649999618530273,31.920000076293945,30.572301864624023,29995,0.0,0.0
2017-05-17,32.02000045776367,32.060001373291016,31.610000610351562,31.899999618530273,30.553146362304688,49790,0.0,0.0
2017-05-18,31.979999542236328,33.59000015258789,31.600000381469727,32.439998626708984,31.070344924926758,288165,0.0,0.0
2017-05-19,32.79999923706055,33.20000076293945,31.700000762939453,32.4900016784668,31.11823844909668,91625,0.0,0.0
2017-05-22,32.9900016784668,33.400001525878906,32.0,32.54999923706055,31.175701141357422,131780,0.0,0.0
2017-05-23,32.02000045776367,32.59000015258789,31.0,31.489999771118164,30.16045570373535,73595,0.0,0.0
2017-05-24,31.0,31.989999771118164,28.65999984741211,30.989999771118164,29.681568145751953,145825,0.0,0.0
2017-05-25,31.010000228881836,32.29999923706055,30.709999084472656,31.989999771118164,30.639347076416016,52920,0.0,0.0
2017-05-26,32.380001068115234,34.58000183105469,32.380001068115234,33.59000015258789,32.171791076660156,805965,0.0,0.0
2017-05-29,34.0,34.959999084472656,32.439998626708984,34.709999084472656,33.2445068359375,464110,0.0,0.0
2017-05-30,34.939998626708984,35.900001525878906,33.810001373291016,35.15999984741211,33.675506591796875,276910,0.0,0.0
2017-05-31,35.400001525878906,35.599998474121094,33.29999923706055,33.529998779296875,32.11432647705078,534375,0.0,0.0
2017-06-01,33.790000915527344,39.13999938964844,33.599998474121094,37.790000915527344,36.19446563720703,2361470,0.0,0.0
2017-06-02,37.97999954223633,39.20000076293945,37.36000061035156,37.65999984741211,36.06995391845703,558735,0.0,0.0
2017-06-05,38.31999969482422,40.4900016784668,38.310001373291016,39.52000045776367,37.85142135620117,1109290,0.0,0.0
2017-06-06,39.79999923706055,41.29999923706055,39.040000915527344,40.279998779296875,38.57933044433594,926715,0.0,0.0
2017-06-07,40.349998474121094,41.5099983215332,40.04999923706055,41.040000915527344,39.307247161865234,504565,0.0,0.0
2017-06-08,41.79999923706055,41.79999923706055,39.060001373291016,40.27000045776367,38.569759368896484,717795,0.0,0.0
2017-06-09,38.400001525878906,39.0099983215332,37.099998474121094,37.400001525878906,35.82093048095703,410655,0.0,0.0
2017-06-12,38.0,38.560001373291016,34.970001220703125,35.22999954223633,33.742549896240234,326345,0.0,0.0
2017-06-13,34.810001373291016,36.38999938964844,33.869998931884766,35.279998779296875,33.790435791015625,272210,0.0,0.0
2017-06-14,35.060001373291016,36.04999923706055,35.04999923706055,35.7599983215332,34.25017166137695,83310,0.0,0.0
2017-06-15,35.470001220703125,35.470001220703125,34.29999923706055,35.0099983215332,33.531837463378906,109270,0.0,0.0
2017-06-16,34.70000076293945,35.290000915527344,34.599998474121094,34.779998779296875,33.31155014038086,40530,0.0,0.0
2017-06-19,34.709999084472656,35.040000915527344,34.0099983215332,34.2400016784668,32.794349670410156,72790,0.0,0.0
2017-06-20,34.70000076293945,35.459999084472656,34.689998626708984,35.189998626708984,33.70423889160156,81690,0.0,0.0
2017-06-21,35.459999084472656,36.400001525878906,35.33000183105469,35.90999984741211,34.39384078979492,95900,0.0,0.0
2017-06-22,36.40999984741211,36.59000015258789,35.650001525878906,35.97999954223633,34.460880279541016,65825,0.0,0.0
2017-06-23,36.2599983215332,36.2599983215332,35.20000076293945,35.380001068115234,33.88621520996094,55275,0.0,0.0
2017-06-27,35.79999923706055,35.86000061035156,34.099998474121094,34.4900016784668,33.03379440307617,55290,0.0,0.0
2017-06-28,34.41999816894531,34.79999923706055,33.86000061035156,33.9900016784668,32.55490493774414,57010,0.0,0.0
2017-06-29,33.79999923706055,35.15999984741211,33.79999923706055,34.220001220703125,32.77519607543945,65905,0.0,0.0
2017-06-30,34.150001525878906,34.400001525878906,33.70000076293945,33.9900016784668,32.55490493774414,34540,0.0,0.0
2017-07-03,34.099998474121094,34.97999954223633,33.97999954223633,34.65999984741211,33.196617126464844,31780,0.0,0.0
2017-07-04,35.060001373291016,35.400001525878906,34.61000061035156,35.36000061035156,33.867061614990234,41110,0.0,0.0
2017-07-05,35.18000030517578,35.599998474121094,35.0,35.279998779296875,33.790435791015625,16625,0.0,0.0
2017-07-06,35.459999084472656,35.63999938964844,34.29999923706055,34.7599983215332,33.292388916015625,66060,0.0,0.0
2017-07-07,34.599998474121094,35.060001373291016,33.70000076293945,34.130001068115234,32.688995361328125,33585,0.0,0.0
2017-07-10,34.25,35.0,34.20000076293945,34.2400016784668,32.794349670410156,13350,0.0,0.0
2017-07-11,34.65999984741211,34.65999984741211,33.900001525878906,34.029998779296875,32.59321212768555,84130,0.0,0.0
2017-07-12,34.65999984741211,34.65999984741211,34.040000915527344,34.2599983215332,32.81350326538086,33340,0.0,0.0
2017-07-13,34.0099983215332,34.599998474121094,34.0099983215332,34.220001220703125,32.77519607543945,31340,0.0,0.0
2017-07-14,34.400001525878906,34.400001525878906,32.65999984741211,33.279998779296875,31.874881744384766,94135,0.0,0.0
2017-07-17,33.099998474121094,33.86000061035156,32.91999816894531,33.40999984741211,31.999391555786133,38705,0.0,0.0
2017-07-18,33.060001373291016,34.400001525878906,33.0,33.5099983215332,32.09516906738281,56190,0.0,0.0
2017-07-19,33.75,33.849998474121094,33.15999984741211,33.540000915527344,32.1239013671875,38535,0.0,0.0
2017-07-20,33.849998474121094,34.20000076293945,33.2599983215332,33.65999984741211,32.23883819580078,22010,0.0,0.0
2017-07-21,33.86000061035156,34.599998474121094,33.34000015258789,34.34000015258789,32.8901252746582,94800,0.0,0.0
2017-07-24,34.65999984741211,34.65999984741211,34.2599983215332,34.529998779296875,33.07210159301758,20135,0.0,0.0
2017-07-25,34.400001525878906,35.400001525878906,34.189998626708984,34.9900016784668,33.5126838684082,67855,0.0,0.0
2017-07-26,35.29999923706055,36.59000015258789,34.5,36.06999969482422,34.547088623046875,174005,0.0,0.0
2017-07-27,36.2400016784668,37.060001373291016,35.599998474121094,36.959999084472656,35.399505615234375,135715,0.0,0.0
2017-07-28,37.0,37.2599983215332,36.099998474121094,37.060001373291016,35.49528884887695,73025,0.0,0.0
2017-07-31,37.459999084472656,38.61000061035156,36.029998779296875,38.220001220703125,36.60630798339844,183470,0.0,0.0
2017-08-01,38.59000015258789,38.65999984741211,37.099998474121094,37.31999969482422,35.74430847167969,66705,0.0,0.0
2017-08-02,37.86000061035156,39.209999084472656,36.65999984741211,38.79999923706055,37.16181945800781,203285,0.0,0.0
2017-08-03,38.79999923706055,39.099998474121094,37.86000061035156,38.310001373291016,36.692508697509766,77060,0.0,0.0
2017-08-04,38.20000076293945,39.779998779296875,37.84000015258789,38.31999969482422,36.70208740234375,96410,0.0,0.0
2017-08-07,39.060001373291016,39.060001373291016,38.0,38.029998779296875,36.42433166503906,42695,0.0,0.0
2017-08-08,37.91999816894531,38.790000915527344,37.86000061035156,38.369998931884766,36.74997329711914,107415,0.0,0.0
2017-08-09,38.20000076293945,38.720001220703125,37.86000061035156,38.599998474121094,36.97026443481445,70575,0.0,0.0
2017-08-10,38.2599983215332,39.0,36.65999984741211,38.0099983215332,36.40517807006836,191185,0.0,0.0
2017-08-11,37.459999084472656,44.86000061035156,32.79999923706055,38.29999923706055,36.68292999267578,2231650,0.0,0.0
2017-08-14,38.099998474121094,39.86000061035156,37.0,37.5,35.91670608520508,214440,0.0,0.0
2017-08-16,37.79999923706055,37.79999923706055,36.65999984741211,37.04999923706055,35.4857063293457,68460,0.0,0.0
2017-08-17,37.040000915527344,39.08000183105469,36.81999969482422,38.959999084472656,37.315059661865234,270160,0.0,0.0
2017-08-18,39.290000915527344,40.0,38.099998474121094,38.689998626708984,37.056461334228516,160150,0.0,0.0
2017-08-21,38.65999984741211,39.86000061035156,38.0,38.06999969482422,36.462642669677734,96555,0.0,0.0
2017-08-22,38.06999969482422,38.65999984741211,36.93000030517578,37.31999969482422,35.74430847167969,56400,0.0,0.0
2017-08-23,37.459999084472656,40.099998474121094,37.20000076293945,39.619998931884766,37.94719696044922,162745,0.0,0.0
2017-08-24,40.2599983215332,41.689998626708984,40.0,40.369998931884766,38.665531158447266,183140,0.0,0.0
2017-08-28,40.2599983215332,41.84000015258789,39.79999923706055,41.2400016784668,39.49880599975586,118015,0.0,0.0
2017-08-29,41.0,41.400001525878906,39.81999969482422,40.369998931884766,38.665531158447266,138430,0.0,0.0
2017-08-30,40.2599983215332,41.0,40.130001068115234,40.209999084472656,38.51228713989258,41585,0.0,0.0
2017-08-31,40.65999984741211,40.65999984741211,39.63999938964844,40.0099983215332,38.32073211669922,78850,0.0,0.0
2017-09-01,39.65999984741211,40.16999816894531,38.65999984741211,39.040000915527344,37.39168930053711,48250,0.0,0.0
2017-09-04,39.060001373291016,39.43000030517578,38.060001373291016,38.25,36.63504409790039,54655,0.0,0.0
2017-09-05,38.459999084472656,38.70000076293945,38.0,38.15999984741211,36.5488395690918,36325,0.0,0.0
2017-09-06,38.0,39.20000076293945,37.7400016784668,38.54999923706055,36.9223747253418,59645,0.0,0.0
2017-09-07,38.65999984741211,39.189998626708984,38.29999923706055,38.459999084472656,36.83617401123047,76675,0.0,0.0
2017-09-08,38.86000061035156,39.58000183105469,37.2599983215332,37.61000061035156,36.022064208984375,135395,0.0,0.0
2017-09-11,37.61000061035156,38.099998474121094,37.060001373291016,37.470001220703125,35.88797378540039,73800,0.0,0.0
2017-09-12,37.65999984741211,37.959999084472656,36.279998779296875,36.97999954223633,35.41865921020508,76095,0.0,0.0
2017-09-13,37.20000076293945,37.65999984741211,36.79999923706055,36.959999084472656,35.399505615234375,88780,0.0,0.0
2017-09-14,36.959999084472656,38.0,36.0,37.470001220703125,35.88797378540039,164305,0.0,0.0
2017-09-15,37.400001525878906,38.060001373291016,37.380001068115234,37.63999938964844,36.05079650878906,201910,0.0,0.0
2017-09-18,37.86000061035156,38.060001373291016,37.15999984741211,37.52000045776367,35.93586730957031,37310,0.0,0.0
2017-09-19,37.5,37.59000015258789,37.060001373291016,37.099998474121094,35.53359603881836,31555,0.0,0.0
2017-09-20,37.11000061035156,37.2599983215332,36.459999084472656,36.849998474121094,35.294151306152344,116055,0.0,0.0
2017-09-21,36.849998474121094,37.060001373291016,36.470001220703125,36.79999923706055,35.24626541137695,50760,0.0,0.0
2017-09-22,36.79999923706055,36.79999923706055,36.02000045776367,36.439998626708984,34.90146255493164,43555,0.0,0.0
2017-09-25,36.400001525878906,37.0,35.459999084472656,36.540000915527344,34.99723815917969,61045,0.0,0.0
2017-09-26,37.0,37.060001373291016,35.86000061035156,36.08000183105469,34.556663513183594,24060,0.0,0.0
2017-09-27,36.20000076293945,36.20000076293945,34.86000061035156,35.11000061035156,33.62761688232422,56560,0.0,0.0
2017-09-28,35.2599983215332,35.459999084472656,34.810001373291016,35.0,33.52225875854492,20550,0.0,0.0
2017-09-29,35.060001373291016,35.400001525878906,34.68000030517578,35.16999816894531,33.68508529663086,35640,0.0,0.0
2017-10-03,35.060001373291016,35.459999084472656,34.060001373291016,34.43000030517578,32.9763298034668,41195,0.0,0.0
2017-10-04,34.65999984741211,35.459999084472656,34.400001525878906,35.02000045776367,33.54141616821289,33335,0.0,0.0
2017-10-05,35.2599983215332,35.439998626708984,34.66999816894531,35.29999923706055,33.809593200683594,17740,0.0,0.0
2017-10-06,35.459999084472656,35.79999923706055,34.459999084472656,34.900001525878906,33.426483154296875,59980,0.0,0.0
2017-10-09,36.20000076293945,36.459999084472656,35.040000915527344,35.33000183105469,33.83832931518555,63330,0.0,0.0
2017-10-10,35.459999084472656,35.709999084472656,34.47999954223633,35.040000915527344,33.560569763183594,38000,0.0,0.0
2017-10-11,34.900001525878906,36.2599983215332,34.869998931884766,35.099998474121094,33.6180419921875,61065,0.0,0.0
2017-10-12,35.2599983215332,35.459999084472656,34.93000030517578,35.0099983215332,33.531837463378906,31680,0.0,0.0
2017-10-13,35.2599983215332,35.459999084472656,34.40999984741211,34.7599983215332,33.292388916015625,40940,0.0,0.0
2017-10-16,34.36000061035156,35.0,34.29999923706055,34.560001373291016,33.10083770751953,20275,0.0,0.0
2017-10-17,35.060001373291016,35.060001373291016,34.65999984741211,34.790000915527344,33.32112503051758,16580,0.0,0.0
2017-10-18,35.04999923706055,35.20000076293945,34.400001525878906,35.0099983215332,33.531837463378906,36685,0.0,0.0
2017-10-19,34.029998779296875,36.400001525878906,34.029998779296875,35.88999938964844,34.37468338012695,25580,0.0,0.0
2017-10-23,35.650001525878906,36.0,34.83000183105469,35.36000061035156,33.867061614990234,41380,0.0,0.0
2017-10-24,35.29999923706055,35.38999938964844,34.599998474121094,35.150001525878906,33.66592788696289,22720,0.0,0.0
2017-10-25,35.38999938964844,35.400001525878906,34.900001525878906,35.099998474121094,33.6180419921875,22200,0.0,0.0
2017-10-26,35.099998474121094,35.20000076293945,34.709999084472656,34.959999084472656,33.483951568603516,54110,0.0,0.0
2017-10-27,35.2599983215332,35.2599983215332,33.65999984741211,34.790000915527344,33.32112503051758,72860,0.0,0.0
2017-10-30,34.86000061035156,36.65999984741211,33.79999923706055,36.11000061035156,34.58539581298828,150125,0.0,0.0
2017-10-31,35.959999084472656,36.459999084472656,34.65999984741211,34.93000030517578,33.45521545410156,55550,0.0,0.0
2017-11-01,35.2599983215332,35.400001525878906,34.2599983215332,34.75,33.28281784057617,37395,0.0,0.0
2017-11-02,34.86000061035156,35.189998626708984,34.470001220703125,34.84000015258789,33.369014739990234,37330,0.0,0.0
2017-11-03,35.060001373291016,35.65999984741211,34.47999954223633,34.709999084472656,33.2445068359375,26395,0.0,0.0
2017-11-06,34.709999084472656,36.2599983215332,34.709999084472656,35.45000076293945,33.9532585144043,133885,0.0,0.0
2017-11-07,35.65999984741211,35.65999984741211,34.65999984741211,34.72999954223633,33.2636604309082,32350,0.0,0.0
2017-11-08,34.86000061035156,35.459999084472656,34.5,34.52000045776367,33.06252670288086,39715,0.0,0.0
2017-11-09,34.02000045776367,34.79999923706055,33.91999816894531,34.45000076293945,32.9954833984375,117990,0.0,0.0
2017-11-10,34.599998474121094,34.65999984741211,34.060001373291016,34.5099983215332,33.052947998046875,32490,0.0,0.0
2017-11-13,34.5,34.790000915527344,34.0,34.29999923706055,32.85181427001953,38100,0.0,0.0
2017-11-14,34.20000076293945,34.459999084472656,33.65999984741211,34.18000030517578,32.73688507080078,45125,0.0,0.0
2017-11-15,34.2599983215332,34.2599983215332,33.459999084472656,33.9900016784668,32.55490493774414,15305,0.0,0.0
2017-11-16,33.900001525878906,34.189998626708984,33.7400016784668,33.90999984741211,32.4782829284668,42255,0.0,0.0
2017-11-17,33.65999984741211,34.20000076293945,33.65999984741211,33.869998931884766,32.43996810913086,14265,0.0,0.0
2017-11-20,33.79999923706055,34.560001373291016,33.65999984741211,34.2400016784668,32.794349670410156,31885,0.0,0.0
2017-11-21,34.599998474121094,35.2599983215332,34.25,34.630001068115234,33.167884826660156,40005,0.0,0.0
2017-11-22,34.86000061035156,35.029998779296875,34.4900016784668,34.83000183105469,33.35943603515625,31670,0.0,0.0
2017-11-23,35.189998626708984,37.20000076293945,34.70000076293945,36.18000030517578,34.65243911743164,125770,0.0,0.0
2017-11-24,37.0,38.0,35.65999984741211,36.95000076293945,35.38992691040039,184635,0.0,0.0
2017-11-27,39.0,41.0,38.0099983215332,40.16999816894531,38.473976135253906,818900,0.0,0.0
2017-11-28,40.540000915527344,42.400001525878906,39.45000076293945,41.279998779296875,39.537113189697266,521810,0.0,0.0
2017-11-29,42.08000183105469,48.4900016784668,42.0,46.869998931884766,44.89109420776367,1357935,0.0,0.0
2017-11-30,46.7599983215332,47.97999954223633,44.29999923706055,46.13999938964844,44.191917419433594,336020,0.0,0.0
2017-12-01,46.34000015258789,47.79999923706055,45.81999969482422,46.5,44.536720275878906,280975,0.0,0.0
2017-12-04,47.099998474121094,52.400001525878906,46.400001525878906,49.7400016784668,47.639923095703125,616460,0.0,0.0
2017-12-05,49.599998474121094,50.97999954223633,48.06999969482422,50.08000183105469,47.9655647277832,214040,0.0,0.0
2017-12-06,50.560001373291016,55.560001373291016,50.400001525878906,51.40999984741211,49.23941421508789,385170,0.0,0.0
2017-12-07,50.959999084472656,55.0,50.959999084472656,52.9900016784668,50.75270462036133,270440,0.0,0.0
2017-12-08,53.959999084472656,54.900001525878906,50.79999923706055,51.400001525878906,49.229835510253906,302520,0.0,0.0
2017-12-11,46.20000076293945,48.599998474121094,46.20000076293945,46.290000915527344,44.33558654785156,570655,0.0,0.0
2017-12-12,46.290000915527344,48.790000915527344,43.869998931884766,46.5099983215332,44.546295166015625,666200,0.0,0.0
2017-12-13,46.79999923706055,47.43000030517578,45.400001525878906,45.66999816894531,43.741756439208984,166305,0.0,0.0
2017-12-14,46.08000183105469,47.45000076293945,45.08000183105469,45.90999984741211,43.97162628173828,182695,0.0,0.0
2017-12-15,48.0,55.09000015258789,48.0,55.09000015258789,52.7640380859375,1332585,0.0,0.0
2017-12-18,61.20000076293945,66.0999984741211,55.290000915527344,63.47999954223633,60.7998046875,4125435,0.0,0.0
2017-12-19,65.33999633789062,68.4000015258789,63.0,64.94999694824219,62.207733154296875,1650325,0.0,0.0
2017-12-20,65.27999877929688,76.4000015258789,62.900001525878906,74.58999633789062,71.44071960449219,3194735,0.0,0.0
2017-12-21,75.1500015258789,76.95999908447266,72.19999694824219,73.58000183105469,70.47337341308594,1439155,0.0,0.0
2017-12-22,73.81999969482422,74.37000274658203,69.80000305175781,71.06999969482422,68.06934356689453,467755,0.0,0.0
2017-12-26,70.0199966430664,73.48999786376953,66.02999877929688,69.18000030517578,66.25914001464844,895420,0.0,0.0
2017-12-27,69.0,70.75,66.30999755859375,66.73999786376953,63.92216110229492,379680,0.0,0.0
2017-12-28,66.61000061035156,67.58999633789062,65.0,65.44000244140625,62.67705535888672,182890,0.0,0.0
2017-12-29,65.38999938964844,71.9800033569336,65.38999938964844,67.69999694824219,64.84162902832031,1687445,0.0,0.0
2018-01-01,67.04000091552734,68.94000244140625,64.47000122070312,65.05999755859375,62.31309127807617,401170,0.0,0.0
2018-01-02,65.04000091552734,66.5999984741211,63.68000030517578,64.94000244140625,62.19816207885742,246025,0.0,0.0
2018-01-03,65.55999755859375,66.58999633789062,65.0999984741211,65.45999908447266,62.696205139160156,131805,0.0,0.0
2018-01-04,65.30000305175781,65.43000030517578,63.79999923706055,64.0199966430664,61.31700134277344,164015,0.0,0.0
2018-01-05,64.80000305175781,65.79000091552734,64.2300033569336,64.79000091552734,62.05449676513672,136210,0.0,0.0
2018-01-08,65.0,66.80999755859375,63.220001220703125,64.08000183105469,61.374473571777344,218680,0.0,0.0
2018-01-09,64.0,70.4800033569336,63.400001525878906,70.43000030517578,67.45636749267578,1442960,0.0,0.0
2018-01-10,70.80000305175781,71.4000015258789,68.2699966430664,68.81999969482422,65.91434478759766,540065,0.0,0.0
2018-01-11,68.81999969482422,69.5999984741211,66.2699966430664,66.77999877929688,63.96047592163086,102895,0.0,0.0
2018-01-12,67.93000030517578,67.93000030517578,64.69999694824219,65.56999969482422,62.80155944824219,150600,0.0,0.0
2018-01-15,65.19999694824219,67.93000030517578,65.19999694824219,66.73999786376953,63.92216110229492,165675,0.0,0.0
2018-01-16,66.0,69.75,63.58000183105469,64.94000244140625,62.19816207885742,263430,0.0,0.0
2018-01-17,64.5999984741211,65.36000061035156,63.79999923706055,64.2300033569336,61.51814270019531,146995,0.0,0.0
2018-01-18,65.0,69.5999984741211,63.27000045776367,64.4000015258789,61.68096160888672,615940,0.0,0.0
2018-01-19,64.9800033569336,67.19000244140625,64.94999694824219,65.7699966430664,62.99311828613281,241070,0.0,0.0
2018-01-22,66.19999694824219,68.0,65.19999694824219,66.66000366210938,63.84553909301758,178080,0.0,0.0
2018-01-23,67.8499984741211,67.8499984741211,65.4800033569336,66.18000030517578,63.385807037353516,150125,0.0,0.0
2018-01-24,65.8499984741211,66.4000015258789,65.0,65.19999694824219,62.447181701660156,134245,0.0,0.0
2018-01-25,69.4000015258789,69.4000015258789,66.01000213623047,67.06999969482422,64.23822784423828,334705,0.0,0.0
2018-01-29,67.91999816894531,67.93000030517578,65.19999694824219,65.5199966430664,62.75366973876953,170225,0.0,0.0
2018-01-30,65.70999908447266,65.70999908447266,64.0,64.62000274658203,61.89167785644531,100755,0.0,0.0
2018-01-31,63.599998474121094,65.19999694824219,63.0,63.47999954223633,60.7998046875,110660,0.0,0.0
2018-02-01,65.08999633789062,65.08999633789062,61.20000076293945,62.29999923706055,59.66962432861328,129285,0.0,0.0
2018-02-02,62.20000076293945,62.20000076293945,56.06999969482422,59.38999938964844,56.88248825073242,355975,0.0,0.0
2018-02-05,59.38999938964844,60.0,56.79999923706055,58.470001220703125,56.00133514404297,190050,0.0,0.0
2018-02-06,57.0,58.79999923706055,54.79999923706055,56.08000183105469,53.712242126464844,126235,0.0,0.0
2018-02-07,59.599998474121094,60.56999969482422,57.0099983215332,60.0099983215332,57.4763069152832,231630,0.0,0.0
2018-02-08,60.20000076293945,65.68000030517578,60.20000076293945,62.9900016784668,60.33049392700195,243565,0.0,0.0
2018-02-09,62.0,67.19999694824219,61.790000915527344,65.69000244140625,62.91649627685547,226065,0.0,0.0
2018-02-12,66.5999984741211,68.69999694824219,66.5999984741211,68.12000274658203,65.243896484375,129760,0.0,0.0
2018-02-14,68.80000305175781,72.19999694824219,68.79000091552734,70.0,67.04451751708984,420490,0.0,0.0
2018-02-15,71.38999938964844,82.37000274658203,68.27999877929688,77.66999816894531,74.39068603515625,3416480,0.0,0.0
2018-02-16,77.5999984741211,80.5999984741211,71.0,73.98999786376953,70.86605072021484,917095,0.0,0.0
2018-02-19,73.0,73.0,67.16999816894531,68.19999694824219,65.32051086425781,435205,0.0,0.0
2018-02-20,69.0,69.77999877929688,65.7300033569336,68.41000366210938,65.52165222167969,249575,0.0,0.0
2018-02-21,68.01000213623047,69.7699966430664,67.12999725341797,67.72000122070312,64.86077880859375,103475,0.0,0.0
2018-02-22,67.01000213623047,68.0,66.0,67.41999816894531,64.57345581054688,117850,0.0,0.0
2018-02-23,66.62000274658203,71.36000061035156,66.62000274658203,69.41999816894531,66.489013671875,217935,0.0,0.0
2018-02-26,69.87999725341797,71.9800033569336,68.0,68.5,65.60784912109375,185705,0.0,0.0
2018-02-27,68.5999984741211,69.0,68.0,68.20999908447266,65.33009338378906,73625,0.0,0.0
2018-02-28,68.0,68.5999984741211,67.5999984741211,68.18000030517578,65.30136108398438,52575,0.0,0.0
2018-03-01,68.77999877929688,68.77999877929688,66.45999908447266,66.58000183105469,63.7689208984375,65580,0.0,0.0
2018-03-05,67.58999633789062,67.58999633789062,64.02999877929688,64.97000122070312,62.226898193359375,121835,0.0,0.0
2018-03-06,67.0,67.0,63.220001220703125,63.779998779296875,61.08713912963867,109100,0.0,0.0
2018-03-07,63.97999954223633,63.97999954223633,59.38999938964844,59.869998931884766,57.342220306396484,297655,0.0,0.0
2018-03-08,60.599998474121094,67.13999938964844,59.900001525878906,64.93000030517578,62.18858337402344,593920,0.0,0.0
2018-03-09,64.4000015258789,64.94999694824219,61.11000061035156,61.369998931884766,58.77888870239258,121020,0.0,0.0
2018-03-12,62.040000915527344,67.7300033569336,62.0,62.7599983215332,60.110198974609375,311755,0.0,0.0
2018-03-13,63.20000076293945,65.2699966430664,61.45000076293945,63.400001525878906,60.723182678222656,74810,0.0,0.0
2018-03-14,63.5,64.6500015258789,63.20000076293945,64.20999908447266,61.49898147583008,226220,0.0,0.0
2018-03-15,63.400001525878906,64.97000122070312,62.25,62.90999984741211,60.253868103027344,53960,0.0,0.0
2018-03-16,63.310001373291016,64.2699966430664,62.099998474121094,62.45000076293945,59.813289642333984,58950,0.0,0.0
2018-03-19,63.68000030517578,63.68000030517578,61.79999923706055,62.13999938964844,59.516380310058594,68055,0.0,0.0
2018-03-20,61.849998474121094,66.16000366210938,61.459999084472656,63.0,60.340065002441406,93615,0.0,0.0
2018-03-21,63.16999816894531,65.4000015258789,63.0,64.66999816894531,61.939552307128906,175475,0.0,0.0
2018-03-22,63.970001220703125,64.5999984741211,62.900001525878906,63.209999084472656,60.54119873046875,40220,0.0,0.0
2018-03-23,62.20000076293945,62.88999938964844,60.369998931884766,61.779998779296875,59.171573638916016,101280,0.0,0.0
2018-03-26,62.689998626708984,62.689998626708984,61.4900016784668,62.040000915527344,59.42060470581055,34850,0.0,0.0
2018-03-27,63.9900016784668,64.7300033569336,62.20000076293945,63.91999816894531,61.221221923828125,246505,0.0,0.0
2018-03-28,63.59000015258789,63.709999084472656,61.790000915527344,62.310001373291016,59.679203033447266,75475,0.0,0.0
2018-04-02,63.310001373291016,63.560001373291016,62.599998474121094,63.220001220703125,60.55078125,39635,0.0,0.0
2018-04-03,62.9900016784668,63.0,62.209999084472656,62.75,60.100624084472656,28640,0.0,0.0
2018-04-04,63.220001220703125,63.970001220703125,63.0099983215332,63.310001373291016,60.63698196411133,38745,0.0,0.0
2018-04-05,62.63999938964844,63.97999954223633,62.63999938964844,63.880001068115234,61.18291473388672,44515,0.0,0.0
2018-04-06,64.19000244140625,66.8499984741211,63.79999923706055,64.01000213623047,61.307430267333984,98165,0.0,0.0
2018-04-09,64.55000305175781,64.80000305175781,63.619998931884766,64.25,61.53729248046875,26230,0.0,0.0
2018-04-10,64.93000030517578,64.93000030517578,62.79999923706055,63.099998474121094,60.43584442138672,68095,0.0,0.0
2018-04-11,63.599998474121094,63.599998474121094,62.7400016784668,63.11000061035156,60.44542694091797,23285,0.0,0.0
2018-04-12,62.619998931884766,63.599998474121094,61.599998474121094,62.4900016784668,59.851600646972656,70585,0.0,0.0
2018-04-13,62.4900016784668,63.5,62.369998931884766,62.97999954223633,60.3209114074707,60395,0.0,0.0
2018-04-16,63.06999969482422,63.06999969482422,59.20000076293945,62.470001220703125,59.83244705200195,36140,0.0,0.0
2018-04-17,62.83000183105469,64.19999694824219,62.40999984741211,63.599998474121094,60.91473388671875,47180,0.0,0.0
2018-04-18,63.900001525878906,63.9900016784668,61.08000183105469,62.290000915527344,59.66004943847656,68655,0.0,0.0
2018-04-19,62.310001373291016,63.150001525878906,61.79999923706055,62.040000915527344,59.42060470581055,13935,0.0,0.0
2018-04-20,62.06999969482422,62.810001373291016,61.720001220703125,62.0099983215332,59.39186477661133,13880,0.0,0.0
2018-04-23,62.59000015258789,63.599998474121094,59.38999938964844,62.06999969482422,59.449337005615234,25860,0.0,0.0
2018-04-24,62.68000030517578,63.599998474121094,62.0,62.439998626708984,59.8037109375,23320,0.0,0.0
2018-04-25,61.970001220703125,62.790000915527344,61.650001525878906,61.97999954223633,59.363136291503906,35185,0.0,0.0
2018-04-26,61.869998931884766,62.45000076293945,61.619998931884766,61.939998626708984,59.32482147216797,14355,0.0,0.0
2018-04-27,62.79999923706055,62.79999923706055,61.70000076293945,62.04999923706055,59.43018341064453,46055,0.0,0.0
2018-04-30,61.97999954223633,61.97999954223633,60.45000076293945,61.27000045776367,58.683109283447266,32655,0.0,0.0
2018-05-02,60.869998931884766,61.27000045776367,60.02000045776367,60.20000076293945,57.65829086303711,98840,0.0,0.0
2018-05-03,60.060001373291016,60.58000183105469,59.04999923706055,59.7400016784668,57.21771240234375,95935,0.0,0.0
2018-05-04,59.900001525878906,61.4900016784668,59.06999969482422,59.77000045776367,57.24644088745117,18370,0.0,0.0
2018-05-07,60.61000061035156,60.9900016784668,59.40999984741211,60.5,57.945621490478516,57340,0.0,0.0
2018-05-08,60.79999923706055,62.20000076293945,60.52000045776367,61.619998931884766,59.018333435058594,59235,0.0,0.0
2018-05-09,61.9900016784668,62.47999954223633,61.220001220703125,62.0099983215332,59.39186477661133,14640,0.0,0.0
2018-05-10,60.619998931884766,62.599998474121094,60.619998931884766,62.36000061035156,59.72709274291992,29315,0.0,0.0
2018-05-11,62.400001525878906,62.97999954223633,61.5,62.119998931884766,59.497222900390625,28720,0.0,0.0
2018-05-14,62.0099983215332,62.119998931884766,60.0,61.290000915527344,58.702266693115234,27545,0.0,0.0
2018-05-15,62.0099983215332,62.04999923706055,60.0,60.25,57.706180572509766,29400,0.0,0.0
2018-05-16,60.060001373291016,61.20000076293945,58.400001525878906,60.36000061035156,57.8115348815918,34760,0.0,0.0
2018-05-17,61.45000076293945,61.45000076293945,59.220001220703125,59.310001373291016,56.80586624145508,16220,0.0,0.0
2018-05-18,60.459999084472656,60.459999084472656,58.40999984741211,59.630001068115234,57.11235427856445,21530,0.0,0.0
2018-05-21,59.599998474121094,60.25,58.0099983215332,58.279998779296875,55.81935119628906,18285,0.0,0.0
2018-05-22,59.459999084472656,59.459999084472656,57.70000076293945,58.79999923706055,56.3173942565918,77845,0.0,0.0
2018-05-23,59.84000015258789,59.84000015258789,57.95000076293945,58.0,55.55117416381836,31410,0.0,0.0
2018-05-24,59.38999938964844,59.38999938964844,56.060001373291016,56.84000015258789,54.44015121459961,62905,0.0,0.0
2018-05-25,57.72999954223633,58.0,56.65999984741211,57.11000061035156,54.698753356933594,23155,0.0,0.0
2018-05-28,56.810001373291016,61.18000030517578,56.810001373291016,60.95000076293945,58.37662124633789,95230,0.0,0.0
2018-05-29,60.95000076293945,61.599998474121094,55.029998779296875,61.290000915527344,58.702266693115234,286990,0.0,0.0
2018-05-30,60.599998474121094,65.66000366210938,59.47999954223633,64.29000091552734,61.57560348510742,161375,0.0,0.0
2018-05-31,63.619998931884766,64.95999908447266,61.279998779296875,63.11000061035156,60.44542694091797,61410,0.0,0.0
2018-06-01,63.0,63.0,60.41999816894531,60.779998779296875,58.21379852294922,37870,0.0,0.0
2018-06-04,60.150001525878906,61.349998474121094,57.0,58.18000030517578,55.723575592041016,31190,0.0,0.0
2018-06-05,58.88999938964844,58.88999938964844,53.0,54.81999969482422,52.50543975830078,60595,0.0,0.0
2018-06-06,55.72999954223633,61.0,53.0,57.75,55.311729431152344,57005,0.0,0.0
2018-06-07,59.09000015258789,59.59000015258789,57.040000915527344,58.08000183105469,55.62779998779297,17070,0.0,0.0
2018-06-08,57.0099983215332,58.79999923706055,56.599998474121094,58.439998626708984,55.972599029541016,13490,0.0,0.0
2018-06-11,58.20000076293945,59.97999954223633,57.029998779296875,59.619998931884766,57.102779388427734,37710,0.0,0.0
2018-06-12,60.2599983215332,61.18000030517578,58.41999816894531,60.52000045776367,57.964778900146484,61270,0.0,0.0
2018-06-13,61.599998474121094,61.599998474121094,59.20000076293945,59.40999984741211,56.90164566040039,19415,0.0,0.0
2018-06-14,60.86000061035156,60.88999938964844,59.0,59.18000030517578,56.68135452270508,9375,0.0,0.0
2018-06-15,60.779998779296875,60.779998779296875,57.81999969482422,59.689998626708984,57.169822692871094,23605,0.0,0.0
2018-06-18,59.15999984741211,59.77000045776367,58.59000015258789,58.900001525878906,56.413177490234375,5030,0.0,0.0
2018-06-19,60.599998474121094,60.599998474121094,57.20000076293945,57.880001068115234,55.436241149902344,12175,0.0,0.0
2018-06-20,57.790000915527344,59.7400016784668,57.20000076293945,58.13999938964844,55.68526077270508,17730,0.0,0.0
2018-06-21,57.689998626708984,59.459999084472656,57.040000915527344,57.619998931884766,55.187217712402344,15135,0.0,0.0
2018-06-22,57.599998474121094,58.619998931884766,56.599998474121094,57.81999969482422,55.3787727355957,20200,0.0,0.0
2018-06-25,58.099998474121094,58.099998474121094,56.599998474121094,56.599998474121094,54.21028518676758,4480,0.0,0.0
2018-06-26,55.79999923706055,56.119998931884766,54.65999984741211,55.689998626708984,53.33870315551758,26120,0.0,0.0
2018-06-27,54.599998474121094,56.29999923706055,54.599998474121094,55.130001068115234,52.80234909057617,26950,0.0,0.0
2018-06-28,56.18000030517578,56.18000030517578,55.0,55.459999084472656,53.118412017822266,9850,0.0,0.0
2018-06-29,54.599998474121094,57.060001373291016,54.20000076293945,56.439998626708984,54.057037353515625,11085,0.0,0.0
2018-07-02,55.029998779296875,57.599998474121094,55.029998779296875,57.029998779296875,54.622127532958984,12835,0.0,0.0
2018-07-03,56.099998474121094,57.650001525878906,55.720001220703125,55.91999816894531,53.558990478515625,3960,0.0,0.0
2018-07-04,56.02000045776367,56.77000045776367,55.599998474121094,55.79999923706055,53.444061279296875,5065,0.0,0.0
2018-07-05,55.400001525878906,55.90999984741211,55.02000045776367,55.349998474121094,53.0130615234375,3775,0.0,0.0
2018-07-06,54.619998931884766,56.209999084472656,53.220001220703125,56.0,53.6356201171875,6655,0.0,0.0
2018-07-09,57.38999938964844,57.38999938964844,56.0,56.08000183105469,53.712242126464844,4740,0.0,0.0
2018-07-10,57.59000015258789,58.08000183105469,56.0,57.880001068115234,55.436241149902344,59740,0.0,0.0
2018-07-11,57.599998474121094,57.689998626708984,55.400001525878906,56.02000045776367,53.6547737121582,16780,0.0,0.0
2018-07-12,56.13999938964844,56.59000015258789,55.599998474121094,56.0,53.6356201171875,14550,0.0,0.0
2018-07-13,56.0,56.0,54.79999923706055,55.369998931884766,53.0322151184082,56210,0.0,0.0
2018-07-16,55.0,55.56999969482422,55.0,55.0099983215332,52.687416076660156,10315,0.0,0.0
2018-07-17,55.0099983215332,55.599998474121094,55.0099983215332,55.029998779296875,52.706573486328125,7380,0.0,0.0
2018-07-18,55.040000915527344,57.0,55.0,55.56999969482422,53.22377014160156,146960,0.0,0.0
2018-07-19,55.9900016784668,55.9900016784668,54.61000061035156,55.0,52.67784118652344,47690,0.0,0.0
2018-07-20,55.0,55.220001220703125,54.45000076293945,55.0,52.67784118652344,135015,0.0,0.0
2018-07-23,55.0,55.88999938964844,55.0,55.0,52.67784118652344,6030,0.0,0.0
2018-07-24,55.0099983215332,56.0,55.0,55.0099983215332,52.687416076660156,7265,0.0,0.0
2018-07-25,55.0,55.02000045776367,54.400001525878906,54.68000030517578,52.3713493347168,2795,0.0,0.0
2018-07-26,55.0,55.0,53.0099983215332,53.54999923706055,51.289058685302734,60770,0.0,0.0
2018-07-27,54.20000076293945,54.20000076293945,53.20000076293945,53.400001525878906,51.14539337158203,11860,0.0,0.0
2018-07-30,53.400001525878906,54.400001525878906,51.619998931884766,52.31999969482422,50.11098861694336,27630,0.0,0.0
2018-07-31,52.0,53.79999923706055,51.099998474121094,53.40999984741211,51.15496826171875,50160,0.0,0.0
2018-08-01,53.88999938964844,54.599998474121094,53.029998779296875,54.529998779296875,52.22768020629883,21460,0.0,0.0
2018-08-02,54.79999923706055,56.02000045776367,53.0,55.40999984741211,53.070526123046875,20595,0.0,0.0
2018-08-03,56.400001525878906,56.9900016784668,54.650001525878906,55.40999984741211,53.070526123046875,9585,0.0,0.0
2018-08-06,55.599998474121094,57.0,55.599998474121094,56.7400016784668,54.34437942504883,15200,0.0,0.0
2018-08-07,56.400001525878906,63.29999923706055,56.400001525878906,62.790000915527344,60.13893508911133,269210,0.0,0.0
2018-08-08,63.29999923706055,63.900001525878906,60.43000030517578,62.72999954223633,60.08146667480469,51295,0.0,0.0
2018-08-09,62.599998474121094,63.900001525878906,60.33000183105469,60.869998931884766,58.30000305175781,37555,0.0,0.0
2018-08-10,62.0,63.599998474121094,61.04999923706055,62.47999954223633,59.84202194213867,48300,0.0,0.0
2018-08-13,62.790000915527344,64.77999877929688,62.0,62.540000915527344,59.89949417114258,87860,0.0,0.0
2018-08-14,61.79999923706055,62.70000076293945,60.20000076293945,60.4900016784668,57.9360466003418,35095,0.0,0.0
2018-08-16,60.20000076293945,61.599998474121094,59.529998779296875,60.84000015258789,58.271270751953125,25910,0.0,0.0
2018-08-17,60.84000015258789,65.80000305175781,60.84000015258789,65.0,62.2556266784668,336690,0.0,0.0
2018-08-20,65.91999816894531,66.66000366210938,64.0,64.33000183105469,61.61391830444336,95790,0.0,0.0
2018-08-21,63.88999938964844,67.30000305175781,63.88999938964844,64.5199966430664,61.795894622802734,53210,0.0,0.0
2018-08-23,64.80000305175781,64.80000305175781,64.01000213623047,64.16000366210938,61.45109558105469,24955,0.0,0.0
2018-08-24,64.01000213623047,64.79000091552734,63.79999923706055,63.81999969482422,61.125450134277344,92615,0.0,0.0
2018-08-27,63.79999923706055,65.05000305175781,63.630001068115234,63.79999923706055,61.106292724609375,28375,0.0,0.0
2018-08-28,63.20000076293945,65.0,63.0099983215332,63.66999816894531,60.98177719116211,44225,0.0,0.0
2018-08-29,63.91999816894531,64.77999877929688,63.63999938964844,63.65999984741211,60.97220230102539,22880,0.0,0.0
2018-08-30,64.0,64.0,63.599998474121094,63.599998474121094,60.91473388671875,13525,0.0,0.0
2018-08-31,64.19999694824219,64.19999694824219,63.599998474121094,63.619998931884766,60.93389129638672,20490,0.0,0.0
2018-09-03,63.619998931884766,64.55999755859375,63.0,63.2599983215332,60.58909225463867,35480,0.0,0.0
2018-09-04,63.04999923706055,63.4900016784668,62.04999923706055,62.43000030517578,59.79413604736328,42760,0.0,0.0
2018-09-05,63.20000076293945,63.20000076293945,61.099998474121094,62.83000183105469,60.177249908447266,22345,0.0,0.0
2018-09-06,62.0,63.16999816894531,61.0,61.06999969482422,58.49155807495117,15250,0.0,0.0
2018-09-07,62.279998779296875,62.279998779296875,59.66999816894531,60.43000030517578,57.878578186035156,10525,0.0,0.0
2018-09-10,60.9900016784668,61.560001373291016,59.400001525878906,60.13999938964844,57.60082244873047,13460,0.0,0.0
2018-09-11,60.13999938964844,61.33000183105469,59.880001068115234,60.099998474121094,57.5625114440918,3550,0.0,0.0
2018-09-12,60.0,60.29999923706055,59.400001525878906,60.0,57.466732025146484,27775,0.0,0.0
2018-09-14,59.599998474121094,61.189998626708984,59.41999816894531,60.150001525878906,57.61040115356445,6365,0.0,0.0
2018-09-17,61.279998779296875,61.279998779296875,59.310001373291016,59.84000015258789,57.31348419189453,7995,0.0,0.0
2018-09-18,60.0,60.20000076293945,59.79999923706055,59.79999923706055,57.27517318725586,5460,0.0,0.0
2018-09-19,60.0099983215332,60.40999984741211,59.439998626708984,60.20000076293945,57.65829086303711,12175,0.0,0.0
2018-09-21,60.400001525878906,60.560001373291016,58.11000061035156,58.540000915527344,56.06837844848633,10010,0.0,0.0
2018-09-24,58.119998931884766,59.400001525878906,55.0,55.61000061035156,53.2620849609375,79280,0.0,0.0
2018-09-25,55.400001525878906,56.20000076293945,55.0,55.7599983215332,53.4057502746582,17600,0.0,0.0
2018-09-26,55.20000076293945,56.79999923706055,55.20000076293945,56.20000076293945,53.827171325683594,4320,0.0,0.0
2018-09-27,56.400001525878906,61.599998474121094,56.400001525878906,58.59000015258789,56.11626052856445,20020,0.0,0.0
2018-09-28,59.529998779296875,59.560001373291016,55.099998474121094,56.18000030517578,53.80801773071289,7710,0.0,0.0
2018-10-01,55.400001525878906,56.77000045776367,50.790000915527344,54.29999923706055,52.00739288330078,20280,0.0,0.0
2018-10-03,55.369998931884766,56.9900016784668,53.130001068115234,55.58000183105469,53.23335266113281,3825,0.0,0.0
2018-10-04,54.220001220703125,56.0,53.0,53.119998931884766,50.87721633911133,15835,0.0,0.0
2018-10-05,54.16999816894531,55.20000076293945,53.029998779296875,54.279998779296875,51.98823547363281,2455,0.0,0.0
2018-10-08,54.25,55.349998474121094,53.099998474121094,54.58000183105469,52.27557373046875,7675,0.0,0.0
2018-10-09,54.400001525878906,55.54999923706055,53.40999984741211,53.790000915527344,51.51892852783203,3930,0.0,0.0
2018-10-10,53.20000076293945,56.0,53.099998474121094,55.119998931884766,52.79277038574219,9705,0.0,0.0
2018-10-11,54.599998474121094,54.689998626708984,53.0,54.150001525878906,51.86372756958008,17215,0.0,0.0
2018-10-12,54.70000076293945,55.0099983215332,53.29999923706055,54.4900016784668,52.189369201660156,14440,0.0,0.0
2018-10-15,53.810001373291016,58.0,53.45000076293945,56.459999084472656,54.07619857788086,9635,0.0,0.0
2018-10-16,57.0,58.599998474121094,54.439998626708984,58.08000183105469,55.62779998779297,4865,0.0,0.0
2018-10-17,58.0,58.79999923706055,56.02000045776367,57.15999984741211,54.74663543701172,10755,0.0,0.0
2018-10-19,56.40999984741211,57.599998474121094,54.20000076293945,55.540000915527344,53.19504165649414,7000,0.0,0.0
2018-10-22,55.0,56.599998474121094,55.0,55.0,52.67784118652344,1390,0.0,0.0
2018-10-23,54.630001068115234,56.0,54.5,55.02000045776367,52.69699478149414,15835,0.0,0.0
2018-10-24,54.599998474121094,55.20000076293945,54.599998474121094,55.029998779296875,52.706573486328125,8920,0.0,0.0
2018-10-25,55.900001525878906,55.900001525878906,53.0,53.16999816894531,50.92509841918945,26955,0.0,0.0
2018-10-26,53.20000076293945,54.75,52.40999984741211,53.209999084472656,50.96341323852539,20185,0.0,0.0
2018-10-29,60.599998474121094,63.0,58.5099983215332,60.540000915527344,57.98393249511719,364245,0.0,0.0
2018-10-30,60.61000061035156,61.4900016784668,60.029998779296875,60.459999084472656,57.90730667114258,58950,0.0,0.0
2018-10-31,60.470001220703125,60.79999923706055,59.79999923706055,60.79999923706055,58.23295593261719,20520,0.0,0.0
2018-11-01,62.0099983215332,63.0,61.11000061035156,61.2400016784668,58.654380798339844,36740,0.0,0.0
2018-11-02,62.15999984741211,62.15999984741211,61.040000915527344,61.84000015258789,59.22904968261719,17325,0.0,0.0
2018-11-05,62.79999923706055,66.5999984741211,62.189998626708984,65.45999908447266,62.696205139160156,171605,0.0,0.0
2018-11-06,66.75,68.83999633789062,63.0,63.880001068115234,61.18291473388672,174350,0.0,0.0
2018-11-07,64.13999938964844,65.0,64.0,64.0999984741211,61.39362716674805,5605,0.0,0.0
2018-11-09,62.83000183105469,64.55999755859375,61.060001373291016,64.04000091552734,61.336158752441406,11680,0.0,0.0
2018-11-12,64.01000213623047,64.80000305175781,63.310001373291016,64.19999694824219,61.48939895629883,5335,0.0,0.0
2018-11-13,63.790000915527344,63.9900016784668,62.470001220703125,63.15999984741211,60.49331283569336,20780,0.0,0.0
2018-11-14,63.0099983215332,63.61000061035156,62.61000061035156,63.02000045776367,60.35922622680664,19595,0.0,0.0
2018-11-15,63.16999816894531,63.380001068115234,61.0,61.470001220703125,58.87466812133789,23625,0.0,0.0
2018-11-16,62.689998626708984,62.689998626708984,61.130001068115234,61.2400016784668,58.654380798339844,8515,0.0,0.0
2018-11-19,61.20000076293945,61.939998626708984,61.20000076293945,61.2400016784668,58.654380798339844,13560,0.0,0.0
2018-11-20,61.7599983215332,61.7599983215332,60.59000015258789,60.84000015258789,58.271270751953125,20520,0.0,0.0
2018-11-21,61.20000076293945,61.20000076293945,60.20000076293945,60.86000061035156,58.29042434692383,27220,0.0,0.0
2018-11-22,61.029998779296875,62.0,61.02000045776367,61.34000015258789,58.75015640258789,3995,0.0,0.0
2018-11-26,61.0099983215332,61.97999954223633,60.31999969482422,60.63999938964844,58.0797119140625,23095,0.0,0.0
2018-11-27,60.310001373291016,60.880001068115234,60.29999923706055,60.540000915527344,57.98393249511719,18330,0.0,0.0
2018-11-28,61.59000015258789,63.79999923706055,60.400001525878906,60.4900016784668,57.9360466003418,8125,0.0,0.0
2018-11-29,60.310001373291016,61.540000915527344,60.310001373291016,60.900001525878906,58.3287353515625,5415,0.0,0.0
2018-11-30,61.220001220703125,62.0,60.81999969482422,61.84000015258789,59.22904968261719,7155,0.0,0.0
2018-12-03,61.720001220703125,62.0,61.099998474121094,61.939998626708984,59.32482147216797,12005,0.0,0.0
2018-12-04,61.959999084472656,62.0,61.20000076293945,61.25,58.66395568847656,2005,0.0,0.0
2018-12-05,61.5,61.59000015258789,60.9900016784668,61.0,58.42451095581055,3480,0.0,0.0
2018-12-06,61.619998931884766,61.619998931884766,59.65999984741211,60.77000045776367,58.2042236328125,20990,0.0,0.0
2018-12-07,61.59000015258789,62.0,60.650001525878906,61.720001220703125,59.114112854003906,10845,0.0,0.0
2018-12-10,61.0099983215332,62.0,60.40999984741211,61.0,58.42451095581055,17405,0.0,0.0
2018-12-11,60.209999084472656,61.560001373291016,60.209999084472656,61.0,58.42451095581055,4260,0.0,0.0
2018-12-12,61.95000076293945,62.79999923706055,61.400001525878906,61.650001525878906,59.04706954956055,6140,0.0,0.0
2018-12-13,62.56999969482422,62.790000915527344,61.81999969482422,62.290000915527344,59.66004943847656,6460,0.0,0.0
2018-12-14,62.0099983215332,64.5,62.0,62.880001068115234,60.22513961791992,42260,0.0,0.0
2018-12-17,62.88999938964844,64.80000305175781,61.849998474121094,62.970001220703125,60.311336517333984,56490,0.0,0.0
2018-12-18,63.189998626708984,63.93000030517578,61.599998474121094,62.38999938964844,59.75582504272461,61565,0.0,0.0
2018-12-19,62.970001220703125,63.20000076293945,61.810001373291016,62.779998779296875,60.12936019897461,25345,0.0,0.0
2018-12-20,62.0,62.97999954223633,61.20000076293945,62.45000076293945,59.813289642333984,22425,0.0,0.0
2018-12-21,61.720001220703125,62.599998474121094,61.709999084472656,62.02000045776367,59.40144729614258,14895,0.0,0.0
2018-12-24,60.400001525878906,64.18000030517578,60.400001525878906,62.11000061035156,59.487648010253906,58000,0.0,0.0
2018-12-26,62.209999084472656,62.209999084472656,60.83000183105469,61.470001220703125,58.87466812133789,34155,0.0,0.0
2018-12-27,61.619998931884766,61.7400016784668,60.70000076293945,61.15999984741211,58.577754974365234,18395,0.0,0.0
2018-12-28,62.36000061035156,63.880001068115234,61.599998474121094,62.90999984741211,60.253868103027344,24645,0.0,0.0
2018-12-31,62.40999984741211,63.31999969482422,60.40999984741211,62.93000030517578,60.27302169799805,23515,0.0,0.0
2019-01-01,62.40999984741211,63.97999954223633,61.40999984741211,63.630001068115234,60.9434700012207,5875,0.0,0.0
2019-01-02,63.0099983215332,64.0,61.72999954223633,62.779998779296875,60.12936019897461,4910,0.0,0.0
2019-01-03,62.779998779296875,63.0,62.099998474121094,62.709999084472656,60.062313079833984,3490,0.0,0.0
2019-01-04,62.40999984741211,62.970001220703125,61.810001373291016,62.79999923706055,60.14851379394531,2275,0.0,0.0
2019-01-07,62.97999954223633,63.349998474121094,61.619998931884766,62.040000915527344,59.42060470581055,4820,0.0,0.0
2019-01-08,61.86000061035156,62.689998626708984,61.86000061035156,62.0,59.38228988647461,3550,0.0,0.0
2019-01-09,62.029998779296875,63.58000183105469,61.720001220703125,63.040000915527344,60.37838363647461,6805,0.0,0.0
2019-01-10,62.22999954223633,63.11000061035156,61.88999938964844,62.150001525878906,59.52595901489258,35225,0.0,0.0
2019-01-11,62.150001525878906,63.0099983215332,61.54999923706055,62.11000061035156,59.487648010253906,4990,0.0,0.0
2019-01-14,62.08000183105469,62.08000183105469,61.0,61.459999084472656,58.865089416503906,6480,0.0,0.0
2019-01-15,62.470001220703125,62.470001220703125,61.22999954223633,61.849998474121094,59.23862075805664,4130,0.0,0.0
2019-01-16,62.0,62.27000045776367,61.59000015258789,62.0,59.38228988647461,17320,0.0,0.0
2019-01-17,62.349998474121094,62.599998474121094,61.34000015258789,61.709999084472656,59.104530334472656,12800,0.0,0.0
2019-01-18,61.61000061035156,61.84000015258789,61.29999923706055,61.470001220703125,58.87466812133789,20270,0.0,0.0
2019-01-21,61.0,61.93000030517578,60.5099983215332,60.900001525878906,58.3287353515625,46000,0.0,0.0
2019-01-22,61.869998931884766,61.880001068115234,60.79999923706055,61.11000061035156,58.529869079589844,4500,0.0,0.0
2019-01-23,62.06999969482422,62.130001068115234,61.209999084472656,61.58000183105469,58.98002624511719,2680,0.0,0.0
2019-01-24,61.97999954223633,61.9900016784668,60.900001525878906,61.029998779296875,58.453243255615234,5275,0.0,0.0
2019-01-25,61.220001220703125,61.88999938964844,60.900001525878906,61.189998626708984,58.60648727416992,6680,0.0,0.0
2019-01-28,60.900001525878906,61.59000015258789,59.599998474121094,60.09000015258789,57.55292892456055,61360,0.0,0.0
2019-01-29,60.06999969482422,60.79999923706055,60.0,60.4900016784668,57.9360466003418,9590,0.0,0.0
2019-01-30,60.38999938964844,60.599998474121094,59.630001068115234,59.84000015258789,57.31348419189453,11840,0.0,0.0
2019-01-31,60.95000076293945,60.95000076293945,59.20000076293945,59.36000061035156,56.85375213623047,12865,0.0,0.0
2019-02-01,59.61000061035156,60.599998474121094,57.41999816894531,57.91999816894531,55.47455596923828,24575,0.0,0.0
2019-02-04,58.599998474121094,58.790000915527344,57.599998474121094,57.709999084472656,55.27342224121094,41295,0.0,0.0
2019-02-05,57.619998931884766,58.720001220703125,56.22999954223633,56.790000915527344,54.39226531982422,26885,0.0,0.0
2019-02-06,57.0,64.0,57.0,59.959999084472656,57.42842102050781,65155,0.0,0.0
2019-02-07,59.0,61.0,57.599998474121094,58.84000015258789,56.355709075927734,22750,0.0,0.0
2019-02-08,59.18000030517578,59.20000076293945,57.9900016784668,58.189998626708984,55.733154296875,31690,0.0,0.0
2019-02-11,59.34000015258789,59.959999084472656,57.11000061035156,57.2599983215332,54.8424186706543,43940,0.0,0.0
2019-02-12,58.2599983215332,62.20000076293945,57.29999923706055,60.70000076293945,58.13718032836914,40905,0.0,0.0
2019-02-14,61.470001220703125,62.0,59.20000076293945,60.20000076293945,57.65829086303711,5100,0.0,0.0
2019-02-15,60.56999969482422,60.58000183105469,58.70000076293945,59.33000183105469,56.82501983642578,9140,0.0,0.0
2019-02-18,59.41999816894531,59.599998474121094,57.0,57.06999969482422,54.660438537597656,14755,0.0,0.0
2019-02-19,57.459999084472656,59.540000915527344,57.20000076293945,58.90999984741211,56.42275619506836,9950,0.0,0.0
2019-02-20,58.95000076293945,59.900001525878906,58.5,58.630001068115234,56.15457534790039,2435,0.0,0.0
2019-02-21,59.59000015258789,59.59000015258789,57.86000061035156,58.11000061035156,55.65652847290039,4905,0.0,0.0
2019-02-22,59.27000045776367,59.560001373291016,57.099998474121094,58.959999084472656,56.47064208984375,12085,0.0,0.0
2019-02-25,59.7400016784668,61.0,59.0,60.5099983215332,57.955196380615234,4450,0.0,0.0
2019-02-26,60.0,60.790000915527344,59.470001220703125,60.0,57.466732025146484,8120,0.0,0.0
2019-02-27,60.119998931884766,60.400001525878906,59.0,60.02000045776367,57.48588943481445,16845,0.0,0.0
2019-02-28,60.79999923706055,60.79999923706055,59.400001525878906,59.9900016784668,57.457157135009766,11205,0.0,0.0
2019-03-01,59.97999954223633,61.13999938964844,59.97999954223633,60.18000030517578,57.639137268066406,15680,0.0,0.0
2019-03-05,60.61000061035156,62.75,59.400001525878906,61.310001373291016,58.7214241027832,19735,0.0,0.0
2019-03-06,61.290000915527344,61.9900016784668,61.02000045776367,61.47999954223633,58.88424301147461,19255,0.0,0.0
2019-03-07,61.599998474121094,62.400001525878906,60.470001220703125,61.0099983215332,58.43408966064453,22035,0.0,0.0
2019-03-08,61.02000045776367,61.7599983215332,60.20000076293945,61.59000015258789,58.989601135253906,9100,0.0,0.0
2019-03-11,61.61000061035156,61.61000061035156,61.119998931884766,61.2599983215332,58.67353057861328,12120,0.0,0.0
2019-03-12,61.630001068115234,61.630001068115234,61.0,61.09000015258789,58.510711669921875,23255,0.0,0.0
2019-03-13,61.209999084472656,61.650001525878906,60.9900016784668,61.529998779296875,58.932132720947266,14815,0.0,0.0
2019-03-14,61.709999084472656,61.79999923706055,59.79999923706055,60.290000915527344,57.74448776245117,8695,0.0,0.0
2019-03-15,60.40999984741211,62.79999923706055,60.400001525878906,61.75,59.142845153808594,21335,0.0,0.0
2019-03-18,61.75,62.400001525878906,60.61000061035156,61.900001525878906,59.28651428222656,11530,0.0,0.0
2019-03-19,61.900001525878906,63.15999984741211,61.15999984741211,62.720001220703125,60.0718879699707,22415,0.0,0.0
2019-03-20,63.0,65.0,62.130001068115234,64.4800033569336,61.757591247558594,32225,0.0,0.0
2019-03-22,65.5999984741211,65.5999984741211,63.41999816894531,63.939998626708984,61.240379333496094,38275,0.0,0.0
2019-03-25,63.790000915527344,64.91999816894531,62.66999816894531,63.70000076293945,61.01051330566406,63940,0.0,0.0
2019-03-26,63.0099983215332,64.0,62.459999084472656,63.61000061035156,60.92431640625,4185,0.0,0.0
2019-03-27,64.80000305175781,64.80000305175781,61.02000045776367,61.54999923706055,58.951290130615234,14890,0.0,0.0
2019-03-28,61.27000045776367,63.599998474121094,61.0,62.880001068115234,60.22513961791992,20625,0.0,0.0
2019-04-01,61.77000045776367,64.19999694824219,61.0,63.0099983215332,60.349647521972656,49675,0.0,0.0
2019-04-02,62.599998474121094,63.959999084472656,61.290000915527344,61.709999084472656,59.104530334472656,8670,0.0,0.0
2019-04-03,62.220001220703125,62.41999816894531,61.400001525878906,61.7400016784668,59.133270263671875,6315,0.0,0.0
2019-04-04,61.900001525878906,61.900001525878906,61.22999954223633,61.31999969482422,58.73100280761719,6210,0.0,0.0
2019-04-05,61.70000076293945,62.59000015258789,61.56999969482422,62.0,59.38228988647461,10210,0.0,0.0
2019-04-08,61.70000076293945,62.0,60.95000076293945,61.369998931884766,58.77888870239258,9490,0.0,0.0
2019-04-09,61.959999084472656,61.959999084472656,61.02000045776367,61.2599983215332,58.67353057861328,12440,0.0,0.0
2019-04-10,61.040000915527344,61.790000915527344,61.02000045776367,61.470001220703125,58.87466812133789,6705,0.0,0.0
2019-04-11,60.810001373291016,63.97999954223633,60.810001373291016,61.45000076293945,58.85551452636719,35160,0.0,0.0
2019-04-12,61.400001525878906,62.970001220703125,61.0,61.2599983215332,58.67353057861328,58225,0.0,0.0
2019-04-15,61.0,61.689998626708984,60.599998474121094,60.9900016784668,58.41493225097656,26725,0.0,0.0
2019-04-16,61.0099983215332,62.150001525878906,60.25,60.7400016784668,58.17548751831055,46305,0.0,0.0
2019-04-18,61.04999923706055,61.599998474121094,60.5,60.720001220703125,58.156333923339844,39880,0.0,0.0
2019-04-22,61.970001220703125,61.97999954223633,59.619998931884766,60.68000030517578,58.11802291870117,28250,0.0,0.0
2019-04-23,60.77000045776367,61.0,60.59000015258789,60.81999969482422,58.25210952758789,38520,0.0,0.0
2019-04-24,61.75,61.900001525878906,60.81999969482422,61.20000076293945,58.616065979003906,3530,0.0,0.0
2019-04-25,60.9900016784668,61.0,60.209999084472656,60.77000045776367,58.2042236328125,65895,0.0,0.0
2019-04-26,61.0099983215332,61.38999938964844,59.599998474121094,60.5,57.945621490478516,68930,0.0,0.0
2019-04-30,62.20000076293945,62.20000076293945,60.56999969482422,60.95000076293945,58.37662124633789,12160,0.0,0.0
2019-05-02,60.779998779296875,61.43000030517578,60.779998779296875,61.369998931884766,58.77888870239258,6410,0.0,0.0
2019-05-03,61.0099983215332,61.15999984741211,60.81999969482422,60.83000183105469,58.26169204711914,9120,0.0,0.0
2019-05-06,61.380001068115234,61.38999938964844,60.41999816894531,60.70000076293945,58.13718032836914,5185,0.0,0.0
2019-05-07,60.599998474121094,61.349998474121094,59.59000015258789,59.7400016784668,57.21771240234375,37445,0.0,0.0
2019-05-08,59.209999084472656,59.72999954223633,57.66999816894531,57.91999816894531,55.47455596923828,59035,0.0,0.0
2019-05-09,59.189998626708984,59.41999816894531,58.20000076293945,58.56999969482422,56.09710693359375,63800,0.0,0.0
2019-05-10,58.810001373291016,59.22999954223633,57.0,58.279998779296875,55.81935119628906,17025,0.0,0.0
2019-05-13,58.65999984741211,58.95000076293945,56.95000076293945,57.08000183105469,54.670021057128906,9135,0.0,0.0
2019-05-14,57.0,58.20000076293945,56.79999923706055,57.83000183105469,55.38835144042969,23670,0.0,0.0
2019-05-15,57.08000183105469,58.540000915527344,57.08000183105469,57.56999969482422,55.13933181762695,2590,0.0,0.0
2019-05-16,57.61000061035156,57.75,56.900001525878906,57.189998626708984,54.77537536621094,8445,0.0,0.0
2019-05-17,57.11000061035156,58.38999938964844,57.11000061035156,58.20000076293945,55.742733001708984,14735,0.0,0.0
2019-05-20,58.61000061035156,60.310001373291016,58.599998474121094,59.97999954223633,57.447574615478516,7480,0.0,0.0
2019-05-21,59.5099983215332,59.900001525878906,58.33000183105469,58.59000015258789,56.11626052856445,5770,0.0,0.0
2019-05-22,58.209999084472656,59.380001068115234,56.84000015258789,59.290000915527344,56.78670883178711,18580,0.0,0.0
2019-05-23,59.790000915527344,59.790000915527344,58.2400016784668,58.63999938964844,56.164154052734375,15890,0.0,0.0
2019-05-24,58.65999984741211,60.150001525878906,58.630001068115234,59.97999954223633,57.447574615478516,26755,0.0,0.0
2019-05-27,61.4900016784668,65.95999908447266,60.20000076293945,61.630001068115234,59.027915954589844,58880,0.0,0.0
2019-05-28,61.560001373291016,62.45000076293945,60.470001220703125,60.939998626708984,58.36704635620117,59380,0.0,0.0
2019-05-29,59.279998779296875,61.97999954223633,58.06999969482422,58.31999969482422,55.857662200927734,56940,0.0,0.0
2019-05-30,58.2599983215332,59.68000030517578,58.25,58.93000030517578,56.44191360473633,4660,0.0,0.0
2019-05-31,58.61000061035156,58.79999923706055,57.79999923706055,57.93000030517578,55.484130859375,23825,0.0,0.0
2019-06-03,57.650001525878906,58.95000076293945,57.650001525878906,58.400001525878906,55.93429183959961,11045,0.0,0.0
2019-06-04,58.38999938964844,58.66999816894531,56.25,56.75,54.35395050048828,67285,0.0,0.0
2019-06-06,56.81999969482422,57.939998626708984,56.81999969482422,57.310001373291016,54.89030838012695,9560,0.0,0.0
2019-06-07,57.75,57.959999084472656,56.81999969482422,57.31999969482422,54.89988708496094,9725,0.0,0.0
2019-06-10,57.459999084472656,57.97999954223633,56.34000015258789,57.0099983215332,54.60297393798828,13425,0.0,0.0
2019-06-11,56.25,56.400001525878906,55.209999084472656,56.349998474121094,53.97084045410156,37640,0.0,0.0
2019-06-12,56.40999984741211,57.88999938964844,56.400001525878906,57.560001373291016,55.12975311279297,1535,0.0,0.0
2019-06-13,55.61000061035156,57.9900016784668,55.599998474121094,56.79999923706055,54.40184020996094,3635,0.0,0.0
2019-06-14,56.810001373291016,56.810001373291016,54.47999954223633,54.93000030517578,52.61079406738281,29965,0.0,0.0
2019-06-17,54.61000061035156,57.189998626708984,54.0,54.439998626708984,52.1414794921875,6615,0.0,0.0
2019-06-18,53.599998474121094,57.959999084472656,52.06999969482422,54.33000183105469,52.036128997802734,2775,0.0,0.0
2019-06-19,56.15999984741211,56.15999984741211,54.439998626708984,54.77000045776367,52.457550048828125,3425,0.0,0.0
2019-06-20,53.66999816894531,55.59000015258789,53.400001525878906,53.86000061035156,51.58597183227539,12050,0.0,0.0
2019-06-21,53.0,54.38999938964844,52.79999923706055,52.97999954223633,50.743125915527344,10795,0.0,0.0
2019-06-24,52.97999954223633,55.0,52.97999954223633,53.61000061035156,51.346527099609375,10500,0.0,0.0
2019-06-25,53.599998474121094,54.91999816894531,53.20000076293945,54.02000045776367,51.73921585083008,2570,0.0,0.0
2019-06-26,53.5,55.310001373291016,53.5,54.13999938964844,51.85414505004883,14910,0.0,0.0
2019-06-27,53.83000183105469,55.0099983215332,53.08000183105469,54.970001220703125,52.649105072021484,6750,0.0,0.0
2019-06-28,53.70000076293945,56.40999984741211,53.70000076293945,55.95000076293945,53.58772659301758,5330,0.0,0.0
2019-07-01,54.20000076293945,57.790000915527344,54.20000076293945,56.970001220703125,54.564666748046875,2495,0.0,0.0
2019-07-02,55.400001525878906,57.04999923706055,55.400001525878906,56.029998779296875,53.66434860229492,6715,0.0,0.0
2019-07-03,54.599998474121094,56.68000030517578,54.599998474121094,55.9900016784668,53.626041412353516,8000,0.0,0.0
2019-07-04,54.599998474121094,56.59000015258789,54.599998474121094,55.15999984741211,52.83108139038086,5480,0.0,0.0
2019-07-05,54.20000076293945,56.0,53.9900016784668,54.630001068115234,52.32345962524414,5465,0.0,0.0
2019-07-08,54.400001525878906,55.29999923706055,53.849998474121094,53.959999084472656,51.68174743652344,31195,0.0,0.0
2019-07-09,53.0,56.880001068115234,53.0,54.95000076293945,52.629947662353516,11710,0.0,0.0
2019-07-10,53.209999084472656,55.0099983215332,53.209999084472656,54.27000045776367,51.978660583496094,29015,0.0,0.0
2019-07-11,53.599998474121094,55.40999984741211,52.220001220703125,52.959999084472656,50.723968505859375,27910,0.0,0.0
2019-07-12,53.20000076293945,54.61000061035156,51.79999923706055,51.939998626708984,49.74703598022461,63895,0.0,0.0
2019-07-15,51.27000045776367,54.79999923706055,51.20000076293945,53.04999923706055,50.8101692199707,8980,0.0,0.0
2019-07-16,51.599998474121094,53.79999923706055,51.599998474121094,53.06999969482422,50.82932662963867,8170,0.0,0.0
2019-07-17,53.400001525878906,54.150001525878906,52.0099983215332,54.0,51.720054626464844,1735,0.0,0.0
2019-07-18,52.79999923706055,54.970001220703125,52.29999923706055,52.70000076293945,50.47494888305664,5810,0.0,0.0
2019-07-19,52.79999923706055,53.279998779296875,52.2400016784668,52.779998779296875,50.55156707763672,3410,0.0,0.0
2019-07-22,52.779998779296875,53.20000076293945,52.310001373291016,52.4900016784668,50.2738151550293,7480,0.0,0.0
2019-07-23,52.79999923706055,53.59000015258789,52.540000915527344,52.63999938964844,50.41748046875,5470,0.0,0.0
2019-07-24,54.0,54.0,51.20000076293945,53.2599983215332,51.01130294799805,5785,0.0,0.0
2019-07-25,52.20000076293945,53.77000045776367,52.0,53.5099983215332,51.25074768066406,2795,0.0,0.0
2019-07-26,51.79999923706055,52.400001525878906,50.470001220703125,52.16999816894531,49.967323303222656,8680,0.0,0.0
2019-07-29,51.400001525878906,52.61000061035156,50.0,50.09000015258789,47.97514343261719,29150,0.0,0.0
2019-07-30,49.0,51.79999923706055,49.0,49.95000076293945,47.84105682373047,11305,0.0,0.0
2019-07-31,48.79999923706055,50.70000076293945,48.79999923706055,49.2400016784668,47.161033630371094,9255,0.0,0.0
2019-08-01,47.599998474121094,49.97999954223633,46.59000015258789,47.439998626708984,45.43702697753906,46545,0.0,0.0
2019-08-02,46.79999923706055,48.0,44.0,45.29999923706055,43.387386322021484,28000,0.0,0.0
2019-08-05,44.20000076293945,46.0,40.20000076293945,40.5099983215332,38.79962158203125,112295,0.0,0.0
2019-08-06,40.79999923706055,42.0,39.79999923706055,40.689998626708984,38.972023010253906,487460,0.0,0.0
2019-08-07,42.15999984741211,43.0,41.189998626708984,42.970001220703125,41.15576171875,13615,0.0,0.0
2019-08-08,42.20000076293945,49.20000076293945,42.02000045776367,46.709999084472656,44.73784637451172,10030,0.0,0.0
2019-08-09,47.79999923706055,55.79999923706055,45.470001220703125,53.790000915527344,51.51892852783203,68455,0.0,0.0
2019-08-13,53.790000915527344,55.959999084472656,51.20000076293945,52.22999954223633,50.02478790283203,24165,0.0,0.0
2019-08-14,51.939998626708984,59.0,51.0099983215332,57.119998931884766,54.70832824707031,40170,0.0,0.0
2019-08-16,55.400001525878906,56.599998474121094,52.709999084472656,55.13999938964844,52.811927795410156,9165,0.0,0.0
2019-08-19,54.0,56.38999938964844,53.06999969482422,56.0,53.6356201171875,1000,0.0,0.0
2019-08-20,54.0,55.0,53.20000076293945,53.880001068115234,51.60512924194336,2645,0.0,0.0
2019-08-21,52.61000061035156,53.0099983215332,52.400001525878906,52.61000061035156,50.38874816894531,5900,0.0,0.0
2019-08-22,56.18000030517578,56.18000030517578,52.0,52.31999969482422,50.11098861694336,5730,0.0,0.0
2019-08-23,52.599998474121094,54.0,51.310001373291016,52.279998779296875,50.07267761230469,6615,0.0,0.0
2019-08-26,52.400001525878906,55.08000183105469,52.400001525878906,52.65999984741211,50.43663787841797,19805,0.0,0.0
2019-08-27,52.02000045776367,52.790000915527344,51.41999816894531,51.61000061035156,49.43096923828125,7145,0.0,0.0
2019-08-28,51.599998474121094,51.599998474121094,49.20000076293945,50.119998931884766,48.003875732421875,19200,0.0,0.0
2019-08-29,50.400001525878906,51.0,49.0,49.310001373291016,47.22807693481445,10280,0.0,0.0
2019-08-30,50.9900016784668,51.0,50.0,50.279998779296875,48.15712356567383,7895,0.0,0.0
2019-09-03,49.22999954223633,51.790000915527344,45.2599983215332,50.27000045776367,48.147544860839844,7400,0.0,0.0
2019-09-04,48.0,51.0099983215332,48.0,50.45000076293945,48.3199462890625,1110,0.0,0.0
2019-09-05,49.0099983215332,52.540000915527344,48.70000076293945,48.779998779296875,46.720455169677734,20000,0.0,0.0
2019-09-06,48.90999984741211,51.0,45.119998931884766,48.209999084472656,46.17451858520508,23645,0.0,0.0
2019-09-09,50.70000076293945,50.70000076293945,48.220001220703125,49.0,46.9311637878418,4285,0.0,0.0
2019-09-11,48.97999954223633,52.7400016784668,48.97999954223633,51.22999954223633,49.067012786865234,10745,0.0,0.0
2019-09-12,52.20000076293945,54.209999084472656,50.400001525878906,52.95000076293945,50.714393615722656,9595,0.0,0.0
2019-09-13,54.0,54.0,52.400001525878906,53.400001525878906,51.14539337158203,6710,0.0,0.0
2019-09-16,54.0,55.38999938964844,52.400001525878906,53.9900016784668,51.71048355102539,4960,0.0,0.0
2019-09-17,52.599998474121094,53.97999954223633,52.599998474121094,53.119998931884766,50.87721633911133,1235,0.0,0.0
2019-09-18,52.400001525878906,54.599998474121094,52.400001525878906,53.9900016784668,51.71048355102539,10765,0.0,0.0
2019-09-19,54.0,54.0,50.119998931884766,52.779998779296875,50.55156707763672,5260,0.0,0.0
2019-09-20,52.779998779296875,54.79999923706055,50.9900016784668,53.79999923706055,51.52850341796875,12000,0.0,0.0
2019-09-23,54.0,54.77000045776367,53.08000183105469,53.86000061035156,51.58597183227539,12045,0.0,0.0
2019-09-24,56.75,56.75,53.04999923706055,53.529998779296875,51.269901275634766,9895,0.0,0.0
2019-09-25,53.02000045776367,54.20000076293945,50.310001373291016,52.470001220703125,50.25465774536133,14700,0.0,0.0
2019-09-26,51.0,54.400001525878906,51.0,53.880001068115234,51.60512924194336,9770,0.0,0.0
2019-09-27,53.900001525878906,55.5,52.0,52.47999954223633,50.26423263549805,5270,0.0,0.0
2019-09-30,52.79999923706055,56.779998779296875,50.310001373291016,51.119998931884766,48.96165466308594,35560,0.0,0.0
2019-10-01,52.380001068115234,52.380001068115234,50.43000030517578,51.93000030517578,49.737457275390625,3555,0.0,0.0
2019-10-03,50.119998931884766,51.79999923706055,48.439998626708984,50.33000183105469,48.205013275146484,5905,0.0,0.0
2019-10-04,51.9900016784668,51.9900016784668,49.220001220703125,50.41999816894531,48.29121398925781,13745,0.0,0.0
2019-10-07,51.599998474121094,51.599998474121094,50.0,50.29999923706055,48.17627716064453,7955,0.0,0.0
2019-10-09,50.79999923706055,51.599998474121094,45.20000076293945,46.880001068115234,44.900672912597656,23320,0.0,0.0
2019-10-10,46.45000076293945,48.16999816894531,43.040000915527344,43.689998626708984,41.84535598754883,76540,0.0,0.0
2019-10-11,43.97999954223633,45.790000915527344,43.84000015258789,44.54999923706055,42.669044494628906,35125,0.0,0.0
2019-10-14,45.06999969482422,47.54999923706055,44.79999923706055,46.09000015258789,44.14402770996094,5480,0.0,0.0
2019-10-15,48.0,48.0,46.33000183105469,47.470001220703125,45.465763092041016,5515,0.0,0.0
2019-10-16,47.599998474121094,50.38999938964844,44.84000015258789,49.400001525878906,47.31427764892578,7770,0.0,0.0
2019-10-17,49.400001525878906,50.61000061035156,49.400001525878906,49.720001220703125,47.62076950073242,9440,0.0,0.0
2019-10-18,50.20000076293945,50.20000076293945,48.529998779296875,48.84000015258789,46.77791976928711,2785,0.0,0.0
2019-10-22,48.689998626708984,49.939998626708984,48.689998626708984,48.70000076293945,46.64383316040039,9025,0.0,0.0
2019-10-23,48.70000076293945,50.0,48.599998474121094,48.75,46.69172286987305,3745,0.0,0.0
2019-10-24,52.0,52.0099983215332,48.599998474121094,48.599998474121094,46.54804992675781,3195,0.0,0.0
2019-10-25,48.599998474121094,49.97999954223633,48.599998474121094,48.95000076293945,46.883277893066406,3520,0.0,0.0
2019-10-27,49.0099983215332,49.9900016784668,48.79999923706055,49.97999954223633,47.869789123535156,2390,0.0,0.0
2019-10-29,49.79999923706055,49.88999938964844,48.529998779296875,49.540000915527344,47.448368072509766,10000,0.0,0.0
2019-10-30,49.779998779296875,50.0099983215332,49.0099983215332,49.84000015258789,47.73569869995117,19065,0.0,0.0
2019-10-31,50.0,51.0,50.0,50.970001220703125,48.8179931640625,21710,0.0,0.0
2019-11-01,50.79999923706055,52.0,50.0,50.33000183105469,48.205013275146484,12095,0.0,0.0
2019-11-04,50.41999816894531,50.97999954223633,50.16999816894531,50.22999954223633,48.10923385620117,12725,0.0,0.0
2019-11-05,50.790000915527344,50.93000030517578,50.20000076293945,50.38999938964844,48.26247787475586,8830,0.0,0.0
2019-11-06,51.54999923706055,51.54999923706055,50.18000030517578,50.34000015258789,48.2145881652832,6255,0.0,0.0
2019-11-07,49.630001068115234,50.939998626708984,49.630001068115234,50.040000915527344,47.92725372314453,8290,0.0,0.0
2019-11-08,49.79999923706055,50.779998779296875,49.0099983215332,49.79999923706055,47.697383880615234,5995,0.0,0.0
2019-11-11,49.79999923706055,51.0,49.79999923706055,50.7400016784668,48.59770202636719,8810,0.0,0.0
2019-11-13,50.0,51.61000061035156,49.0,49.779998779296875,47.67823028564453,11205,0.0,0.0
2019-11-14,49.40999984741211,50.810001373291016,49.08000183105469,49.4900016784668,47.40047836303711,2505,0.0,0.0
2019-11-15,50.0,51.58000183105469,47.599998474121094,48.220001220703125,46.18410110473633,8435,0.0,0.0
2019-11-18,48.41999816894531,49.09000015258789,47.20000076293945,48.41999816894531,46.375648498535156,2855,0.0,0.0
2019-11-19,48.41999816894531,48.75,47.20000076293945,47.349998474121094,45.350830078125,3220,0.0,0.0
2019-11-20,47.9900016784668,48.970001220703125,47.0,47.849998474121094,45.829715728759766,10485,0.0,0.0
2019-11-21,47.2599983215332,47.79999923706055,47.209999084472656,47.279998779296875,45.28378677368164,5340,0.0,0.0
2019-11-22,47.20000076293945,47.970001220703125,47.0,47.02000045776367,45.03476333618164,8215,0.0,0.0
2019-11-25,47.0,47.70000076293945,47.0,47.029998779296875,45.044342041015625,2145,0.0,0.0
2019-11-26,47.0099983215332,47.79999923706055,47.0099983215332,47.040000915527344,45.05392074584961,1400,0.0,0.0
2019-11-27,48.59000015258789,48.59000015258789,44.400001525878906,44.5099983215332,42.6307373046875,31440,0.0,0.0
2019-11-28,47.0,47.0,44.20000076293945,44.97999954223633,43.08089065551758,9345,0.0,0.0
2019-11-29,44.790000915527344,45.0,42.619998931884766,44.9900016784668,43.09047317504883,30610,0.0,0.0
2019-12-02,43.119998931884766,46.0,43.119998931884766,45.31999969482422,43.40653991699219,29885,0.0,0.0
2019-12-03,45.31999969482422,45.86000061035156,44.22999954223633,44.5099983215332,42.6307373046875,4775,0.0,0.0
2019-12-04,44.61000061035156,45.33000183105469,44.61000061035156,44.779998779296875,42.88933563232422,253650,0.0,0.0
2019-12-05,44.619998931884766,52.20000076293945,43.880001068115234,50.43000030517578,48.30078887939453,80460,0.0,0.0
2019-12-06,47.439998626708984,54.0099983215332,47.439998626708984,53.779998779296875,51.50934600830078,77850,0.0,0.0
2019-12-09,53.599998474121094,56.209999084472656,53.15999984741211,55.9900016784668,53.626041412353516,67755,0.0,0.0
2019-12-10,57.0,58.5,55.0,57.90999984741211,55.4649772644043,67175,0.0,0.0
2019-12-11,55.02000045776367,58.400001525878906,53.869998931884766,57.90999984741211,55.4649772644043,58795,0.0,0.0
2019-12-12,58.0,60.79999923706055,54.099998474121094,60.209999084472656,57.66786575317383,98715,0.0,0.0
2019-12-13,60.0,62.0,58.0,61.029998779296875,58.453243255615234,87590,0.0,0.0
2019-12-16,60.900001525878906,64.80000305175781,58.40999984741211,64.25,61.53729248046875,123170,0.0,0.0
2019-12-17,62.20000076293945,65.0,62.20000076293945,64.70999908447266,61.977874755859375,91595,0.0,0.0
2019-12-18,63.400001525878906,64.80000305175781,58.880001068115234,64.01000213623047,61.307430267333984,36435,0.0,0.0
2019-12-19,66.0199966430664,66.0199966430664,62.220001220703125,64.68000030517578,61.949134826660156,40045,0.0,0.0
2019-12-20,62.40999984741211,65.0,62.40999984741211,64.94000244140625,62.19816207885742,85065,0.0,0.0
2019-12-23,64.9800033569336,65.0,63.02000045776367,64.73999786376953,62.0066032409668,67935,0.0,0.0
2019-12-24,65.0,69.77999877929688,64.44999694824219,65.11000061035156,62.360984802246094,100930,0.0,0.0
2019-12-26,66.0,68.0,63.54999923706055,66.01000213623047,63.222984313964844,121225,0.0,0.0
2019-12-27,66.79000091552734,67.86000061035156,65.01000213623047,66.3499984741211,63.54862594604492,119915,0.0,0.0
2019-12-30,66.0,69.4000015258789,65.44999694824219,67.75,64.8895263671875,256350,0.0,0.0
2019-12-31,67.19999694824219,70.9000015258789,66.26000213623047,70.16999816894531,67.20734405517578,276390,0.0,0.0
2020-01-01,68.0,69.80000305175781,67.5999984741211,68.26000213623047,65.37799072265625,26660,0.0,0.0
2020-01-02,69.94999694824219,69.95999908447266,67.61000061035156,69.27999877929688,66.35492706298828,19835,0.0,0.0
2020-01-03,69.5999984741211,70.0,67.51000213623047,68.69000244140625,65.78982543945312,14980,0.0,0.0
2020-01-06,69.79000091552734,69.79000091552734,62.5,68.4000015258789,65.51207733154297,14370,0.0,0.0
2020-01-07,70.4000015258789,70.4000015258789,66.80999755859375,69.69000244140625,66.74761199951172,13605,0.0,0.0
2020-01-08,67.4000015258789,69.80000305175781,65.19999694824219,69.48999786376953,66.5560531616211,14675,0.0,0.0
2020-01-09,69.4000015258789,69.80000305175781,69.0,69.7699966430664,66.82423400878906,11935,0.0,0.0
2020-01-10,69.98999786376953,70.0,68.19999694824219,69.86000061035156,66.91043090820312,6590,0.0,0.0
2020-01-13,69.69999694824219,69.98999786376953,68.0199966430664,68.6500015258789,65.75151824951172,11485,0.0,0.0
2020-01-14,68.62000274658203,76.4000015258789,67.80000305175781,75.44000244140625,72.25483703613281,133980,0.0,0.0
2020-01-15,76.94000244140625,79.0,73.5999984741211,77.98999786376953,74.69717407226562,118310,0.0,0.0
2020-01-16,79.5999984741211,79.5999984741211,76.0,78.01000213623047,74.7163314819336,32060,0.0,0.0
2020-01-17,78.58999633789062,79.0,77.0,78.05000305175781,74.75465393066406,65915,0.0,0.0
2020-01-20,78.0,79.0,76.3499984741211,78.06999969482422,74.77379608154297,10995,0.0,0.0
2020-01-21,78.79000091552734,78.79000091552734,75.05000305175781,77.36000061035156,74.09376525878906,39915,0.0,0.0
2020-01-22,78.5999984741211,78.73999786376953,76.5,77.62999725341797,74.35237884521484,11110,0.0,0.0
2020-01-23,76.61000061035156,78.0,76.0199966430664,77.25,73.98841857910156,18585,0.0,0.0
2020-01-24,76.56999969482422,77.19000244140625,76.0199966430664,76.41999816894531,73.1934585571289,4950,0.0,0.0
2020-01-27,74.22000122070312,78.80000305175781,74.22000122070312,77.54000091552734,74.26618194580078,33360,0.0,0.0
2020-01-28,76.27999877929688,77.5999984741211,76.27999877929688,77.27999877929688,74.01715087890625,12185,0.0,0.0
2020-01-29,76.05000305175781,81.5999984741211,76.0,80.22000122070312,76.83301544189453,73000,0.0,0.0
2020-01-30,81.0,81.0,77.4000015258789,80.18000030517578,76.79470825195312,72070,0.0,0.0
2020-01-31,80.38999938964844,81.4000015258789,77.05999755859375,81.3499984741211,77.91531372070312,123490,0.0,0.0
2020-02-03,81.38999938964844,81.38999938964844,76.0,79.26000213623047,75.9135513305664,10505,0.0,0.0
2020-02-04,78.0,80.0,77.0,79.77999877929688,76.4115982055664,18685,0.0,0.0
2020-02-05,79.94999694824219,79.9800033569336,76.5999984741211,79.16999816894531,75.82734680175781,26265,0.0,0.0
2020-02-06,78.11000061035156,79.0,77.33999633789062,78.77999877929688,75.45381927490234,22815,0.0,0.0
2020-02-07,78.2300033569336,79.0,78.19000244140625,78.80999755859375,75.48255157470703,9655,0.0,0.0
2020-02-10,78.51000213623047,78.5999984741211,76.80999755859375,77.88999938964844,74.60139465332031,11265,0.0,0.0
2020-02-11,77.26000213623047,78.19000244140625,76.45999908447266,76.97000122070312,73.7202377319336,15255,0.0,0.0
2020-02-12,78.98999786376953,78.98999786376953,72.05000305175781,76.7699966430664,73.52867889404297,31095,0.0,0.0
2020-02-13,78.4000015258789,81.19999694824219,74.5,79.36000061035156,76.00933074951172,36385,0.0,0.0
2020-02-14,79.5999984741211,79.5999984741211,77.02999877929688,78.83000183105469,75.501708984375,19500,0.0,0.0
2020-02-17,78.41000366210938,78.73999786376953,76.04000091552734,78.2300033569336,74.92704772949219,13145,0.0,0.0
2020-02-18,78.7699966430664,79.98999786376953,62.59000015258789,74.98999786376953,71.82383728027344,310615,0.0,0.0
2020-02-19,71.0,80.0,71.0,79.54000091552734,76.18173217773438,54880,0.0,0.0
2020-02-20,80.19000244140625,80.19999694824219,77.80000305175781,79.8499984741211,76.47864532470703,37440,0.0,0.0
2020-02-24,77.02999877929688,79.30000305175781,77.02999877929688,79.02999877929688,75.6932601928711,11695,0.0,0.0
2020-02-25,78.94000244140625,78.94000244140625,76.5999984741211,77.9000015258789,74.61097717285156,8180,0.0,0.0
2020-02-26,79.43000030517578,79.4800033569336,74.19999694824219,76.94999694824219,73.7010726928711,5980,0.0,0.0
2020-02-27,74.23999786376953,77.0,74.23999786376953,76.98999786376953,73.73939514160156,8905,0.0,0.0
2020-02-28,77.01000213623047,77.01000213623047,72.5,75.56999969482422,72.37934875488281,14260,0.0,0.0
2020-03-02,75.4000015258789,77.0,72.19000244140625,74.41000366210938,71.26832580566406,23670,0.0,0.0
2020-03-03,73.98999786376953,77.0,72.01000213623047,76.54000091552734,73.30839538574219,33990,0.0,0.0
2020-03-04,74.23999786376953,79.19999694824219,73.0199966430664,77.33999633789062,74.07461547851562,474445,0.0,0.0
2020-03-05,79.55000305175781,79.55000305175781,73.5999984741211,74.1500015258789,71.0193099975586,11125,0.0,0.0
2020-03-06,76.19999694824219,77.69999694824219,72.0,76.91999816894531,73.67234802246094,42470,0.0,0.0
2020-03-09,76.80000305175781,76.80000305175781,68.22000122070312,70.0,67.04451751708984,15100,0.0,0.0
2020-03-11,69.41000366210938,71.41000366210938,63.70000076293945,70.0,67.04451751708984,17555,0.0,0.0
2020-03-12,69.98999786376953,70.01000213623047,59.0,60.25,57.706180572509766,132375,0.0,0.0
2020-03-13,56.029998779296875,72.0,48.20000076293945,67.22000122070312,64.38188934326172,30670,0.0,0.0
2020-03-16,67.4000015258789,68.83000183105469,57.11000061035156,59.81999969482422,57.29433059692383,109970,0.0,0.0
2020-03-17,59.68000030517578,60.9900016784668,50.0,57.88999938964844,55.44581604003906,73380,0.0,0.0
2020-03-18,55.58000183105469,58.38999938964844,54.0,54.7400016784668,52.42881393432617,10065,0.0,0.0
2020-03-19,54.7599983215332,54.790000915527344,45.33000183105469,51.310001373291016,49.14363479614258,48185,0.0,0.0
2020-03-20,56.689998626708984,56.79999923706055,49.27000045776367,50.400001525878906,48.272056579589844,50390,0.0,0.0
2020-03-23,48.0,48.0,40.31999969482422,40.31999969482422,38.61764144897461,59235,0.0,0.0
2020-03-24,40.33000183105469,42.9900016784668,37.20000076293945,40.97999954223633,39.249778747558594,8510,0.0,0.0
2020-03-25,41.0099983215332,44.599998474121094,37.9900016784668,43.119998931884766,41.2994270324707,16770,0.0,0.0
2020-03-26,43.119998931884766,47.0,40.599998474121094,46.9900016784668,45.00603103637695,11460,0.0,0.0
2020-03-27,46.9900016784668,49.529998779296875,43.380001068115234,43.38999938964844,41.55802536010742,11790,0.0,0.0
2020-03-30,45.349998474121094,45.36000061035156,39.20000076293945,39.900001525878906,38.21537780761719,23780,0.0,0.0
2020-03-31,41.0,43.189998626708984,37.209999084472656,40.790000915527344,39.06780242919922,15600,0.0,0.0
2020-04-01,41.0,43.0,38.599998474121094,42.369998931884766,40.581092834472656,5530,0.0,0.0
2020-04-03,40.0,42.79999923706055,38.81999969482422,39.83000183105469,38.14833450317383,9970,0.0,0.0
2020-04-07,42.790000915527344,42.790000915527344,40.02000045776367,41.04999923706055,39.31682205200195,10760,0.0,0.0
2020-04-08,42.18000030517578,42.18000030517578,40.209999084472656,41.869998931884766,40.10219955444336,6605,0.0,0.0
2020-04-09,42.0,43.79999923706055,41.029998779296875,43.58000183105469,41.7400016784668,6695,0.0,0.0
2020-04-13,42.79999923706055,43.400001525878906,41.59000015258789,43.310001373291016,41.48140335083008,2745,0.0,0.0
2020-04-15,42.790000915527344,47.41999816894531,40.40999984741211,44.33000183105469,42.458343505859375,9185,0.0,0.0
2020-04-16,42.0,45.9900016784668,41.5,44.38999938964844,42.515804290771484,2985,0.0,0.0
2020-04-17,45.220001220703125,46.400001525878906,43.61000061035156,44.22999954223633,42.3625602722168,5070,0.0,0.0
2020-04-20,46.9900016784668,47.0,44.209999084472656,45.209999084472656,43.30118179321289,7140,0.0,0.0
2020-04-21,44.900001525878906,44.90999984741211,39.400001525878906,40.689998626708984,38.972023010253906,35060,0.0,0.0
2020-04-22,41.79999923706055,42.38999938964844,40.79999923706055,41.15999984741211,39.42218017578125,3505,0.0,0.0
2020-04-23,41.9900016784668,43.599998474121094,41.209999084472656,42.7400016784668,40.93547058105469,4650,0.0,0.0
2020-04-24,42.689998626708984,44.0,41.790000915527344,42.369998931884766,40.581092834472656,5655,0.0,0.0
2020-04-27,41.599998474121094,44.20000076293945,41.400001525878906,43.27000045776367,41.443092346191406,54515,0.0,0.0
2020-04-28,44.0,44.0,42.2400016784668,43.15999984741211,41.337738037109375,3325,0.0,0.0
2020-04-29,44.20000076293945,44.400001525878906,43.0,43.20000076293945,41.37604904174805,3910,0.0,0.0
2020-04-30,43.88999938964844,43.900001525878906,41.59000015258789,42.849998474121094,41.04082107543945,19290,0.0,0.0
2020-05-04,42.0,42.790000915527344,40.2400016784668,40.880001068115234,39.15399932861328,11210,0.0,0.0
2020-05-05,42.75,42.75,41.02000045776367,41.540000915527344,39.7861328125,3680,0.0,0.0
2020-05-06,41.20000076293945,42.189998626708984,38.400001525878906,39.43000030517578,37.765220642089844,19940,0.0,0.0
2020-05-07,39.95000076293945,42.11000061035156,37.9900016784668,40.939998626708984,39.21146774291992,13055,0.0,0.0
2020-05-08,41.93000030517578,41.93000030517578,40.0,40.75,39.02949142456055,1300,0.0,0.0
2020-05-11,39.11000061035156,41.900001525878906,39.11000061035156,39.709999084472656,38.03340148925781,10700,0.0,0.0
2020-05-12,41.36000061035156,41.36000061035156,38.599998474121094,39.470001220703125,37.80353546142578,4210,0.0,0.0
2020-05-13,40.9900016784668,41.0,40.099998474121094,40.40999984741211,38.70384216308594,5095,0.0,0.0
2020-05-14,40.099998474121094,40.970001220703125,38.470001220703125,39.560001373291016,37.889732360839844,4055,0.0,0.0
2020-05-15,40.279998779296875,40.290000915527344,39.119998931884766,40.060001373291016,38.36862564086914,4370,0.0,0.0
2020-05-18,39.2400016784668,40.369998931884766,39.0,39.709999084472656,38.03340148925781,2615,0.0,0.0
2020-05-19,39.22999954223633,40.349998474121094,38.400001525878906,38.720001220703125,37.08519744873047,12565,0.0,0.0
2020-05-20,39.88999938964844,39.900001525878906,38.72999954223633,38.84000015258789,37.20013427734375,1240,0.0,0.0
2020-05-21,38.79999923706055,39.209999084472656,38.400001525878906,38.720001220703125,37.08519744873047,4030,0.0,0.0
2020-05-22,38.209999084472656,40.16999816894531,36.810001373291016,39.45000076293945,37.78437423706055,3270,0.0,0.0
2020-05-26,39.0,40.02000045776367,39.0,39.65999984741211,37.98550796508789,4405,0.0,0.0
2020-05-27,38.939998626708984,40.040000915527344,38.939998626708984,39.959999084472656,38.27284622192383,1135,0.0,0.0
2020-05-28,40.0,41.20000076293945,39.02000045776367,40.95000076293945,39.221046447753906,2360,0.0,0.0
2020-05-29,40.599998474121094,40.900001525878906,39.400001525878906,40.83000183105469,39.10611343383789,2590,0.0,0.0
2020-06-01,42.9900016784668,43.0,40.290000915527344,40.630001068115234,38.914554595947266,6205,0.0,0.0
2020-06-02,40.11000061035156,41.369998931884766,38.90999984741211,41.15999984741211,39.42218017578125,7275,0.0,0.0
2020-06-03,40.0099983215332,42.0,40.0,41.599998474121094,39.843597412109375,8880,0.0,0.0
2020-06-04,41.959999084472656,43.0,41.02000045776367,42.959999084472656,41.14617919921875,6935,0.0,0.0
2020-06-05,43.9900016784668,46.0,42.41999816894531,45.790000915527344,43.85669708251953,21500,0.0,0.0
2020-06-08,45.709999084472656,50.0,45.709999084472656,47.58000183105469,45.57112121582031,20445,0.0,0.0
2020-06-09,48.599998474121094,49.0,47.70000076293945,48.47999954223633,46.43312072753906,21505,0.0,0.0
2020-06-10,47.0,48.20000076293945,45.20000076293945,46.81999969482422,44.84320831298828,15705,0.0,0.0
2020-06-11,46.810001373291016,47.790000915527344,45.189998626708984,45.400001525878906,43.48316192626953,6265,0.0,0.0
2020-06-12,44.209999084472656,47.9900016784668,41.400001525878906,45.0,43.10005187988281,7085,0.0,0.0
2020-06-15,46.38999938964844,47.70000076293945,45.689998626708984,46.86000061035156,44.88151931762695,53030,0.0,0.0
2020-06-16,45.79999923706055,46.599998474121094,43.68000030517578,46.59000015258789,44.622920989990234,8825,0.0,0.0
2020-06-17,46.59000015258789,46.59000015258789,45.599998474121094,45.849998474121094,43.914161682128906,2960,0.0,0.0
2020-06-18,47.189998626708984,47.20000076293945,43.81999969482422,46.33000183105469,44.373897552490234,1995,0.0,0.0
2020-06-19,47.38999938964844,48.0,45.599998474121094,46.5099983215332,44.546295166015625,11345,0.0,0.0
2020-06-22,48.790000915527344,48.790000915527344,45.63999938964844,47.04999923706055,45.063499450683594,7330,0.0,0.0
2020-06-23,47.060001373291016,48.189998626708984,45.34000015258789,46.25,44.297271728515625,5110,0.0,0.0
2020-06-24,45.52000045776367,47.61000061035156,45.5099983215332,45.529998779296875,43.60767364501953,2525,0.0,0.0
2020-06-25,44.40999984741211,47.290000915527344,44.0099983215332,45.040000915527344,43.13835906982422,6290,0.0,0.0
2020-06-26,45.209999084472656,46.619998931884766,42.619998931884766,44.029998779296875,42.17100143432617,29870,0.0,0.0
2020-06-29,44.40999984741211,47.79999923706055,41.9900016784668,43.189998626708984,41.36647033691406,45805,0.0,0.0
2020-06-30,43.189998626708984,46.79999923706055,43.189998626708984,44.689998626708984,42.80313491821289,13940,0.0,0.0
2020-07-01,45.9900016784668,45.9900016784668,41.810001373291016,44.7599983215332,42.87017822265625,5025,0.0,0.0
2020-07-02,44.59000015258789,45.79999923706055,43.20000076293945,44.189998626708984,42.324249267578125,9275,0.0,0.0
2020-07-03,44.79999923706055,46.0,43.33000183105469,44.81999969482422,42.927650451660156,2860,0.0,0.0
2020-07-06,44.209999084472656,45.0,43.790000915527344,44.119998931884766,42.257205963134766,8830,0.0,0.0
2020-07-07,43.810001373291016,44.9900016784668,43.0,44.540000915527344,42.65946960449219,5415,0.0,0.0
2020-07-08,44.540000915527344,46.5,44.0099983215332,44.119998931884766,42.257205963134766,9510,0.0,0.0
2020-07-09,46.0,46.0,44.0,44.0099983215332,42.1518440246582,6220,0.0,0.0
2020-07-10,44.0099983215332,44.5,43.29999923706055,43.630001068115234,41.78789520263672,7540,0.0,0.0
2020-07-13,44.38999938964844,44.9900016784668,43.63999938964844,44.70000076293945,42.81271743774414,3450,0.0,0.0
2020-07-14,44.0,44.619998931884766,42.209999084472656,42.459999084472656,40.667293548583984,7345,0.0,0.0
2020-07-15,42.599998474121094,43.9900016784668,42.5,43.68000030517578,41.835784912109375,2500,0.0,0.0
2020-07-16,43.68000030517578,43.959999084472656,42.06999969482422,43.369998931884766,41.53886795043945,5080,0.0,0.0
2020-07-17,43.95000076293945,43.95000076293945,42.58000183105469,42.70000076293945,40.897159576416016,5095,0.0,0.0
2020-07-20,42.709999084472656,43.970001220703125,42.599998474121094,43.220001220703125,41.395206451416016,3200,0.0,0.0
2020-07-21,42.13999938964844,43.9900016784668,42.130001068115234,43.41999816894531,41.58675765991211,3070,0.0,0.0
2020-07-22,44.0,44.0,42.790000915527344,42.9900016784668,41.1749153137207,14130,0.0,0.0
2020-07-23,43.939998626708984,43.939998626708984,43.029998779296875,43.58000183105469,41.7400016784668,10735,0.0,0.0
2020-07-24,43.56999969482422,43.97999954223633,42.709999084472656,43.369998931884766,41.53886795043945,2925,0.0,0.0
2020-07-27,43.88999938964844,43.88999938964844,42.0099983215332,42.27000045776367,40.485313415527344,3710,0.0,0.0
2020-07-28,43.88999938964844,43.88999938964844,42.02000045776367,42.650001525878906,40.84926986694336,8090,0.0,0.0
2020-07-29,43.560001373291016,51.18000030517578,43.560001373291016,51.18000030517578,49.019126892089844,124830,0.0,0.0
2020-07-30,57.400001525878906,60.779998779296875,56.20000076293945,58.25,55.790618896484375,552500,0.0,0.0
2020-07-31,57.0,57.0,52.0,52.790000915527344,50.5611457824707,177435,0.0,0.0
2020-08-03,52.58000183105469,52.790000915527344,49.43000030517578,50.33000183105469,48.205013275146484,42865,0.0,0.0
2020-08-04,50.0,59.599998474121094,49.209999084472656,55.150001525878906,52.82150650024414,221515,0.0,0.0
2020-08-05,56.5,58.0,52.939998626708984,55.630001068115234,53.28124237060547,65365,0.0,0.0
2020-08-06,54.79999923706055,56.790000915527344,54.13999938964844,54.52000045776367,52.21810531616211,48480,0.0,0.0
2020-08-07,54.529998779296875,55.88999938964844,53.27000045776367,53.79999923706055,51.52850341796875,13715,0.0,0.0
2020-08-10,55.29999923706055,55.400001525878906,53.13999938964844,53.34000015258789,51.08792495727539,26680,0.0,0.0
2020-08-11,53.34000015258789,54.38999938964844,52.400001525878906,52.810001373291016,50.58030319213867,23040,0.0,0.0
2020-08-12,52.810001373291016,57.7599983215332,52.400001525878906,55.5,53.1567268371582,74155,0.0,0.0
2020-08-13,55.9900016784668,56.0,54.0,54.290000915527344,51.99781799316406,16545,0.0,0.0
2020-08-14,55.0,55.70000076293945,52.619998931884766,53.33000183105469,51.07835006713867,19325,0.0,0.0
2020-08-17,52.0,53.209999084472656,51.599998474121094,52.0,49.804500579833984,12965,0.0,0.0
2020-08-18,52.310001373291016,54.4900016784668,51.83000183105469,52.38999938964844,50.178035736083984,24905,0.0,0.0
2020-08-19,53.93000030517578,54.400001525878906,52.0,52.56999969482422,50.35043716430664,35070,0.0,0.0
2020-08-20,52.56999969482422,52.959999084472656,50.5,51.529998779296875,49.35434341430664,22025,0.0,0.0
2020-08-21,51.529998779296875,57.0,51.0,54.27000045776367,51.978660583496094,114320,0.0,0.0
2020-08-24,55.599998474121094,56.0,52.869998931884766,54.220001220703125,51.93077087402344,26835,0.0,0.0
2020-08-25,55.400001525878906,55.400001525878906,53.11000061035156,54.130001068115234,51.844573974609375,17380,0.0,0.0
2020-08-26,53.810001373291016,54.79999923706055,53.06999969482422,54.189998626708984,51.902034759521484,31345,0.0,0.0
2020-08-27,53.900001525878906,56.599998474121094,53.310001373291016,55.83000183105469,53.47279739379883,85085,0.0,0.0
2020-08-28,55.83000183105469,56.970001220703125,54.20000076293945,54.58000183105469,52.27557373046875,23685,0.0,0.0
2020-08-31,55.9900016784668,55.9900016784668,50.5099983215332,51.209999084472656,49.047855377197266,32240,0.0,0.0
2020-09-01,51.220001220703125,52.15999984741211,50.0,50.40999984741211,48.28163528442383,11390,0.0,0.0
2020-09-02,50.43000030517578,52.400001525878906,50.41999816894531,51.16999816894531,49.009544372558594,8625,0.0,0.0
2020-09-03,50.54999923706055,54.790000915527344,50.540000915527344,53.0,50.76227951049805,41560,0.0,0.0
2020-09-04,52.0099983215332,53.970001220703125,50.59000015258789,53.0099983215332,50.771854400634766,8065,0.0,0.0
2020-09-07,53.0,54.599998474121094,52.599998474121094,54.119998931884766,51.834991455078125,37850,0.0,0.0
2020-09-08,54.11000061035156,54.79999923706055,53.0,53.349998474121094,51.097503662109375,50115,0.0,0.0
2020-09-09,54.90999984741211,54.90999984741211,51.599998474121094,52.04999923706055,49.85239028930664,23455,0.0,0.0
2020-09-10,52.20000076293945,54.79999923706055,52.20000076293945,53.130001068115234,50.88679122924805,22600,0.0,0.0
2020-09-11,54.380001068115234,54.38999938964844,52.0099983215332,52.16999816894531,49.967323303222656,12230,0.0,0.0
2020-09-14,53.38999938964844,54.0,52.0,52.36000061035156,50.14930725097656,21225,0.0,0.0
2020-09-15,53.599998474121094,53.599998474121094,52.0,52.25,50.0439453125,18755,0.0,0.0
2020-09-16,52.150001525878906,53.20000076293945,52.150001525878906,52.619998931884766,50.39832305908203,21540,0.0,0.0
2020-09-17,52.04999923706055,53.31999969482422,52.040000915527344,52.349998474121094,50.13972473144531,8865,0.0,0.0
2020-09-18,53.59000015258789,53.59000015258789,52.099998474121094,52.310001373291016,50.10141372680664,11875,0.0,0.0
2020-09-21,53.18000030517578,53.18000030517578,50.41999816894531,50.939998626708984,48.78925704956055,22880,0.0,0.0
2020-09-22,50.470001220703125,50.5,48.0,48.650001525878906,46.59593963623047,23925,0.0,0.0
2020-09-23,49.22999954223633,52.790000915527344,48.75,49.54999923706055,47.457942962646484,18535,0.0,0.0
2020-09-24,49.0,50.400001525878906,45.45000076293945,47.38999938964844,45.38914108276367,64730,0.0,0.0
2020-09-25,48.58000183105469,49.72999954223633,46.84000015258789,47.97999954223633,45.95423126220703,24285,0.0,0.0
2020-09-28,48.689998626708984,50.9900016784668,48.349998474121094,48.9900016784668,46.921592712402344,11040,0.0,0.0
2020-09-29,51.790000915527344,51.790000915527344,48.220001220703125,50.439998626708984,48.310367584228516,12865,0.0,0.0
2020-09-30,51.79999923706055,51.79999923706055,49.47999954223633,49.93000030517578,47.821903228759766,2395,0.0,0.0
2020-10-01,49.040000915527344,51.18000030517578,48.599998474121094,49.31999969482422,47.23765182495117,6910,0.0,0.0
2020-10-05,48.9900016784668,50.77000045776367,48.029998779296875,48.22999954223633,46.19367980957031,6155,0.0,0.0
2020-10-06,48.9900016784668,49.529998779296875,48.9900016784668,49.29999923706055,47.21849822998047,2870,0.0,0.0
2020-10-07,49.09000015258789,52.20000076293945,49.09000015258789,51.72999954223633,49.545902252197266,109700,0.0,0.0
2020-10-08,52.02000045776367,55.52000045776367,51.599998474121094,52.09000015258789,49.89070129394531,112535,0.0,0.0
2020-10-09,52.599998474121094,53.54999923706055,51.099998474121094,51.81999969482422,49.63209915161133,5375,0.0,0.0
2020-10-12,51.9900016784668,52.59000015258789,51.0,51.27000045776367,49.105323791503906,6285,0.0,0.0
2020-10-13,51.2599983215332,51.27000045776367,47.689998626708984,48.060001373291016,46.030853271484375,63450,0.0,0.0
2020-10-14,48.02000045776367,49.33000183105469,47.0,47.099998474121094,45.111385345458984,14525,0.0,0.0
2020-10-15,48.79999923706055,48.79999923706055,45.779998779296875,45.93000030517578,43.99078369140625,20805,0.0,0.0
2020-10-16,47.9900016784668,48.0,45.599998474121094,46.0099983215332,44.067405700683594,14460,0.0,0.0
2020-10-19,47.599998474121094,47.599998474121094,45.61000061035156,46.16999816894531,44.22064971923828,7595,0.0,0.0
2020-10-20,45.79999923706055,46.20000076293945,44.349998474121094,45.439998626708984,43.52146911621094,7175,0.0,0.0
2020-10-21,46.33000183105469,46.38999938964844,45.18000030517578,46.060001373291016,44.115299224853516,7185,0.0,0.0
2020-10-22,45.970001220703125,47.599998474121094,45.0,45.779998779296875,43.84711837768555,32200,0.0,0.0
2020-10-23,45.0,46.38999938964844,45.0,45.68000030517578,43.751338958740234,12710,0.0,0.0
2020-10-26,46.599998474121094,46.599998474121094,45.06999969482422,45.65999984741211,43.73218536376953,17690,0.0,0.0
2020-10-27,46.380001068115234,46.380001068115234,45.31999969482422,45.47999954223633,43.559783935546875,4385,0.0,0.0
2020-10-28,46.38999938964844,46.970001220703125,44.20000076293945,44.619998931884766,42.73609161376953,6975,0.0,0.0
2020-10-29,44.20000076293945,45.93000030517578,43.79999923706055,45.75,43.818382263183594,3245,0.0,0.0
2020-10-30,45.0,46.38999938964844,43.470001220703125,44.63999938964844,42.7552490234375,7265,0.0,0.0
2020-11-02,45.0099983215332,45.900001525878906,44.0099983215332,44.150001525878906,42.28593826293945,10230,0.0,0.0
2020-11-03,44.2400016784668,45.54999923706055,43.400001525878906,44.040000915527344,42.180580139160156,11990,0.0,0.0
2020-11-04,45.5099983215332,45.52000045776367,44.13999938964844,44.29999923706055,42.429603576660156,1435,0.0,0.0
2020-11-05,44.439998626708984,52.560001373291016,44.349998474121094,48.38999938964844,46.346920013427734,266750,0.0,0.0
2020-11-06,48.7599983215332,49.189998626708984,45.130001068115234,46.84000015258789,44.86236572265625,41020,0.0,0.0
2020-11-09,47.0099983215332,48.38999938964844,47.0099983215332,47.20000076293945,45.20716094970703,16715,0.0,0.0
2020-11-10,47.20000076293945,48.79999923706055,45.209999084472656,46.349998474121094,44.39305114746094,17265,0.0,0.0
2020-11-11,46.209999084472656,46.869998931884766,45.220001220703125,46.130001068115234,44.182342529296875,34455,0.0,0.0
2020-11-12,47.93000030517578,52.0,45.599998474121094,49.83000183105469,47.72611999511719,155150,0.0,0.0
2020-11-13,50.9900016784668,51.599998474121094,50.400001525878906,50.810001373291016,48.66474533081055,34010,0.0,0.0
2020-11-14,51.790000915527344,51.790000915527344,48.709999084472656,50.849998474121094,48.70305252075195,10510,0.0,0.0
2020-11-17,48.54999923706055,51.099998474121094,48.25,48.86000061035156,46.79707336425781,36560,0.0,0.0
2020-11-18,48.84000015258789,49.150001525878906,47.27000045776367,48.220001220703125,46.18410110473633,20910,0.0,0.0
2020-11-19,49.0,56.79999923706055,47.400001525878906,54.869998931884766,52.55332565307617,399715,0.0,0.0
2020-11-20,56.400001525878906,57.0,52.45000076293945,52.93000030517578,50.69523620605469,100385,0.0,0.0
2020-11-23,54.650001525878906,54.650001525878906,50.9900016784668,52.189998626708984,49.986480712890625,39925,0.0,0.0
2020-11-24,52.599998474121094,55.20000076293945,51.209999084472656,54.04999923706055,51.767948150634766,92095,0.0,0.0
2020-11-25,54.959999084472656,54.959999084472656,52.0,52.90999984741211,50.676082611083984,47060,0.0,0.0
2020-11-26,52.9900016784668,52.9900016784668,51.529998779296875,52.15999984741211,49.95774459838867,20065,0.0,0.0
2020-11-27,52.97999954223633,54.959999084472656,50.88999938964844,51.27000045776367,49.105323791503906,40125,0.0,0.0
2020-12-01,53.08000183105469,53.75,51.20000076293945,52.88999938964844,50.656925201416016,34315,0.0,0.0
2020-12-02,53.0099983215332,53.970001220703125,52.41999816894531,53.66999816894531,51.40399169921875,34920,0.0,0.0
2020-12-03,53.66999816894531,54.65999984741211,53.02000045776367,53.2400016784668,50.99214553833008,13385,0.0,0.0
2020-12-04,53.20000076293945,54.2599983215332,52.25,53.040000915527344,50.80059051513672,17595,0.0,0.0
2020-12-07,53.310001373291016,54.369998931884766,53.0099983215332,53.220001220703125,50.972991943359375,18845,0.0,0.0
2020-12-08,54.18000030517578,54.18000030517578,52.79999923706055,53.81999969482422,51.54766082763672,17715,0.0,0.0
2020-12-09,53.9900016784668,56.470001220703125,52.79999923706055,54.63999938964844,52.333038330078125,126990,0.0,0.0
2020-12-10,54.79999923706055,56.20000076293945,54.70000076293945,55.220001220703125,52.8885498046875,112625,0.0,0.0
2020-12-11,55.790000915527344,55.88999938964844,54.400001525878906,54.88999938964844,52.57248306274414,34480,0.0,0.0
2020-12-14,55.380001068115234,55.400001525878906,53.22999954223633,54.02000045776367,51.73921585083008,212155,0.0,0.0
2020-12-15,53.209999084472656,54.959999084472656,52.79999923706055,54.040000915527344,51.75837326049805,46090,0.0,0.0
2020-12-16,54.20000076293945,54.79999923706055,53.970001220703125,54.15999984741211,51.87330627441406,27200,0.0,0.0
2020-12-17,54.0,59.380001068115234,53.47999954223633,58.810001373291016,56.32697677612305,328350,0.0,0.0
2020-12-18,59.400001525878906,62.95000076293945,56.20000076293945,59.54999923706055,57.03573226928711,681455,0.0,0.0
2020-12-21,60.400001525878906,61.13999938964844,53.060001373291016,55.27000045776367,52.936439514160156,117955,0.0,0.0
2020-12-22,56.75,57.90999984741211,52.2400016784668,55.38999938964844,53.051368713378906,54530,0.0,0.0
2020-12-23,57.189998626708984,57.59000015258789,55.79999923706055,57.310001373291016,54.89030838012695,25835,0.0,0.0
2020-12-24,57.0099983215332,59.5,56.45000076293945,57.2400016784668,54.823265075683594,22245,0.0,0.0
2020-12-28,57.790000915527344,59.0,56.099998474121094,58.5,56.03006362915039,41880,0.0,0.0
2020-12-29,58.40999984741211,59.0,56.40999984741211,56.790000915527344,54.39226531982422,11595,0.0,0.0
2020-12-30,57.9900016784668,59.0,56.369998931884766,56.939998626708984,54.53593063354492,41190,0.0,0.0
2020-12-31,57.599998474121094,57.9900016784668,56.5,56.88999938964844,54.488037109375,15910,0.0,0.0
2021-01-01,56.83000183105469,58.599998474121094,56.130001068115234,57.0099983215332,54.60297393798828,33730,0.0,0.0
2021-01-04,57.0099983215332,61.54999923706055,56.529998779296875,61.33000183105469,58.74058151245117,238850,0.0,0.0
2021-01-05,58.400001525878906,65.0,58.400001525878906,63.86000061035156,61.163761138916016,490160,0.0,0.0
2021-01-06,63.599998474121094,65.95999908447266,61.400001525878906,64.16999816894531,61.460670471191406,159060,0.0,0.0
2021-01-07,65.5999984741211,65.5999984741211,63.0,63.70000076293945,61.01051330566406,52280,0.0,0.0
2021-01-08,64.80000305175781,64.80000305175781,62.0,62.119998931884766,59.497222900390625,50410,0.0,0.0
2021-01-11,62.400001525878906,63.0,60.40999984741211,61.63999938964844,59.03749084472656,43050,0.0,0.0
2021-01-12,61.0,62.5099983215332,60.41999816894531,61.79999923706055,59.19073486328125,20540,0.0,0.0
2021-01-13,61.83000183105469,63.310001373291016,61.0,61.16999816894531,58.58733367919922,29770,0.0,0.0
2021-01-14,61.11000061035156,61.369998931884766,60.599998474121094,60.959999084472656,58.386199951171875,18160,0.0,0.0
2021-01-15,60.95000076293945,61.189998626708984,59.0,59.630001068115234,57.11235427856445,43680,0.0,0.0
2021-01-18,59.20000076293945,61.79999923706055,58.61000061035156,60.619998931884766,58.0605583190918,33900,0.0,0.0
2021-01-19,61.02000045776367,62.0,60.400001525878906,60.68000030517578,58.11802291870117,16530,0.0,0.0
2021-01-20,61.59000015258789,61.59000015258789,60.220001220703125,60.68000030517578,58.11802291870117,12960,0.0,0.0
2021-01-21,61.029998779296875,61.20000076293945,59.310001373291016,60.029998779296875,57.49546432495117,16535,0.0,0.0
2021-01-22,58.02000045776367,60.91999816894531,58.02000045776367,59.08000183105469,56.585575103759766,25045,0.0,0.0
2021-01-25,59.29999923706055,59.959999084472656,56.099998474121094,56.59000015258789,54.200706481933594,23840,0.0,0.0
2021-01-27,55.70000076293945,58.0099983215332,55.70000076293945,56.279998779296875,53.9037971496582,63585,0.0,0.0
2021-01-28,59.65999984741211,60.79999923706055,55.0,57.619998931884766,55.187217712402344,26055,0.0,0.0
2021-01-29,58.810001373291016,58.9900016784668,55.689998626708984,56.56999969482422,54.181549072265625,18840,0.0,0.0
2021-02-01,57.0,61.97999954223633,57.0,58.15999984741211,55.70442199707031,9880,0.0,0.0
2021-02-02,58.0099983215332,59.20000076293945,57.599998474121094,58.0099983215332,55.560752868652344,9375,0.0,0.0
2021-02-03,57.66999816894531,61.279998779296875,57.02000045776367,60.08000183105469,57.54335403442383,37105,0.0,0.0
2021-02-04,60.79999923706055,64.79000091552734,58.400001525878906,63.099998474121094,60.43584442138672,236830,0.0,0.0
2021-02-05,63.2599983215332,64.5,61.54999923706055,62.25,59.621734619140625,79100,0.0,0.0
2021-02-08,64.0,64.30000305175781,62.20000076293945,62.58000183105469,59.93780517578125,17765,0.0,0.0
2021-02-09,62.099998474121094,62.5099983215332,61.099998474121094,61.27000045776367,58.683109283447266,18700,0.0,0.0
2021-02-10,60.880001068115234,61.599998474121094,59.59000015258789,60.84000015258789,58.271270751953125,19625,0.0,0.0
2021-02-11,61.209999084472656,62.65999984741211,59.36000061035156,60.630001068115234,58.07013702392578,69910,0.0,0.0
2021-02-12,60.58000183105469,62.400001525878906,59.5,60.08000183105469,57.54335403442383,65755,0.0,0.0
2021-02-15,59.79999923706055,59.79999923706055,57.54999923706055,57.970001220703125,55.52244186401367,54590,0.0,0.0
2021-02-16,58.209999084472656,61.20000076293945,57.31999969482422,58.27000045776367,55.809776306152344,751865,0.0,0.0
2021-02-17,59.88999938964844,62.79999923706055,59.27000045776367,60.2599983215332,57.71575164794922,227020,0.0,0.0
2021-02-18,59.459999084472656,60.75,59.459999084472656,59.869998931884766,57.342220306396484,23165,0.0,0.0
2021-02-19,60.04999923706055,61.7400016784668,59.68000030517578,61.38999938964844,58.79804611206055,171620,0.0,0.0
2021-02-22,61.310001373291016,62.900001525878906,60.79999923706055,61.66999816894531,59.06622314453125,212160,0.0,0.0
2021-02-23,62.400001525878906,62.900001525878906,61.0,61.86000061035156,59.24820327758789,40430,0.0,0.0
2021-02-24,62.88999938964844,62.88999938964844,56.72999954223633,60.540000915527344,57.98393249511719,353585,0.0,0.0
2021-02-25,60.560001373291016,60.720001220703125,59.369998931884766,59.47999954223633,56.96868896484375,20410,0.0,0.0
2021-02-26,59.65999984741211,60.599998474121094,58.02000045776367,58.720001220703125,56.240779876708984,24170,0.0,0.0
2021-03-01,58.88999938964844,61.0,58.150001525878906,60.349998474121094,57.80195617675781,21000,0.0,0.0
2021-03-02,61.400001525878906,61.400001525878906,58.400001525878906,58.599998474121094,56.12583923339844,19420,0.0,0.0
2021-03-03,59.220001220703125,59.709999084472656,58.400001525878906,58.790000915527344,56.307823181152344,19785,0.0,0.0
2021-03-04,59.599998474121094,60.0,58.599998474121094,59.13999938964844,56.643043518066406,21445,0.0,0.0
2021-03-05,58.20000076293945,59.58000183105469,58.20000076293945,58.459999084472656,55.99175262451172,8260,0.0,0.0
2021-03-08,58.0,59.86000061035156,58.0,58.58000183105469,56.106689453125,10120,0.0,0.0
2021-03-09,58.779998779296875,59.43000030517578,58.02000045776367,58.119998931884766,55.666107177734375,10445,0.0,0.0
2021-03-10,59.560001373291016,60.29999923706055,58.209999084472656,59.79999923706055,57.27517318725586,42610,0.0,0.0
2021-03-12,60.5,62.47999954223633,58.83000183105469,61.400001525878906,58.80762481689453,80110,0.0,0.0
2021-03-15,61.810001373291016,63.779998779296875,60.79999923706055,63.150001525878906,60.48373794555664,878130,0.0,0.0
2021-03-16,62.630001068115234,67.61000061035156,62.619998931884766,64.4800033569336,61.757591247558594,407910,0.0,0.0
2021-03-17,65.0,65.29000091552734,61.4900016784668,61.970001220703125,59.35355758666992,56035,0.0,0.0
2021-03-18,61.79999923706055,64.0,59.0,60.5,57.945621490478516,825760,0.0,0.0
2021-03-19,60.4900016784668,61.70000076293945,59.0,60.43000030517578,57.878578186035156,22805,0.0,0.0
2021-03-22,60.790000915527344,60.790000915527344,58.310001373291016,58.849998474121094,57.21744155883789,24780,0.9,0.0
2021-03-23,59.0099983215332,59.9900016784668,58.15999984741211,58.58000183105469,56.95493698120117,12105,0.0,0.0
2021-03-24,58.220001220703125,60.7400016784668,57.310001373291016,58.5099983215332,56.88687515258789,28240,0.0,0.0
2021-03-25,58.77000045776367,58.77000045776367,56.61000061035156,57.52000045776367,55.924339294433594,31985,0.0,0.0
2021-03-26,58.40999984741211,61.0,57.599998474121094,59.2599983215332,57.616065979003906,262430,0.0,0.0
2021-03-30,60.459999084472656,60.79999923706055,57.25,57.529998779296875,55.934059143066406,18110,0.0,0.0
2021-03-31,58.279998779296875,61.72999954223633,56.310001373291016,58.720001220703125,57.0910530090332,77850,0.0,0.0
2021-04-01,59.599998474121094,64.86000061035156,59.599998474121094,61.7400016784668,60.02727508544922,101435,0.0,0.0
2021-04-05,61.43000030517578,64.75,61.43000030517578,63.84000015258789,62.06901550292969,579210,0.0,0.0
2021-04-06,63.2400016784668,66.06999969482422,63.2400016784668,64.66999816894531,62.87598419189453,715825,0.0,0.0
2021-04-07,65.54000091552734,65.5999984741211,63.119998931884766,64.4000015258789,62.61348342895508,725285,0.0,0.0
2021-04-08,64.05999755859375,65.68000030517578,64.05999755859375,64.81999969482422,63.021827697753906,384885,0.0,0.0
2021-04-09,64.58999633789062,77.77999877929688,64.58000183105469,77.77999877929688,75.62229919433594,1838740,0.0,0.0
2021-04-12,76.19999694824219,77.37999725341797,70.30000305175781,71.80000305175781,69.80819702148438,408230,0.0,0.0
2021-04-13,71.79000091552734,76.4000015258789,71.79000091552734,75.19000244140625,73.10415649414062,414565,0.0,0.0
2021-04-15,74.5999984741211,78.66000366210938,74.55999755859375,77.58000183105469,75.4278564453125,404470,0.0,0.0
2021-04-16,78.80000305175781,79.9800033569336,74.20999908447266,77.8499984741211,75.69036102294922,287815,0.0,0.0
2021-04-19,76.0,77.0,74.0,75.58000183105469,73.48333740234375,190920,0.0,0.0
2021-04-20,75.0,78.4000015258789,74.0,74.48999786376953,72.42357635498047,146705,0.0,0.0
2021-04-22,74.30000305175781,75.73999786376953,72.61000061035156,74.9800033569336,72.89998626708984,251750,0.0,0.0
2021-04-23,74.9800033569336,77.55999755859375,74.9800033569336,75.88999938964844,73.78473663330078,208370,0.0,0.0
2021-04-26,75.9000015258789,81.94000244140625,75.9000015258789,80.87000274658203,78.6265869140625,506695,0.0,0.0
2021-04-27,82.75,83.80000305175781,80.97000122070312,81.62999725341797,79.3655014038086,224485,0.0,0.0
2021-04-28,83.86000061035156,83.86000061035156,79.72000122070312,81.20999908447266,78.9571533203125,257930,0.0,0.0
2021-04-29,82.0,82.23999786376953,78.61000061035156,79.87999725341797,77.66404724121094,208710,0.0,0.0
2021-04-30,80.26000213623047,81.5999984741211,77.8499984741211,78.2300033569336,76.05982971191406,191600,0.0,0.0
2021-05-03,79.80000305175781,79.95999908447266,77.22000122070312,78.75,76.56539154052734,157295,0.0,0.0
2021-05-04,80.31999969482422,80.31999969482422,75.19999694824219,76.37999725341797,74.26114654541016,132300,0.0,0.0
2021-05-05,77.9800033569336,78.76000213623047,76.4000015258789,76.8499984741211,74.71810913085938,167795,0.0,0.0
2021-05-06,77.91000366210938,77.91000366210938,76.0,76.37000274658203,74.25142669677734,132575,0.0,0.0
2021-05-07,77.19000244140625,79.19000244140625,76.02999877929688,77.94999694824219,75.78759002685547,208375,0.0,0.0
2021-05-10,79.38999938964844,82.19999694824219,77.94000244140625,79.70999908447266,77.49877166748047,363110,0.0,0.0
2021-05-11,79.95999908447266,95.6500015258789,79.83999633789062,92.08000183105469,89.5256118774414,1227955,0.0,0.0
2021-05-12,97.94000244140625,104.0,93.52999877929688,94.69999694824219,92.07292938232422,1044905,0.0,0.0
2021-05-14,95.94000244140625,96.4000015258789,89.76000213623047,92.2699966430664,89.71033477783203,320540,0.0,0.0
2021-05-17,95.73999786376953,97.58999633789062,91.88999938964844,95.44999694824219,92.80211639404297,298555,0.0,0.0
2021-05-18,95.9800033569336,99.55999755859375,93.0,96.4000015258789,93.72576904296875,231855,0.0,0.0
2021-05-19,96.05000305175781,98.56999969482422,95.9800033569336,97.61000061035156,94.90220642089844,203790,0.0,0.0
2021-05-20,98.19999694824219,99.9800033569336,96.9000015258789,99.06999969482422,96.32170104980469,222540,0.0,0.0
2021-05-21,99.73999786376953,112.80000305175781,98.0,100.01000213623047,97.23562622070312,606000,0.0,0.0
2021-05-24,101.31999969482422,103.88999938964844,100.52999877929688,103.02999877929688,100.17184448242188,303175,0.0,0.0
2021-05-25,103.05000305175781,105.18000030517578,103.0,104.02999877929688,101.14410400390625,248300,0.0,0.0
2021-05-26,104.04000091552734,104.8499984741211,100.5199966430664,102.76000213623047,99.90933990478516,273165,0.0,0.0
2021-05-27,102.98999786376953,104.45999908447266,100.4000015258789,102.08000183105469,99.24820709228516,218805,0.0,0.0
2021-05-28,101.05000305175781,104.9800033569336,100.55000305175781,103.5199966430664,100.64825439453125,305865,0.0,0.0
2021-05-31,102.58999633789062,102.58999633789062,98.4800033569336,100.22000122070312,97.4397964477539,213780,0.0,0.0
2021-06-01,100.2699966430664,101.0,96.91999816894531,100.2300033569336,97.44952392578125,205815,0.0,0.0
2021-06-02,100.47000122070312,100.9800033569336,98.20999908447266,98.86000061035156,96.1175308227539,185580,0.0,0.0
2021-06-03,99.79000091552734,103.80000305175781,99.19999694824219,102.16999816894531,99.33570098876953,248785,0.0,0.0
2021-06-04,102.25,109.0,102.2300033569336,105.0999984741211,102.18441772460938,408555,0.0,0.0
2021-06-07,105.20999908447266,109.80999755859375,105.20999908447266,108.4000015258789,105.39288330078125,208720,0.0,0.0
2021-06-08,109.0,110.98999786376953,105.5999984741211,109.06999969482422,106.0442886352539,231165,0.0,0.0
2021-06-09,107.80000305175781,111.63999938964844,103.9800033569336,105.08000183105469,102.16497802734375,208815,0.0,0.0
2021-06-10,109.18000030517578,109.18000030517578,104.55000305175781,106.22000122070312,103.27335357666016,208510,0.0,0.0
2021-06-11,108.43000030517578,108.5999984741211,104.41999816894531,106.05000305175781,103.10807037353516,172040,0.0,0.0
2021-06-14,107.19000244140625,109.9000015258789,103.91000366210938,108.30000305175781,105.295654296875,262615,0.0,0.0
2021-06-15,107.80000305175781,109.87000274658203,106.69000244140625,109.0199966430664,105.99567413330078,271555,0.0,0.0
2021-06-16,109.69999694824219,115.19999694824219,107.5999984741211,112.08000183105469,108.97079467773438,354965,0.0,0.0
2021-06-17,112.66999816894531,116.80000305175781,111.43000030517578,114.55000305175781,111.37226867675781,325030,0.0,0.0
2021-06-18,118.5999984741211,118.5999984741211,108.75,114.94000244140625,111.75145721435547,234530,0.0,0.0
2021-06-21,113.0,116.5999984741211,110.01000213623047,115.04000091552734,111.84867858886719,226775,0.0,0.0
2021-06-22,117.38999938964844,117.69999694824219,111.5999984741211,114.04000091552734,110.87641906738281,217440,0.0,0.0
2021-06-23,116.6500015258789,116.6500015258789,110.01000213623047,111.29000091552734,108.20270538330078,167800,0.0,0.0
2021-06-24,112.30000305175781,115.80999755859375,110.1500015258789,112.43000030517578,109.31108093261719,154780,0.0,0.0
2021-06-25,113.4000015258789,113.95999908447266,110.05999755859375,111.05999755859375,107.97908020019531,230220,0.0,0.0
2021-06-28,111.05999755859375,113.08000183105469,109.0,112.29000091552734,109.17496490478516,215240,0.0,0.0
2021-06-29,113.0,116.0,111.0,113.44000244140625,110.2930679321289,194865,0.0,0.0
2021-06-30,116.4000015258789,118.36000061035156,114.5,116.2699966430664,113.04454803466797,258380,0.0,0.0
2021-07-01,116.30999755859375,118.0,115.0199966430664,117.04000091552734,113.79319763183594,197150,0.0,0.0
2021-07-02,117.66000366210938,118.43000030517578,110.5199966430664,113.05999755859375,109.9236068725586,205935,0.0,0.0
2021-07-05,114.63999938964844,116.4000015258789,110.41999816894531,113.18000030517578,110.04027557373047,143800,0.0,0.0
2021-07-06,113.58999633789062,114.16999816894531,108.5999984741211,111.25,108.163818359375,188570,0.0,0.0
2021-07-07,111.18000030517578,112.30000305175781,109.68000030517578,110.62999725341797,107.5610122680664,117465,0.0,0.0
2021-07-08,111.4000015258789,111.66999816894531,107.02999877929688,107.98999786376953,104.99425506591797,186995,0.0,0.0
2021-07-09,110.94000244140625,110.94000244140625,106.04000091552734,107.33000183105469,104.3525619506836,184500,0.0,0.0
2021-07-12,109.33999633789062,110.66999816894531,106.0,107.30000305175781,104.32339477539062,178640,0.0,0.0
2021-07-13,108.6500015258789,112.0,107.30000305175781,109.18000030517578,106.15123748779297,259580,0.0,0.0
2021-07-14,111.5,112.19999694824219,108.4000015258789,110.58999633789062,107.5221176147461,164810,0.0,0.0
2021-07-15,111.95999908447266,113.0,109.5,111.58999633789062,108.494384765625,149800,0.0,0.0
2021-07-16,111.80000305175781,112.37000274658203,108.55000305175781,109.45999908447266,106.42346954345703,184930,0.0,0.0
2021-07-19,110.4000015258789,111.19999694824219,108.4000015258789,109.41000366210938,106.37486267089844,171755,0.0,0.0
2021-07-20,109.94000244140625,113.33999633789062,108.31999969482422,109.87000274658203,106.82210540771484,195990,0.0,0.0
2021-07-22,112.54000091552734,114.37999725341797,109.94999694824219,110.75,107.67768859863281,215270,0.0,0.0
2021-07-23,111.5999984741211,112.80000305175781,109.0,109.61000061035156,106.5693130493164,601730,0.0,0.0
2021-07-26,110.88999938964844,111.41000366210938,109.12000274658203,110.66999816894531,107.59990692138672,173455,0.0,0.0
2021-07-27,111.05999755859375,113.98999786376953,110.19999694824219,110.83000183105469,107.7554702758789,180450,0.0,0.0
2021-07-28,112.55999755859375,114.5999984741211,111.80000305175781,112.91000366210938,109.77777099609375,192505,0.0,0.0
2021-07-29,114.47000122070312,124.73999786376953,112.0199966430664,123.44000244140625,120.01565551757812,1347145,0.0,0.0
2021-07-30,124.5999984741211,128.86000061035156,121.70999908447266,126.52999877929688,123.01993560791016,401170,0.0,0.0
2021-08-02,128.77999877929688,139.8000030517578,128.77999877929688,138.67999267578125,134.83287048339844,346615,0.0,0.0
2021-08-03,139.77999877929688,139.77999877929688,131.0,133.33999633789062,129.64100646972656,282470,0.0,0.0
2021-08-04,134.0,136.57000732421875,132.89999389648438,134.00999450683594,130.2924346923828,211040,0.0,0.0
2021-08-05,137.39999389648438,137.61000061035156,131.25,133.57000732421875,129.86465454101562,197380,0.0,0.0
2021-08-06,135.9600067138672,139.77999877929688,134.13999938964844,139.14999389648438,135.2898406982422,232425,0.0,0.0
2021-08-09,140.39999389648438,143.99000549316406,136.0,139.2899932861328,135.42596435546875,196060,0.0,0.0
2021-08-10,139.1999969482422,141.58999633789062,127.4000015258789,134.61000061035156,130.8757781982422,220660,0.0,0.0
2021-08-11,137.9199981689453,137.99000549316406,123.5999984741211,132.6300048828125,128.95071411132812,251545,0.0,0.0
2021-08-12,137.58999633789062,145.1999969482422,136.05999755859375,143.3000030517578,139.32472229003906,314455,0.0,0.0
2021-08-13,146.0,146.17999267578125,142.1999969482422,142.94000244140625,138.97470092773438,221310,0.0,0.0
2021-08-16,143.10000610351562,155.60000610351562,141.1199951171875,145.99000549316406,141.94009399414062,433475,0.0,0.0
2021-08-17,145.99000549316406,145.99000549316406,136.58999633789062,138.24000549316406,134.40509033203125,216365,0.0,0.0
2021-08-18,141.0,145.77999877929688,138.6999969482422,143.27000427246094,139.29556274414062,240750,0.0,0.0
2021-08-20,145.0,145.42999267578125,141.86000061035156,143.8000030517578,139.81085205078125,199160,0.0,0.0
2021-08-23,145.5800018310547,145.5800018310547,135.42999267578125,139.7899932861328,135.91207885742188,197650,0.0,0.0
2021-08-24,139.99000549316406,142.39999389648438,139.8000030517578,141.0399932861328,137.12741088867188,175645,0.0,0.0
2021-08-25,142.36000061035156,145.5800018310547,138.6300048828125,142.2899932861328,138.3427276611328,187075,0.0,0.0
2021-08-26,140.89999389648438,149.8000030517578,140.89999389648438,143.8699951171875,139.87890625,247180,0.0,0.0
2021-08-27,143.8000030517578,146.8000030517578,143.0,143.30999755859375,139.33444213867188,172080,0.0,0.0
2021-08-30,144.41000366210938,147.39999389648438,142.60000610351562,145.1699981689453,141.14283752441406,198705,0.0,0.0
2021-08-31,145.6999969482422,146.60000610351562,142.00999450683594,143.27999877929688,139.30526733398438,173115,0.0,0.0
2021-09-01,144.91000366210938,147.8000030517578,144.1999969482422,145.1300048828125,141.10394287109375,215105,0.0,0.0
2021-09-02,145.0800018310547,152.0,144.1300048828125,145.3800048828125,141.34703063964844,228580,0.0,0.0
2021-09-03,145.5399932861328,146.97000122070312,144.2100067138672,144.92999267578125,140.9095001220703,186250,0.0,0.0
2021-09-06,147.0,148.97999572753906,145.5399932861328,146.97999572753906,142.90261840820312,198540,0.0,0.0
2021-09-07,146.97999572753906,149.00999450683594,145.8000030517578,146.47000122070312,142.4067840576172,152975,0.0,0.0
2021-09-08,152.0,156.0,149.0,151.6999969482422,147.49168395996094,749610,0.0,0.0
2021-09-09,151.6999969482422,157.41000366210938,148.85000610351562,150.41000366210938,146.2374725341797,312635,0.0,0.0
2021-09-13,151.0,155.99000549316406,149.1999969482422,153.75,149.4848175048828,886345,0.0,0.0
2021-09-14,154.1999969482422,155.9600067138672,150.52999877929688,152.24000549316406,148.01670837402344,522800,0.0,0.0
2021-09-15,153.3800048828125,153.77000427246094,150.0,150.9199981689453,146.73333740234375,226535,0.0,0.0
2021-09-16,152.0,152.38999938964844,148.8000030517578,150.16000366210938,145.99441528320312,222225,0.0,0.0
2021-09-17,151.3000030517578,151.3000030517578,142.0,143.52999877929688,139.54833984375,212575,0.0,0.0
2021-09-20,145.0,145.97999572753906,138.75999450683594,143.75,139.76222229003906,257805,0.0,0.0
2021-09-21,144.0,147.38999938964844,143.0,145.5399932861328,141.50257873535156,204075,0.0,0.0
2021-09-22,147.36000061035156,147.74000549316406,143.02000427246094,144.25999450683594,140.25808715820312,245080,0.0,0.0
2021-09-23,144.47999572753906,147.58999633789062,141.0,142.6699981689453,138.71218872070312,491260,0.0,0.0
2021-09-24,146.8000030517578,151.8000030517578,142.0,149.39999389648438,145.2554931640625,325165,0.0,0.0
2021-09-27,150.0,156.0,148.3300018310547,154.17999267578125,149.9028778076172,424145,0.0,0.0
2021-09-28,155.99000549316406,158.80999755859375,152.2100067138672,154.77999877929688,150.4862518310547,230275,0.0,0.0
2021-09-29,155.8800048828125,156.39999389648438,151.0,153.4600067138672,149.202880859375,217585,0.0,0.0
2021-09-30,153.39999389648438,162.0,151.2899932861328,159.47000122070312,155.046142578125,269490,0.0,0.0
2021-10-01,158.9600067138672,162.39999389648438,156.60000610351562,159.6300048828125,155.2017059326172,283775,0.0,0.0
2021-10-04,161.99000549316406,162.0,158.0,159.4600067138672,155.0364227294922,259420,0.0,0.0
2021-10-05,157.7899932861328,160.97999572753906,157.7899932861328,158.36000061035156,153.96693420410156,167890,0.0,0.0
2021-10-06,158.8800048828125,161.52000427246094,158.0,160.00999450683594,155.57115173339844,218640,0.0,0.0
2021-10-07,163.97999572753906,170.0,161.07000732421875,168.13999938964844,163.4756317138672,364340,0.0,0.0
2021-10-08,168.1999969482422,174.0,164.22000122070312,170.61000061035156,165.87710571289062,249965,0.0,0.0
2021-10-11,174.5399932861328,176.6699981689453,171.3300018310547,174.69000244140625,169.84393310546875,262870,0.0,0.0
2021-10-12,175.99000549316406,177.60000610351562,173.8000030517578,176.00999450683594,171.12730407714844,198085,0.0,0.0
2021-10-13,176.8000030517578,180.0,176.0,178.27000427246094,173.32461547851562,254600,0.0,0.0
2021-10-14,182.8000030517578,182.8000030517578,179.0,181.0500030517578,176.02749633789062,227020,0.0,0.0
2021-10-18,184.60000610351562,184.60000610351562,178.0,179.8800048828125,174.88995361328125,246750,0.0,0.0
2021-10-19,184.4199981689453,184.4199981689453,174.0,175.94000244140625,171.05926513671875,191345,0.0,0.0
2021-10-20,175.1999969482422,176.67999267578125,167.57000732421875,171.61000061035156,166.849365234375,190490,0.0,0.0
2021-10-21,171.39999389648438,176.0,170.5,175.13999938964844,170.2814483642578,177885,0.0,0.0
2021-10-22,176.50999450683594,177.6699981689453,171.97000122070312,175.99000549316406,171.1078643798828,176120,0.0,0.0
2021-10-25,175.99000549316406,176.39999389648438,169.27000427246094,174.24000549316406,169.4064178466797,182030,0.0,0.0
2021-10-26,174.3000030517578,174.8800048828125,172.10000610351562,173.99000549316406,169.16336059570312,184280,0.0,0.0
2021-10-27,175.00999450683594,185.60000610351562,171.39999389648438,180.02999877929688,175.03578186035156,543745,0.0,0.0
2021-10-28,183.60000610351562,183.60000610351562,175.02999877929688,176.08999633789062,171.20509338378906,293480,0.0,0.0
2021-10-29,178.00999450683594,181.60000610351562,176.2100067138672,180.36000061035156,175.3566436767578,240550,0.0,0.0
2021-11-01,181.0,184.99000549316406,180.1999969482422,183.08999633789062,178.01089477539062,172615,0.0,0.0
2021-11-02,184.0,190.0,180.0399932861328,188.74000549316406,183.50418090820312,236225,0.0,0.0
2021-11-03,190.0,196.0,187.63999938964844,194.27000427246094,188.88076782226562,279745,0.0,0.0
2021-11-04,196.0,196.0,190.8000030517578,192.8699951171875,187.51959228515625,86130,0.0,0.0
2021-11-08,193.60000610351562,196.6199951171875,185.8000030517578,186.5,181.32630920410156,169205,0.0,0.0
2021-11-09,189.97999572753906,201.7899932861328,187.3800048828125,192.5500030517578,187.20848083496094,321710,0.0,0.0
2021-11-10,193.8000030517578,195.0,187.22999572753906,189.67999267578125,184.4180908203125,154170,0.0,0.0
2021-11-11,191.60000610351562,192.64999389648438,187.60000610351562,188.94000244140625,183.69862365722656,211590,0.0,0.0
2021-11-12,187.00999450683594,192.0,187.00999450683594,188.5,183.27081298828125,228945,0.0,0.0
2021-11-15,186.39999389648438,190.72999572753906,179.8800048828125,183.35000610351562,178.26368713378906,194035,0.0,0.0
2021-11-16,183.0,183.39999389648438,174.22000122070312,177.52000427246094,172.5954132080078,264375,0.0,0.0
2021-11-17,177.1999969482422,180.42999267578125,170.1999969482422,172.22999572753906,167.45216369628906,225895,0.0,0.0
2021-11-18,173.99000549316406,179.99000549316406,167.30999755859375,169.25,164.55484008789062,240890,0.0,0.0
2021-11-22,168.6300048828125,171.5399932861328,160.60000610351562,161.3800048828125,156.90316772460938,191945,0.0,0.0
2021-11-23,159.17999267578125,173.8000030517578,159.17999267578125,168.1999969482422,163.53395080566406,249665,0.0,0.0
2021-11-24,169.8000030517578,176.27999877929688,166.11000061035156,171.32000732421875,166.5674285888672,171340,0.0,0.0
2021-11-25,176.99000549316406,176.99000549316406,168.0,168.7100067138672,164.0298309326172,170665,0.0,0.0
2021-11-26,167.1999969482422,174.02000427246094,166.17999267578125,169.7899932861328,165.07984924316406,166865,0.0,0.0
2021-11-29,171.1199951171875,171.1999969482422,155.05999755859375,160.58999633789062,156.13507080078125,239470,0.0,0.0
2021-11-30,165.58999633789062,173.60000610351562,162.0,164.80999755859375,160.23800659179688,271800,0.0,0.0
2021-12-01,166.39999389648438,169.9199981689453,165.0,167.00999450683594,162.37696838378906,166790,0.0,0.0
2021-12-02,167.97999572753906,171.8699951171875,167.25999450683594,170.88999938964844,166.1493377685547,204920,0.0,0.0
2021-12-03,171.63999938964844,174.97000122070312,166.60000610351562,170.0,165.28402709960938,175215,0.0,0.0
2021-12-06,172.3300018310547,174.77999877929688,170.49000549316406,173.97000122070312,169.14390563964844,189650,0.0,0.0
2021-12-07,174.5,186.8000030517578,172.6699981689453,182.0800018310547,177.0289306640625,220630,0.0,0.0
2021-12-08,186.0,188.8800048828125,182.0,184.5500030517578,179.43040466308594,185510,0.0,0.0
2021-12-09,186.99000549316406,189.60000610351562,182.39999389648438,185.27999877929688,180.14015197753906,161330,0.0,0.0
2021-12-10,186.0,188.07000732421875,184.0,185.80999755859375,180.65545654296875,183375,0.0,0.0
2021-12-13,188.60000610351562,195.5399932861328,181.47999572753906,186.55999755859375,181.38462829589844,171450,0.0,0.0
2021-12-14,186.0,194.97999572753906,183.52000427246094,192.91000366210938,187.55850219726562,248555,0.0,0.0
2021-12-15,197.60000610351562,197.60000610351562,187.30999755859375,196.3699951171875,190.92250061035156,196620,0.0,0.0
2021-12-16,196.8000030517578,197.6699981689453,190.49000549316406,193.10000610351562,187.74322509765625,159745,0.0,0.0
2021-12-17,196.00999450683594,196.00999450683594,186.11000061035156,190.08999633789062,184.81671142578125,165615,0.0,0.0
2021-12-20,189.0,191.4499969482422,178.0,180.58999633789062,175.5802459716797,182015,0.0,0.0
2021-12-21,181.8000030517578,187.39999389648438,178.72999572753906,180.44000244140625,175.43441772460938,182925,0.0,0.0
2021-12-22,184.99000549316406,194.02000427246094,180.42999267578125,188.25,183.0277557373047,226955,0.0,0.0
2021-12-23,190.0,191.1999969482422,186.4600067138672,188.35000610351562,183.12498474121094,170440,0.0,0.0
2021-12-24,190.0,190.0,183.60000610351562,184.82000732421875,179.6929168701172,138155,0.0,0.0
2021-12-27,187.22999572753906,187.7899932861328,181.3800048828125,183.89999389648438,178.7984161376953,205645,0.0,0.0
2021-12-28,184.0,189.60000610351562,184.0,185.39999389648438,180.25682067871094,179380,0.0,0.0
2021-12-29,187.25999450683594,191.39999389648438,185.6999969482422,188.35000610351562,183.12498474121094,537495,0.0,0.0
2021-12-30,191.99000549316406,201.60000610351562,188.22000122070312,194.1999969482422,188.8126983642578,301215,0.0,0.0
2021-12-31,198.0,199.00999450683594,190.0,192.9499969482422,187.5973663330078,211340,0.0,0.0
2022-01-03,194.0,218.17999267578125,191.5500030517578,203.72999572753906,198.0783233642578,359615,0.0,0.0
2022-01-04,206.94000244140625,209.39999389648438,196.11000061035156,201.4600067138672,195.87130737304688,205755,0.0,0.0
2022-01-05,203.6999969482422,205.0,194.47000122070312,196.02000427246094,190.58221435546875,192265,0.0,0.0
2022-01-06,191.11000061035156,198.50999450683594,191.11000061035156,192.38999938964844,187.0529022216797,147270,0.0,0.0
2022-01-07,195.27999877929688,195.8000030517578,185.74000549316406,190.3000030517578,185.02088928222656,179515,0.0,0.0
2022-01-10,193.27999877929688,193.27999877929688,181.02000427246094,183.36000061035156,178.27340698242188,198425,0.0,0.0
2022-01-11,183.36000061035156,197.72999572753906,183.0,191.30999755859375,186.00286865234375,245915,0.0,0.0
2022-01-12,192.0,194.0,187.3800048828125,191.92999267578125,186.6056671142578,193380,0.0,0.0
2022-01-13,195.0,196.0,190.00999450683594,193.91000366210938,188.53074645996094,179465,0.0,0.0
2022-01-14,194.44000244140625,197.77999877929688,193.99000549316406,194.22000122070312,188.83213806152344,139530,0.0,0.0
2022-01-17,194.39999389648438,207.8000030517578,194.22999572753906,206.02999877929688,200.31451416015625,380690,0.0,0.0
2022-01-18,207.69000244140625,214.0,196.1999969482422,198.8300018310547,193.3142547607422,341800,0.0,0.0
2022-01-19,205.0,205.0,198.0,199.72000122070312,194.17958068847656,158670,0.0,0.0
2022-01-20,203.72000122070312,209.27999877929688,199.72000122070312,204.61000061035156,198.9339141845703,204805,0.0,0.0
2022-01-21,207.9600067138672,207.9600067138672,196.38999938964844,197.72999572753906,192.24476623535156,146985,0.0,0.0
2022-01-24,205.75999450683594,205.75999450683594,194.00999450683594,195.75,190.3197021484375,253315,0.0,0.0
2022-01-25,201.33999633789062,201.33999633789062,193.1999969482422,195.17999267578125,189.7655029296875,155845,0.0,0.0
2022-01-27,195.39999389648438,198.9499969482422,188.9600067138672,191.32000732421875,186.01260375976562,156565,0.0,0.0
2022-01-28,195.0,196.47000122070312,186.30999755859375,189.7100067138672,184.447265625,125660,0.0,0.0
2022-01-31,192.1699981689453,195.60000610351562,189.39999389648438,194.4199981689453,189.02659606933594,190570,0.0,0.0
2022-02-01,196.2100067138672,199.0,194.0,196.22000122070312,190.77667236328125,235945,0.0,0.0
2022-02-02,199.25999450683594,200.89999389648438,196.39999389648438,199.00999450683594,193.48927307128906,186245,0.0,0.0
2022-02-03,201.0399932861328,201.5500030517578,195.05999755859375,198.94000244140625,193.42120361328125,247640,0.0,0.0
2022-02-04,205.60000610351562,205.60000610351562,196.57000732421875,200.27000427246094,194.71432495117188,178205,0.0,0.0
2022-02-07,200.27000427246094,206.97999572753906,196.60000610351562,205.25,199.55616760253906,505190,0.0,0.0
2022-02-08,215.0,217.74000549316406,189.5399932861328,196.1300048828125,190.6891632080078,552865,0.0,0.0
2022-02-09,197.0,203.60000610351562,186.5,197.5399932861328,192.06002807617188,364735,0.0,0.0
2022-02-10,198.39999389648438,199.91000366210938,186.02999877929688,187.0399932861328,181.851318359375,224380,0.0,0.0
2022-02-11,186.60000610351562,188.63999938964844,178.24000549316406,182.08999633789062,177.03863525390625,169795,0.0,0.0
2022-02-14,170.6199951171875,181.16000366210938,170.6199951171875,173.0399932861328,168.2397003173828,168110,0.0,0.0
2022-02-15,175.60000610351562,180.7100067138672,170.0,171.60000610351562,166.83966064453125,163850,0.0,0.0
2022-02-16,176.0,178.0,172.55999755859375,175.47000122070312,170.602294921875,141075,0.0,0.0
2022-02-17,180.39999389648438,180.39999389648438,167.02999877929688,168.42999267578125,164.79063415527344,160070,1.1,0.0
2022-02-18,167.60000610351562,172.5,164.72999572753906,169.74000549316406,166.0723419189453,216275,0.0,0.0
2022-02-21,169.74000549316406,174.7899932861328,165.0,172.5500030517578,168.8216094970703,146800,0.0,0.0
2022-02-22,172.10000610351562,172.10000610351562,164.97999572753906,169.14999389648438,165.4950714111328,144845,0.0,0.0
2022-02-23,174.0,174.0,166.39999389648438,168.16000366210938,164.52647399902344,148445,0.0,0.0
2022-02-24,171.0,171.0,155.00999450683594,157.60000610351562,154.1946563720703,212395,0.0,0.0
2022-02-25,164.0,169.97999572753906,156.0,166.7100067138672,163.10780334472656,178280,0.0,0.0
2022-02-28,166.60000610351562,173.6699981689453,160.11000061035156,168.3699951171875,164.73193359375,229250,0.0,0.0
2022-03-02,166.39999389648438,167.6999969482422,162.0,165.27999877929688,161.7086944580078,156260,0.0,0.0
2022-03-03,167.72999572753906,169.6199951171875,164.0,164.5500030517578,160.99447631835938,134720,0.0,0.0
2022-03-04,164.0,167.24000549316406,160.22000122070312,162.66000366210938,159.1453094482422,148215,0.0,0.0
2022-03-07,163.27000427246094,164.1699981689453,155.1999969482422,155.8300018310547,152.462890625,139655,0.0,0.0
2022-03-08,159.00999450683594,159.72000122070312,153.75999450683594,155.32000732421875,151.9639129638672,144735,0.0,0.0
2022-03-09,158.60000610351562,159.7899932861328,155.0,157.44000244140625,154.03810119628906,169570,0.0,0.0
2022-03-10,160.61000061035156,165.99000549316406,158.5,163.6699981689453,160.13348388671875,142805,0.0,0.0
2022-03-11,164.10000610351562,168.97999572753906,161.8699951171875,166.5,162.90234375,158890,0.0,0.0
2022-03-14,166.5,169.60000610351562,163.10000610351562,163.44000244140625,159.90846252441406,141990,0.0,0.0
2022-03-15,166.00999450683594,166.00999450683594,156.1999969482422,157.02000427246094,153.62718200683594,153200,0.0,0.0
2022-03-16,159.58999633789062,165.60000610351562,157.1999969482422,161.9499969482422,158.45065307617188,159570,0.0,0.0
2022-03-17,168.1999969482422,168.1999969482422,157.1999969482422,158.80999755859375,155.3784942626953,148360,0.0,0.0
2022-03-21,160.1999969482422,164.75999450683594,156.7100067138672,158.1699981689453,154.75233459472656,173835,0.0,0.0
2022-03-22,158.91000366210938,161.25,156.47999572753906,159.22000122070312,155.77964782714844,169355,0.0,0.0
2022-03-23,160.9600067138672,160.9600067138672,157.1999969482422,158.16000366210938,154.7425537109375,175520,0.0,0.0
2022-03-24,159.74000549316406,167.16000366210938,157.1999969482422,160.8699951171875,157.39398193359375,222745,0.0,0.0
2022-03-25,161.67999267578125,165.27999877929688,160.80999755859375,163.1300048828125,159.60516357421875,201440,0.0,0.0
2022-03-28,161.8000030517578,165.38999938964844,160.39999389648438,163.72000122070312,160.18240356445312,143140,0.0,0.0
2022-03-29,164.10000610351562,172.69000244140625,162.00999450683594,170.0800018310547,166.4049835205078,323245,0.0,0.0
2022-03-30,171.02999877929688,174.97999572753906,168.0,174.07000732421875,170.30877685546875,244415,0.0,0.0
2022-03-31,173.1999969482422,174.0,168.0,173.1699981689453,169.42820739746094,220340,0.0,0.0
2022-04-01,172.0,172.0,161.38999938964844,164.52000427246094,160.96511840820312,212005,0.0,0.0
2022-04-04,166.9600067138672,166.9600067138672,157.9600067138672,159.38999938964844,155.9459686279297,161235,0.0,0.0
2022-04-05,158.22000122070312,160.97000122070312,156.39999389648438,157.4600067138672,154.05767822265625,211760,0.0,0.0
2022-04-06,158.8000030517578,158.8000030517578,155.1999969482422,156.9499969482422,153.55868530273438,200230,0.0,0.0
2022-04-07,157.99000549316406,158.60000610351562,155.22000122070312,155.77999877929688,152.41397094726562,144465,0.0,0.0
2022-04-08,157.39999389648438,159.7899932861328,154.0,156.63999938964844,153.25538635253906,175155,0.0,0.0
2022-04-11,156.0,159.8000030517578,153.39999389648438,156.24000549316406,152.86404418945312,203720,0.0,0.0
2022-04-12,157.33999633789062,167.5800018310547,155.00999450683594,165.32000732421875,161.7478485107422,867825,0.0,0.0
2022-04-13,165.32000732421875,170.8699951171875,161.91000366210938,165.47999572753906,161.9043731689453,523855,0.0,0.0
2022-04-18,167.8000030517578,169.8000030517578,163.0399932861328,164.24000549316406,160.69117736816406,190495,0.0,0.0
2022-04-19,166.07000732421875,169.8000030517578,159.0,162.63999938964844,159.12574768066406,221915,0.0,0.0
2022-04-20,163.3699951171875,166.0,162.27999877929688,163.25999450683594,159.7323455810547,198045,0.0,0.0
2022-04-21,164.60000610351562,165.58999633789062,156.86000061035156,157.80999755859375,154.4001007080078,197200,0.0,0.0
2022-04-22,158.92999267578125,159.2899932861328,147.63999938964844,149.44000244140625,146.21096801757812,202990,0.0,0.0
2022-04-25,149.39999389648438,151.8000030517578,144.80999755859375,145.72000122070312,142.57135009765625,186065,0.0,0.0
2022-04-26,149.07000732421875,151.3699951171875,145.0,146.1699981689453,143.01161193847656,191475,0.0,0.0
2022-04-27,146.30999755859375,147.67999267578125,144.1999969482422,144.42999267578125,141.3092041015625,158200,0.0,0.0
2022-04-28,146.1999969482422,148.57000732421875,143.8800048828125,145.52999877929688,142.3854522705078,203075,0.0,0.0
2022-04-29,146.0399932861328,148.82000732421875,145.1999969482422,146.22000122070312,143.060546875,129985,0.0,0.0
2022-05-02,147.64999389648438,147.64999389648438,139.52000427246094,140.72000122070312,137.67938232421875,154925,0.0,0.0
2022-05-04,141.41000366210938,145.7899932861328,138.1999969482422,140.57000732421875,137.53262329101562,171560,0.0,0.0
2022-05-05,143.60000610351562,145.8000030517578,140.72000122070312,143.77999877929688,140.6732635498047,162245,0.0,0.0
2022-05-06,143.60000610351562,143.60000610351562,136.0,138.63999938964844,135.64431762695312,185340,0.0,0.0
2022-05-09,139.0,139.0,130.0,135.07000732421875,132.15147399902344,215800,0.0,0.0
2022-05-10,135.07000732421875,138.0,131.0500030517578,134.0,131.10458374023438,192215,0.0,0.0
2022-05-11,134.52000427246094,135.0,127.4800033569336,131.27000427246094,128.43357849121094,156205,0.0,0.0
2022-05-12,128.0,132.58999633789062,122.41000366210938,124.72000122070312,122.02510070800781,193880,0.0,0.0
2022-05-13,124.72000122070312,137.55999755859375,124.72000122070312,135.77999877929688,132.8461151123047,193665,0.0,0.0
2022-05-16,136.39999389648438,141.0,133.0,139.9600067138672,136.93580627441406,183495,0.0,0.0
2022-05-17,141.02999877929688,149.0,140.25,146.1199951171875,142.9626922607422,184400,0.0,0.0
2022-05-18,146.72000122070312,147.92999267578125,140.1999969482422,143.32000732421875,140.22320556640625,162095,0.0,0.0
2022-05-19,141.8000030517578,141.8000030517578,135.0800018310547,137.22000122070312,134.2550048828125,147840,0.0,0.0
2022-05-20,138.8699951171875,140.0,137.60000610351562,138.72000122070312,135.72259521484375,150435,0.0,0.0
2022-05-23,139.7100067138672,146.39999389648438,136.39999389648438,139.1699981689453,136.16287231445312,160510,0.0,0.0
2022-05-24,141.0,141.0,130.4199981689453,132.97000122070312,130.0968475341797,176780,0.0,0.0
2022-05-25,133.0,134.5500030517578,129.16000366210938,130.4600067138672,127.64108276367188,129885,0.0,0.0
2022-05-26,133.8000030517578,133.8000030517578,122.5999984741211,125.05999755859375,122.35775756835938,166590,0.0,0.0
2022-05-27,125.4000015258789,128.80999755859375,125.02999877929688,125.81999969482422,123.10133361816406,160935,0.0,0.0
2022-05-30,127.98999786376953,133.97999572753906,126.66000366210938,132.61000061035156,129.74461364746094,163775,0.0,0.0
2022-05-31,139.0,143.8000030517578,134.99000549316406,142.33999633789062,139.26437377929688,238880,0.0,0.0
2022-06-01,141.0,143.39999389648438,138.11000061035156,140.25,137.21954345703125,159880,0.0,0.0
2022-06-02,138.50999450683594,143.0,138.50999450683594,141.44000244140625,138.38381958007812,175935,0.0,0.0
2022-06-03,141.39999389648438,147.7899932861328,139.2100067138672,143.49000549316406,140.38954162597656,181280,0.0,0.0
2022-06-06,143.36000061035156,146.00999450683594,139.75999450683594,144.39999389648438,141.2798614501953,165505,0.0,0.0
2022-06-07,143.8000030517578,144.91000366210938,133.22999572753906,138.14999389648438,135.16490173339844,271600,0.0,0.0
2022-06-08,138.1999969482422,138.1999969482422,131.0,131.4499969482422,128.60968017578125,161875,0.0,0.0
2022-06-09,128.0,132.19000244140625,127.73999786376953,128.75,125.96802520751953,151765,0.0,0.0
2022-06-10,129.08999633789062,129.27000427246094,124.0,124.54000091552734,121.84899139404297,177775,0.0,0.0
2022-06-13,124.5999984741211,124.5999984741211,117.0,118.5,115.93949890136719,195250,0.0,0.0
2022-06-14,117.0999984741211,120.76000213623047,117.0999984741211,120.47000122070312,117.86693572998047,137890,0.0,0.0
2022-06-15,121.0,122.79000091552734,118.19999694824219,120.22000122070312,117.6223373413086,139570,0.0,0.0
2022-06-16,121.98999786376953,121.98999786376953,110.80000305175781,117.75,115.2057113647461,220970,0.0,0.0
2022-06-17,115.76000213623047,116.79000091552734,113.22000122070312,115.97000122070312,113.46417236328125,145585,0.0,0.0
2022-06-20,115.0,116.41000366210938,110.0,110.80000305175781,108.4058837890625,148100,0.0,0.0
2022-06-21,112.45999908447266,130.88999938964844,111.75,115.83999633789062,113.33697509765625,252930,0.0,0.0
2022-06-22,117.0,118.0,114.0,114.1500015258789,111.6834945678711,262465,0.0,0.0
2022-06-23,115.62999725341797,117.18000030517578,114.0,115.47000122070312,112.9749755859375,139115,0.0,0.0
2022-06-24,115.86000061035156,117.58000183105469,114.54000091552734,115.6500015258789,113.15108489990234,145925,0.0,0.0
2022-06-27,117.41000366210938,121.68000030517578,116.01000213623047,117.12000274658203,114.58932495117188,147075,0.0,0.0
2022-06-28,117.91000366210938,119.37999725341797,116.11000061035156,116.87999725341797,114.35449981689453,153030,0.0,0.0
2022-06-29,115.91999816894531,115.91999816894531,113.0,114.11000061035156,111.64436340332031,205060,0.0,0.0
2022-06-30,116.0,117.1500015258789,114.38999938964844,115.80000305175781,113.29784393310547,174115,0.0,0.0
2022-07-01,116.0,117.76000213623047,114.2300033569336,116.66999816894531,114.14904022216797,150385,0.0,0.0
2022-07-04,118.79000091552734,127.5999984741211,117.9800033569336,126.30000305175781,123.57096862792969,355050,0.0,0.0
2022-07-05,129.8000030517578,132.60000610351562,126.80999755859375,131.1300048828125,128.29660034179688,260770,0.0,0.0
2022-07-06,132.8000030517578,143.9600067138672,132.64999389648438,139.25999450683594,136.2509307861328,292020,0.0,0.0
2022-07-07,140.1999969482422,141.39999389648438,134.27999877929688,138.85000610351562,135.84979248046875,251140,0.0,0.0
2022-07-08,140.92999267578125,140.92999267578125,131.00999450683594,132.32000732421875,129.4608917236328,212215,0.0,0.0
2022-07-11,133.58999633789062,140.72999572753906,132.80999755859375,136.2100067138672,133.266845703125,209605,0.0,0.0
2022-07-12,136.91000366210938,139.0,133.02000427246094,135.27000427246094,132.34715270996094,199640,0.0,0.0
2022-07-13,136.4199981689453,137.8000030517578,129.35000610351562,130.44000244140625,127.62151336669922,197970,0.0,0.0
2022-07-14,132.3800048828125,132.52999877929688,126.19999694824219,126.44999694824219,123.71772003173828,199200,0.0,0.0
2022-07-15,128.35000610351562,134.38999938964844,125.44999694824219,132.35000610351562,129.49024963378906,196250,0.0,0.0
2022-07-18,136.0,139.66000366210938,133.07000732421875,138.83999633789062,135.83999633789062,366240,0.0,0.0
2022-07-19,138.9499969482422,142.0,132.35000610351562,137.8000030517578,137.8000030517578,282593,3.0,5.0
2022-07-20,138.8000030517578,138.89999389648438,131.10000610351562,132.35000610351562,132.35000610351562,114915,0.0,0.0
2022-07-21,132.0,132.0,127.25,127.75,127.75,106093,0.0,0.0
2022-07-22,127.5,128.8000030517578,118.75,122.1500015258789,122.1500015258789,121714,0.0,0.0
2022-07-25,121.80000305175781,122.19999694824219,115.55000305175781,120.05000305175781,120.05000305175781,119760,0.0,0.0
2022-07-26,120.69999694824219,120.69999694824219,116.0,116.75,116.75,112883,0.0,0.0
2022-07-27,114.0,117.75,114.0,116.5999984741211,116.5999984741211,108441,0.0,0.0
2022-07-28,118.0,118.94999694824219,113.1500015258789,114.5,114.5,109230,0.0,0.0
2022-07-29,116.0,116.0,110.75,112.9000015258789,112.9000015258789,109234,0.0,0.0
2022-08-01,115.1500015258789,135.4499969482422,112.5,135.4499969482422,135.4499969482422,155000,0.0,0.0
2022-08-02,138.89999389648438,141.89999389648438,126.05000305175781,128.25,128.25,280641,0.0,0.0
2022-08-03,131.89999389648438,131.89999389648438,125.5,127.9000015258789,127.9000015258789,115200,0.0,0.0
2022-08-04,127.0,130.0,121.0,121.8499984741211,121.8499984741211,117878,0.0,0.0
2022-08-05,123.5,123.69999694824219,119.0,120.3499984741211,120.3499984741211,123603,0.0,0.0
2022-08-08,122.0,127.0,118.44999694824219,124.94999694824219,124.94999694824219,117818,0.0,0.0
2022-08-10,125.5,126.55000305175781,113.55000305175781,117.19999694824219,117.19999694824219,163838,0.0,0.0
2022-08-11,118.1500015258789,122.0,116.75,119.5999984741211,119.5999984741211,115712,0.0,0.0
2022-08-12,121.05000305175781,124.5,119.30000305175781,123.1500015258789,123.1500015258789,125356,0.0,0.0
2022-08-16,125.0,125.0,120.0,122.05000305175781,122.05000305175781,110962,0.0,0.0
2022-08-17,119.0,124.1500015258789,119.0,123.0999984741211,123.0999984741211,119958,0.0,0.0
2022-08-18,123.0999984741211,125.6500015258789,122.0,123.4000015258789,123.4000015258789,126443,0.0,0.0
2022-08-19,124.8499984741211,124.8499984741211,120.3499984741211,121.5999984741211,121.5999984741211,109449,0.0,0.0
2022-08-22,121.25,127.0,120.0999984741211,124.4000015258789,124.4000015258789,130445,0.0,0.0
2022-08-23,121.94999694824219,125.80000305175781,121.5,122.19999694824219,122.19999694824219,110243,0.0,0.0
2022-08-24,122.94999694824219,123.25,120.0,121.80000305175781,121.80000305175781,107856,0.0,0.0
2022-08-25,120.55000305175781,122.94999694824219,120.19999694824219,120.8499984741211,120.8499984741211,123536,0.0,0.0
2022-08-26,122.94999694824219,127.0999984741211,120.55000305175781,123.6500015258789,123.6500015258789,125860,0.0,0.0
2022-08-29,121.0,129.39999389648438,119.0999984741211,126.9000015258789,126.9000015258789,171223,0.0,0.0
2022-08-30,126.9000015258789,129.0,121.3499984741211,126.25,126.25,235134,0.0,0.0
2022-09-01,125.80000305175781,125.80000305175781,121.0,121.94999694824219,121.94999694824219,92745,0.0,0.0
2022-09-02,122.0,122.0,118.0999984741211,118.75,118.75,95667,0.0,0.0
2022-09-05,121.0,121.0,113.19999694824219,114.5999984741211,114.5999984741211,122948,0.0,0.0
2022-09-06,115.0,116.44999694824219,112.75,113.44999694824219,113.44999694824219,99983,0.0,0.0
2022-09-07,114.0,114.4000015258789,110.5,112.0999984741211,112.0999984741211,119772,0.0,0.0
2022-09-08,114.94999694824219,117.4000015258789,112.80000305175781,116.1500015258789,116.1500015258789,63748,0.0,0.0
2022-09-09,117.0999984741211,120.55000305175781,115.5999984741211,118.8499984741211,118.8499984741211,122844,0.0,0.0
2022-09-12,123.0,123.0,116.0,116.80000305175781,116.80000305175781,85084,0.0,0.0
2022-09-13,119.0,120.80000305175781,116.19999694824219,118.0,118.0,69034,0.0,0.0
2022-09-14,115.05000305175781,116.75,113.19999694824219,114.3499984741211,114.3499984741211,89566,0.0,0.0
2022-09-15,116.55000305175781,116.55000305175781,114.0999984741211,115.80000305175781,115.80000305175781,61418,0.0,0.0
2022-09-16,114.0,117.9000015258789,114.0,114.80000305175781,114.80000305175781,70283,0.0,0.0
2022-09-19,114.80000305175781,119.75,113.25,114.9000015258789,114.9000015258789,89200,0.0,0.0
2022-09-20,118.0,118.0,112.5,114.69999694824219,114.69999694824219,71008,0.0,0.0
2022-09-21,116.6500015258789,116.6500015258789,112.9000015258789,113.4000015258789,113.4000015258789,74384,0.0,0.0
2022-09-22,115.6500015258789,116.44999694824219,113.25,114.1500015258789,114.1500015258789,75815,0.0,0.0
2022-09-23,114.05000305175781,114.8499984741211,112.5,113.0999984741211,113.0999984741211,72708,0.0,0.0
2022-09-26,114.9000015258789,114.9000015258789,108.0,109.6500015258789,109.6500015258789,81834,0.0,0.0
2022-09-27,108.0,114.55000305175781,108.0,113.30000305175781,113.30000305175781,79361,0.0,0.0
2022-09-28,114.69999694824219,115.0999984741211,112.5,113.1500015258789,113.1500015258789,83434,0.0,0.0
2022-09-29,114.75,114.75,110.05000305175781,112.05000305175781,112.05000305175781,73017,0.0,0.0
2022-09-30,113.94999694824219,122.0,110.8499984741211,114.1500015258789,114.1500015258789,91300,0.0,0.0
2022-10-03,116.3499984741211,117.55000305175781,110.80000305175781,111.8499984741211,111.8499984741211,99890,0.0,0.0
2022-10-04,113.0,115.55000305175781,111.5,114.9000015258789,114.9000015258789,85389,0.0,0.0
2022-10-06,113.55000305175781,117.05000305175781,113.55000305175781,113.9000015258789,113.9000015258789,77545,0.0,0.0
2022-10-07,114.5999984741211,119.8499984741211,114.19999694824219,116.8499984741211,116.8499984741211,95227,0.0,0.0
2022-10-10,112.80000305175781,118.3499984741211,112.80000305175781,115.4000015258789,115.4000015258789,89209,0.0,0.0
2022-10-11,115.94999694824219,115.94999694824219,110.5,110.94999694824219,110.94999694824219,67705,0.0,0.0
2022-10-12,113.1500015258789,113.1500015258789,109.69999694824219,110.0999984741211,110.0999984741211,79029,0.0,0.0
2022-10-13,112.25,113.0,108.0999984741211,110.19999694824219,110.19999694824219,82314,0.0,0.0
2022-10-14,111.19999694824219,112.94999694824219,108.30000305175781,111.44999694824219,111.44999694824219,79853,0.0,0.0
2022-10-17,111.94999694824219,113.3499984741211,109.8499984741211,111.55000305175781,111.55000305175781,73896,0.0,0.0
2022-10-18,112.8499984741211,130.5,110.3499984741211,120.94999694824219,120.94999694824219,307299,0.0,0.0
2022-10-19,121.0,130.0,112.5,113.55000305175781,113.55000305175781,397991,0.0,0.0
2022-10-20,113.9000015258789,114.5,111.80000305175781,112.69999694824219,112.69999694824219,84824,0.0,0.0
2022-10-21,113.3499984741211,113.80000305175781,110.5,111.4000015258789,111.4000015258789,77703,0.0,0.0
2022-10-24,112.9000015258789,117.80000305175781,109.0999984741211,113.1500015258789,113.1500015258789,40542,0.0,0.0
2022-10-25,113.9000015258789,113.9000015258789,111.25,112.55000305175781,112.55000305175781,58301,0.0,0.0
2022-10-27,112.94999694824219,113.8499984741211,110.5999984741211,112.4000015258789,112.4000015258789,76141,0.0,0.0
2022-10-28,114.44999694824219,115.5,109.9000015258789,110.80000305175781,110.80000305175781,71685,0.0,0.0
2022-10-31,112.44999694824219,113.6500015258789,110.80000305175781,111.25,111.25,76805,0.0,0.0
2022-11-01,111.94999694824219,111.94999694824219,108.55000305175781,109.0999984741211,109.0999984741211,75677,0.0,0.0
2022-11-02,109.0999984741211,109.19999694824219,108.4000015258789,108.94999694824219,108.94999694824219,45203,0.0,0.0
2022-11-03,108.94999694824219,110.5,108.05000305175781,108.30000305175781,108.30000305175781,87696,0.0,0.0
2022-11-04,109.0999984741211,109.3499984741211,107.6500015258789,108.75,108.75,80904,0.0,0.0
2022-11-07,108.75,114.8499984741211,103.25,104.0,104.0,126374,0.0,0.0
2022-11-09,103.0,106.75,103.0,104.55000305175781,104.55000305175781,80273,0.0,0.0
2022-11-10,101.0,104.75,96.25,97.25,97.25,155589,0.0,0.0
2022-11-11,97.9000015258789,99.4000015258789,87.9000015258789,90.19999694824219,90.19999694824219,165485,0.0,0.0
2022-11-14,94.3499984741211,94.3499984741211,84.05000305175781,84.55000305175781,84.55000305175781,157423,0.0,0.0
2022-11-15,85.55000305175781,101.44999694824219,82.0,101.44999694824219,101.44999694824219,1003784,0.0,0.0
2022-11-16,103.80000305175781,108.9000015258789,96.0,98.5999984741211,98.5999984741211,948086,0.0,0.0
2022-11-17,99.0999984741211,99.25,94.19999694824219,96.05000305175781,96.05000305175781,101194,0.0,0.0
2022-11-18,95.5999984741211,95.5999984741211,91.0,91.8499984741211,91.8499984741211,104201,0.0,0.0
2022-11-21,92.5999984741211,96.0,91.25,92.69999694824219,92.69999694824219,86748,0.0,0.0
2022-11-22,94.0,94.0,87.9000015258789,89.05000305175781,89.05000305175781,108194,0.0,0.0
2022-11-23,90.5,104.69999694824219,89.8499984741211,96.5999984741211,96.5999984741211,389858,0.0,0.0
2022-11-24,99.0,102.0,95.55000305175781,98.44999694824219,98.44999694824219,123099,0.0,0.0
2022-11-25,99.05000305175781,101.69999694824219,97.30000305175781,99.55000305175781,99.55000305175781,94303,0.0,0.0
2022-11-28,99.69999694824219,100.5,97.5999984741211,99.75,99.75,111249,0.0,0.0
2022-11-29,99.80000305175781,104.1500015258789,98.0,99.25,99.25,141883,0.0,0.0
2022-11-30,99.9000015258789,102.9000015258789,99.0,100.75,100.75,103269,0.0,0.0
2022-12-01,101.75,102.0,98.75,100.5999984741211,100.5999984741211,71734,0.0,0.0
2022-12-02,100.6500015258789,101.30000305175781,98.0,98.9000015258789,98.9000015258789,86006,0.0,0.0
2022-12-05,99.0999984741211,100.55000305175781,97.94999694824219,98.69999694824219,98.69999694824219,91393,0.0,0.0
2022-12-06,97.25,99.75,96.80000305175781,97.0999984741211,97.0999984741211,84909,0.0,0.0
2022-12-07,98.94999694824219,98.94999694824219,96.5,97.0,97.0,79782,0.0,0.0
2022-12-08,98.5999984741211,99.25,94.5,96.0999984741211,96.0999984741211,85615,0.0,0.0
2022-12-09,97.69999694824219,97.69999694824219,94.05000305175781,94.94999694824219,94.94999694824219,91068,0.0,0.0
2022-12-12,96.5,98.69999694824219,95.19999694824219,98.0999984741211,98.0999984741211,87638,0.0,0.0
2022-12-13,98.94999694824219,98.94999694824219,93.3499984741211,95.44999694824219,95.44999694824219,86869,0.0,0.0
2022-12-14,96.9000015258789,98.25,95.05000305175781,95.8499984741211,95.8499984741211,92057,0.0,0.0
2022-12-15,97.5,97.5,94.5,95.1500015258789,95.1500015258789,88445,0.0,0.0
2022-12-16,95.1500015258789,96.8499984741211,92.3499984741211,94.30000305175781,94.30000305175781,138700,0.0,0.0
2022-12-19,93.5,104.0,93.5,99.0999984741211,99.0999984741211,228407,0.0,0.0
2022-12-20,98.5,105.9000015258789,95.5,101.6500015258789,101.6500015258789,258721,0.0,0.0
2022-12-21,102.0,104.0,94.6500015258789,96.30000305175781,96.30000305175781,103062,0.0,0.0
2022-12-22,94.8499984741211,99.55000305175781,93.80000305175781,96.30000305175781,96.30000305175781,108423,0.0,0.0
2022-12-23,97.0,97.0,90.55000305175781,91.3499984741211,91.3499984741211,71769,0.0,0.0
2022-12-26,91.1500015258789,95.19999694824219,90.75,93.44999694824219,93.44999694824219,91711,0.0,0.0
2022-12-27,94.9000015258789,99.8499984741211,93.30000305175781,94.55000305175781,94.55000305175781,105923,0.0,0.0
2022-12-28,95.0999984741211,100.25,93.69999694824219,98.0999984741211,98.0999984741211,165815,0.0,0.0
2022-12-29,98.69999694824219,98.69999694824219,97.05000305175781,97.55000305175781,97.55000305175781,72726,0.0,0.0
2022-12-30,96.69999694824219,102.0,96.69999694824219,98.1500015258789,98.1500015258789,83522,0.0,0.0
2023-01-02,99.0,99.69999694824219,97.6500015258789,98.3499984741211,98.3499984741211,88285,0.0,0.0
2023-01-03,100.25,103.5,98.3499984741211,100.44999694824219,100.44999694824219,155841,0.0,0.0
2023-01-04,101.30000305175781,101.30000305175781,98.05000305175781,99.9000015258789,99.9000015258789,94897,0.0,0.0
2023-01-05,100.0,100.0,97.19999694824219,99.44999694824219,99.44999694824219,74951,0.0,0.0
2023-01-06,100.0,100.0,96.0,97.05000305175781,97.05000305175781,83695,0.0,0.0
2023-01-09,97.4000015258789,99.6500015258789,96.0,96.5,96.5,91520,0.0,0.0
2023-01-10,96.3499984741211,98.80000305175781,95.5999984741211,96.75,96.75,100073,0.0,0.0
2023-01-11,96.5,98.3499984741211,95.5,96.75,96.75,79173,0.0,0.0
2023-01-12,97.0999984741211,100.94999694824219,96.80000305175781,98.5999984741211,98.5999984741211,90999,0.0,0.0
2023-01-13,99.5,104.9000015258789,97.5999984741211,102.80000305175781,102.80000305175781,192066,0.0,0.0
2023-01-16,103.80000305175781,104.3499984741211,101.0,102.30000305175781,102.30000305175781,88770,0.0,0.0
2023-01-17,102.0,102.75,99.25,99.69999694824219,99.69999694824219,82658,0.0,0.0
2023-01-18,98.0,100.80000305175781,98.0,99.44999694824219,99.44999694824219,77086,0.0,0.0
2023-01-19,98.19999694824219,100.0999984741211,98.19999694824219,98.5999984741211,98.5999984741211,73929,0.0,0.0
2023-01-20,99.9000015258789,100.19999694824219,97.0,97.6500015258789,97.6500015258789,84149,0.0,0.0
2023-01-23,99.55000305175781,99.55000305175781,96.75,97.30000305175781,97.30000305175781,78138,0.0,0.0
2023-01-24,97.55000305175781,99.44999694824219,96.0,97.8499984741211,97.8499984741211,93639,0.0,0.0
2023-01-25,98.0999984741211,98.94999694824219,96.4000015258789,98.55000305175781,98.55000305175781,90352,0.0,0.0
2023-01-27,98.3499984741211,99.0,94.25,95.5,95.5,86119,0.0,0.0
2023-01-30,97.3499984741211,97.9000015258789,93.3499984741211,95.05000305175781,95.05000305175781,89635,0.0,0.0
2023-01-31,95.5,108.0,94.6500015258789,98.55000305175781,98.55000305175781,142747,0.0,0.0
2023-02-01,101.0,101.8499984741211,95.05000305175781,95.9000015258789,95.9000015258789,103464,0.0,0.0
2023-02-02,97.69999694824219,101.69999694824219,94.8499984741211,100.05000305175781,100.05000305175781,105921,0.0,0.0
2023-02-03,100.69999694824219,105.0,96.5,97.3499984741211,97.3499984741211,91389,0.0,0.0
2023-02-06,99.25,102.5999984741211,98.55000305175781,100.5,100.5,98145,0.0,0.0
2023-02-07,101.4000015258789,101.4000015258789,96.55000305175781,98.0,98.0,91898,0.0,0.0
2023-02-08,99.0,99.5,96.0,96.9000015258789,96.9000015258789,77508,0.0,0.0
2023-02-09,96.9000015258789,97.75,96.1500015258789,96.94999694824219,96.94999694824219,81026,0.0,0.0
2023-02-10,95.30000305175781,97.94999694824219,95.30000305175781,96.80000305175781,96.80000305175781,77486,0.0,0.0
2023-02-13,96.05000305175781,98.05000305175781,95.19999694824219,95.4000015258789,95.4000015258789,72250,0.0,0.0
2023-02-14,95.5,96.5999984741211,94.0,95.30000305175781,95.30000305175781,78038,0.0,0.0
2023-02-15,96.05000305175781,96.25,94.19999694824219,95.30000305175781,95.30000305175781,86494,0.0,0.0
2023-02-16,96.30000305175781,96.44999694824219,94.1500015258789,95.1500015258789,95.1500015258789,18510,0.0,0.0
2023-02-17,94.5,96.05000305175781,94.44999694824219,94.8499984741211,94.8499984741211,76234,0.0,0.0
2023-02-20,93.6500015258789,96.05000305175781,92.0,92.8499984741211,92.8499984741211,99782,0.0,0.0
2023-02-21,92.9000015258789,93.55000305175781,90.0,90.69999694824219,90.69999694824219,90799,0.0,0.0
2023-02-22,92.25,92.25,86.0999984741211,87.19999694824219,87.19999694824219,104637,0.0,0.0
2023-02-23,91.0,91.0,84.30000305175781,85.1500015258789,85.1500015258789,100496,0.0,0.0
2023-02-24,85.8499984741211,94.0,84.55000305175781,87.75,87.75,158602,0.0,0.0
2023-02-27,87.44999694824219,87.9000015258789,85.0,85.19999694824219,85.19999694824219,83691,0.0,0.0
2023-02-28,87.5,92.0,85.0,86.0999984741211,86.0999984741211,97589,0.0,0.0
2023-03-01,86.44999694824219,91.5,86.19999694824219,86.69999694824219,86.69999694824219,426549,0.0,0.0
2023-03-02,88.0,89.05000305175781,86.55000305175781,87.19999694824219,87.19999694824219,275010,0.0,0.0
2023-03-03,87.8499984741211,88.44999694824219,86.0999984741211,86.5999984741211,86.5999984741211,97849,0.0,0.0
2023-03-06,89.80000305175781,91.0,85.0999984741211,86.25,86.25,107742,0.0,0.0
2023-03-08,85.9000015258789,86.4000015258789,84.6500015258789,85.55000305175781,85.55000305175781,78899,0.0,0.0
2023-03-09,87.80000305175781,90.80000305175781,85.69999694824219,86.55000305175781,86.55000305175781,129996,0.0,0.0
2023-03-10,86.3499984741211,87.80000305175781,86.05000305175781,86.6500015258789,86.6500015258789,73694,0.0,0.0
2023-03-13,88.0,88.0,85.0,85.3499984741211,85.3499984741211,73134,0.0,0.0
2023-03-14,86.94999694824219,86.94999694824219,85.0,85.25,85.25,72735,0.0,0.0
2023-03-15,85.5,97.0,84.0,85.30000305175781,85.30000305175781,171833,0.0,0.0
2023-03-16,85.55000305175781,86.9000015258789,84.5999984741211,85.0,85.0,78764,0.0,0.0
2023-03-17,86.8499984741211,87.4000015258789,85.30000305175781,86.4000015258789,86.4000015258789,76865,0.0,0.0
2023-03-20,86.1500015258789,86.30000305175781,83.5,83.8499984741211,83.8499984741211,78504,0.0,0.0
2023-03-21,85.5,86.0,84.1500015258789,85.4000015258789,85.4000015258789,80236,0.0,0.0
2023-03-22,86.9000015258789,87.1500015258789,85.0999984741211,86.0,86.0,79788,0.0,0.0
2023-03-23,86.44999694824219,87.1500015258789,84.1500015258789,84.4000015258789,84.4000015258789,74326,0.0,0.0
2023-03-24,84.4000015258789,85.5,82.0,82.94999694824219,82.94999694824219,96063,0.0,0.0
2023-03-27,84.6500015258789,84.6500015258789,82.0,82.44999694824219,82.44999694824219,82364,0.0,0.0
2023-03-28,84.69999694824219,84.69999694824219,80.4000015258789,81.19999694824219,81.19999694824219,90586,0.0,0.0
2023-03-29,80.69999694824219,86.0,80.69999694824219,82.4000015258789,82.4000015258789,77664,0.0,0.0
2023-03-31,84.75,84.8499984741211,81.69999694824219,82.9000015258789,82.9000015258789,88884,0.0,0.0
2023-04-03,84.5999984741211,86.0,82.80000305175781,85.0,85.0,79719,0.0,0.0
2023-04-05,87.44999694824219,87.44999694824219,84.0,84.55000305175781,84.55000305175781,90014,0.0,0.0
2023-04-06,85.25,86.05000305175781,84.75,85.19999694824219,85.19999694824219,84992,0.0,0.0
2023-04-10,86.0,86.0,84.6500015258789,84.9000015258789,84.9000015258789,71681,0.0,0.0
2023-04-11,85.19999694824219,85.8499984741211,84.69999694824219,85.05000305175781,85.05000305175781,118649,0.0,0.0
2023-04-12,85.80000305175781,87.05000305175781,83.9000015258789,85.19999694824219,85.19999694824219,82251,0.0,0.0
2023-04-13,86.05000305175781,87.0,84.6500015258789,85.44999694824219,85.44999694824219,79602,0.0,0.0
2023-04-17,86.19999694824219,89.44999694824219,83.8499984741211,86.4000015258789,86.4000015258789,124928,0.0,0.0
2023-04-18,87.80000305175781,87.80000305175781,85.69999694824219,86.19999694824219,86.19999694824219,98095,0.0,0.0
2023-04-19,86.55000305175781,95.0,86.55000305175781,92.0999984741211,92.0999984741211,163187,0.0,0.0
2023-04-20,92.6500015258789,92.75,88.25,88.75,88.75,81493,0.0,0.0
2023-04-21,88.75,91.94999694824219,88.3499984741211,90.9000015258789,90.9000015258789,80153,0.0,0.0
2023-04-24,91.44999694824219,91.44999694824219,87.19999694824219,89.69999694824219,89.69999694824219,80076,0.0,0.0
2023-04-25,90.05000305175781,90.5999984741211,86.5,87.4000015258789,87.4000015258789,86605,0.0,0.0
2023-04-26,88.94999694824219,89.19999694824219,87.05000305175781,87.9000015258789,87.9000015258789,74233,0.0,0.0
2023-04-27,89.0,89.44999694824219,85.6500015258789,86.3499984741211,86.3499984741211,84579,0.0,0.0
2023-04-28,86.3499984741211,88.0999984741211,86.0,86.94999694824219,86.94999694824219,82511,0.0,0.0
2023-05-02,87.19999694824219,89.6500015258789,87.19999694824219,88.25,88.25,92117,0.0,0.0
2023-05-03,86.25,89.6500015258789,86.25,87.3499984741211,87.3499984741211,77172,0.0,0.0
2023-05-04,87.0,89.55000305175781,87.0,88.30000305175781,88.30000305175781,80412,0.0,0.0
2023-05-05,88.75,90.8499984741211,88.55000305175781,89.44999694824219,89.44999694824219,82609,0.0,0.0
2023-05-08,88.25,92.0,88.25,90.44999694824219,90.44999694824219,100003,0.0,0.0
2023-05-09,92.5,92.5,89.0999984741211,89.30000305175781,89.30000305175781,80260,0.0,0.0
2023-05-10,89.55000305175781,90.6500015258789,88.3499984741211,88.75,88.75,73098,0.0,0.0
2023-05-11,89.0,90.1500015258789,88.1500015258789,88.5999984741211,88.5999984741211,79096,0.0,0.0
2023-05-12,92.0,92.0,87.9000015258789,88.44999694824219,88.44999694824219,79603,0.0,0.0
2023-05-15,91.5,91.5,88.0,88.69999694824219,88.69999694824219,61949,0.0,0.0
2023-05-16,91.44999694824219,91.44999694824219,87.75,88.25,88.25,82558,0.0,0.0
2023-05-17,90.0,90.0,88.0,88.0999984741211,88.0999984741211,80090,0.0,0.0
2023-05-18,90.0,90.0,88.0,88.19999694824219,88.19999694824219,65086,0.0,0.0
2023-05-19,87.0,88.55000305175781,86.0999984741211,87.1500015258789,87.1500015258789,62114,0.0,0.0
2023-05-22,88.69999694824219,88.69999694824219,86.19999694824219,86.80000305175781,86.80000305175781,71214,0.0,0.0
2023-05-23,86.6500015258789,88.25,86.0999984741211,86.75,86.75,67110,0.0,0.0
2023-05-24,88.6500015258789,89.75,86.6500015258789,87.75,87.75,72160,0.0,0.0
2023-05-25,87.30000305175781,88.5999984741211,86.8499984741211,87.75,87.75,70734,0.0,0.0
2023-05-26,87.19999694824219,89.55000305175781,84.30000305175781,85.55000305175781,85.55000305175781,88352,0.0,0.0
2023-05-29,85.0,87.3499984741211,84.0,84.6500015258789,84.6500015258789,104006,0.0,0.0
2023-05-30,84.75,86.8499984741211,84.3499984741211,86.19999694824219,86.19999694824219,62539,0.0,0.0
2023-05-31,87.4000015258789,87.4000015258789,85.05000305175781,85.3499984741211,85.3499984741211,76737,0.0,0.0
2023-06-01,86.4000015258789,87.25,85.6500015258789,87.0999984741211,87.0999984741211,81973,0.0,0.0
2023-06-02,86.5999984741211,88.19999694824219,86.0,87.19999694824219,87.19999694824219,68122,0.0,0.0
2023-06-05,89.44999694824219,90.30000305175781,88.0999984741211,89.5999984741211,89.5999984741211,72421,0.0,0.0
2023-06-06,90.55000305175781,90.5999984741211,88.0,88.1500015258789,88.1500015258789,76131,0.0,0.0
2023-06-07,89.25,90.0999984741211,87.5,88.1500015258789,88.1500015258789,67327,0.0,0.0
2023-06-08,90.0,90.0,86.80000305175781,87.94999694824219,87.94999694824219,67838,0.0,0.0
2023-06-09,87.0,88.5999984741211,86.44999694824219,87.4000015258789,87.4000015258789,61958,0.0,0.0
2023-06-12,87.4000015258789,93.44999694824219,87.0,91.4000015258789,91.4000015258789,120814,0.0,0.0
2023-06-13,92.0,93.19999694824219,89.5,90.5999984741211,90.5999984741211,87267,0.0,0.0
2023-06-14,91.0,91.0,89.1500015258789,89.44999694824219,89.44999694824219,84105,0.0,0.0
2023-06-15,90.30000305175781,90.30000305175781,87.5,87.75,87.75,73596,0.0,0.0
2023-06-16,87.94999694824219,91.0999984741211,87.30000305175781,87.94999694824219,87.94999694824219,118997,0.0,0.0
2023-06-19,89.0,90.55000305175781,87.75,89.19999694824219,89.19999694824219,138551,0.0,0.0
2023-06-20,90.9000015258789,97.80000305175781,90.5,97.25,97.25,216623,0.0,0.0
2023-06-21,99.8499984741211,99.8499984741211,93.0999984741211,94.25,94.25,156358,0.0,0.0
2023-06-22,95.30000305175781,96.9000015258789,92.80000305175781,93.3499984741211,93.3499984741211,95857,0.0,0.0
2023-06-23,92.19999694824219,95.0,91.05000305175781,93.25,93.25,70465,0.0,0.0
2023-06-26,94.19999694824219,97.19999694824219,91.5,96.44999694824219,96.44999694824219,113894,0.0,0.0
2023-06-27,95.5,97.9000015258789,95.5,96.9000015258789,96.9000015258789,54812,0.0,0.0
2023-06-28,97.9000015258789,98.55000305175781,95.05000305175781,95.69999694824219,95.69999694824219,76116,0.0,0.0
2023-06-30,97.0,114.80000305175781,96.9000015258789,110.9000015258789,110.9000015258789,2013828,0.0,0.0
2023-07-03,110.30000305175781,110.30000305175781,106.0,109.0,109.0,350763,0.0,0.0
2023-07-04,109.44999694824219,110.0,104.5,105.69999694824219,105.69999694824219,156010,0.0,0.0
2023-07-05,106.75,111.4000015258789,105.0,108.0,108.0,165675,0.0,0.0
2023-07-06,109.0999984741211,111.80000305175781,101.0999984741211,102.3499984741211,102.3499984741211,332802,0.0,0.0
2023-07-07,102.8499984741211,106.4000015258789,101.55000305175781,103.5999984741211,103.5999984741211,205646,0.0,0.0
2023-07-10,104.9000015258789,105.30000305175781,102.75,103.5,103.5,105718,0.0,0.0
2023-07-11,104.30000305175781,108.0,103.5999984741211,105.5999984741211,105.5999984741211,217379,0.0,0.0
2023-07-12,106.0,107.69999694824219,101.05000305175781,101.5,101.5,241516,0.0,0.0
2023-07-13,102.80000305175781,103.75,99.5,100.55000305175781,100.55000305175781,198893,0.0,0.0
2023-07-14,101.55000305175781,102.80000305175781,99.9000015258789,100.75,100.75,143606,0.0,0.0
2023-07-17,101.6500015258789,102.69999694824219,100.0999984741211,100.5,100.5,81283,0.0,0.0
2023-07-18,100.5999984741211,101.5,99.5,99.94999694824219,99.94999694824219,92588,0.0,0.0
2023-07-19,99.05000305175781,101.5,98.1500015258789,99.0,99.0,115134,0.0,0.0
2023-07-20,99.80000305175781,99.80000305175781,96.05000305175781,97.05000305175781,97.05000305175781,110143,0.0,0.0
2023-07-21,97.0,102.0,96.5999984741211,100.94999694824219,100.94999694824219,119700,0.0,0.0
2023-07-24,103.0,106.19999694824219,101.80000305175781,102.4000015258789,102.4000015258789,277282,0.0,0.0
2023-07-25,103.80000305175781,103.80000305175781,100.05000305175781,101.1500015258789,101.1500015258789,93017,0.0,0.0
2023-07-26,101.94999694824219,102.55000305175781,99.5,100.44999694824219,100.44999694824219,96797,0.0,0.0
2023-07-27,101.0999984741211,102.0,99.0,99.9000015258789,99.9000015258789,65676,0.0,0.0
2023-07-28,100.75,101.5,99.30000305175781,99.75,99.75,90609,0.0,0.0
2023-07-31,100.55000305175781,102.44999694824219,99.4000015258789,100.1500015258789,100.1500015258789,133761,0.0,0.0
2023-08-01,100.94999694824219,101.0,99.5,99.8499984741211,99.8499984741211,66942,0.0,0.0
2023-08-02,100.6500015258789,100.6500015258789,96.94999694824219,97.5999984741211,97.5999984741211,95186,0.0,0.0
2023-08-03,98.75,99.0,96.69999694824219,98.30000305175781,98.30000305175781,84992,0.0,0.0
2023-08-04,98.6500015258789,102.30000305175781,98.6500015258789,100.69999694824219,100.69999694824219,115470,0.0,0.0
2023-08-07,101.5999984741211,102.0,99.0,99.19999694824219,99.19999694824219,97995,0.0,0.0
2023-08-08,100.55000305175781,102.0,98.44999694824219,100.5999984741211,100.5999984741211,122237,0.0,0.0
2023-08-09,101.9000015258789,103.9000015258789,99.55000305175781,99.80000305175781,99.80000305175781,176581,0.0,0.0
2023-08-10,100.6500015258789,102.80000305175781,98.94999694824219,99.25,99.25,88829,0.0,0.0
2023-08-11,97.0,99.55000305175781,96.0,96.75,96.75,120384,0.0,0.0
2023-08-14,96.0,97.44999694824219,93.0,95.0,95.0,111457,0.0,0.0
2023-08-16,95.0,99.0,94.0999984741211,97.8499984741211,97.8499984741211,99655,0.0,0.0
2023-08-17,99.0,100.5,96.05000305175781,97.80000305175781,97.80000305175781,97125,0.0,0.0
2023-08-18,97.5,99.05000305175781,96.6500015258789,97.3499984741211,97.3499984741211,88383,0.0,0.0
2023-08-21,98.19999694824219,98.8499984741211,96.69999694824219,97.05000305175781,97.05000305175781,87760,0.0,0.0
2023-08-22,98.0,98.0,95.0,96.0,96.0,93398,0.0,0.0
2023-08-23,96.5999984741211,97.30000305175781,95.19999694824219,95.5,95.5,101542,0.0,0.0
2023-08-24,96.0999984741211,96.0999984741211,94.0,94.80000305175781,94.80000305175781,96327,0.0,0.0
2023-08-25,94.05000305175781,98.55000305175781,94.0,97.30000305175781,97.30000305175781,122636,0.0,0.0
2023-08-28,100.0,101.25,94.25,96.4000015258789,96.4000015258789,422547,0.0,0.0
2023-08-29,97.05000305175781,98.30000305175781,95.75,96.69999694824219,96.69999694824219,125442,0.0,0.0
2023-08-30,97.30000305175781,99.19999694824219,95.5,96.9000015258789,96.9000015258789,95985,0.0,0.0
2023-08-31,97.55000305175781,107.80000305175781,97.5,106.25,106.25,1290243,0.0,0.0
2023-09-01,107.4000015258789,107.44999694824219,99.9000015258789,102.6500015258789,102.6500015258789,312928,0.0,0.0
2023-09-04,103.94999694824219,105.55000305175781,101.94999694824219,102.75,102.75,256366,0.0,0.0
2023-09-05,103.0,104.0999984741211,100.69999694824219,102.5,102.5,133554,0.0,0.0
2023-09-06,102.8499984741211,119.30000305175781,102.8499984741211,113.9000015258789,113.9000015258789,2628657,0.0,0.0
2023-09-07,116.4000015258789,118.5,113.5999984741211,114.3499984741211,114.3499984741211,698836,0.0,0.0
2023-09-08,114.3499984741211,115.0,110.0999984741211,110.69999694824219,110.69999694824219,301760,0.0,0.0
2023-09-11,113.9000015258789,116.3499984741211,109.80000305175781,113.8499984741211,113.8499984741211,443676,0.0,0.0
2023-09-12,114.6500015258789,114.6500015258789,104.9000015258789,105.55000305175781,105.55000305175781,259778,0.0,0.0
2023-09-13,107.1500015258789,109.5,105.0,108.0999984741211,108.0999984741211,171807,0.0,0.0
2023-09-14,108.30000305175781,110.4000015258789,106.05000305175781,106.44999694824219,106.44999694824219,106643,0.0,0.0
2023-09-15,107.19999694824219,111.0,105.55000305175781,106.69999694824219,106.69999694824219,109375,0.0,0.0
2023-09-18,106.69999694824219,108.0999984741211,103.44999694824219,104.69999694824219,104.69999694824219,107662,0.0,0.0
2023-09-20,105.5,108.9000015258789,103.19999694824219,104.5,104.5,111650,0.0,0.0
2023-09-21,104.3499984741211,107.25,104.3499984741211,106.25,106.25,90917,0.0,0.0
2023-09-22,106.0,109.55000305175781,104.5999984741211,108.75,108.75,139618,0.0,0.0
2023-09-25,109.80000305175781,109.94999694824219,106.30000305175781,106.94999694824219,106.94999694824219,58152,0.0,0.0
2023-09-26,105.9000015258789,109.8499984741211,105.9000015258789,107.19999694824219,107.19999694824219,55571,0.0,0.0
2023-09-27,107.80000305175781,110.05000305175781,105.80000305175781,106.4000015258789,106.4000015258789,100289,0.0,0.0
2023-09-28,107.30000305175781,107.4000015258789,104.0999984741211,104.6500015258789,104.6500015258789,78689,0.0,0.0
2023-09-29,105.0999984741211,106.75,104.25,104.6500015258789,104.6500015258789,94057,0.0,0.0
2023-10-03,105.0,107.75,104.19999694824219,104.9000015258789,104.9000015258789,127704,0.0,0.0
2023-10-04,104.9000015258789,106.30000305175781,101.0999984741211,102.1500015258789,102.1500015258789,168796,0.0,0.0
2023-10-05,103.30000305175781,105.94999694824219,103.0999984741211,104.1500015258789,104.1500015258789,117446,0.0,0.0
2023-10-06,105.3499984741211,107.44999694824219,103.80000305175781,106.5,106.5,121946,0.0,0.0
2023-10-09,106.0,106.0,103.44999694824219,103.94999694824219,103.94999694824219,67875,0.0,0.0
2023-10-10,103.0,107.1500015258789,103.0,106.19999694824219,106.19999694824219,85929,0.0,0.0
2023-10-11,106.3499984741211,108.44999694824219,106.25,107.75,107.75,88558,0.0,0.0
2023-10-12,108.69999694824219,109.0,105.5,106.0,106.0,79900,0.0,0.0
2023-10-13,106.0,110.0,105.0,107.9000015258789,107.9000015258789,163658,0.0,0.0
2023-10-16,108.0,113.9000015258789,107.9000015258789,112.0,112.0,411637,0.0,0.0
2023-10-17,114.0,116.0,112.0,112.8499984741211,112.8499984741211,290690,0.0,0.0
2023-10-18,117.44999694824219,127.0,115.44999694824219,123.9000015258789,123.9000015258789,2192878,0.0,0.0
2023-10-19,126.5,131.89999389648438,124.0999984741211,128.5500030517578,128.5500030517578,2075203,0.0,0.0
2023-10-20,128.0,130.85000610351562,122.9000015258789,124.05000305175781,124.05000305175781,788737,0.0,0.0
2023-10-23,125.05000305175781,127.0,110.4000015258789,113.19999694824219,113.19999694824219,472461,0.0,0.0
2023-10-25,115.5,119.5,113.5,116.55000305175781,116.55000305175781,510360,0.0,0.0
2023-10-26,116.55000305175781,117.44999694824219,109.30000305175781,114.94999694824219,114.94999694824219,405199,0.0,0.0
2023-10-27,117.0,120.80000305175781,114.5,115.5999984741211,115.5999984741211,218413,0.0,0.0
2023-10-30,115.5999984741211,118.5,114.30000305175781,115.94999694824219,115.94999694824219,154177,0.0,0.0
2023-10-31,115.5,118.4000015258789,113.0,114.05000305175781,114.05000305175781,177452,0.0,0.0
2023-11-01,114.69999694824219,118.19999694824219,111.80000305175781,116.75,116.75,329305,0.0,0.0
2023-11-02,118.5,121.5999984741211,114.4000015258789,115.0999984741211,115.0999984741211,250404,0.0,0.0
2023-11-03,116.25,116.94999694824219,113.5,114.0999984741211,114.0999984741211,144362,0.0,0.0
2023-11-06,114.0999984741211,118.5,114.0999984741211,117.8499984741211,117.8499984741211,266593,0.0,0.0
2023-11-07,118.8499984741211,118.9000015258789,114.5,115.8499984741211,115.8499984741211,102158,0.0,0.0
2023-11-08,116.55000305175781,117.19999694824219,110.1500015258789,112.0999984741211,112.0999984741211,213843,0.0,0.0
2023-11-09,112.25,114.69999694824219,111.55000305175781,112.19999694824219,112.19999694824219,118429,0.0,0.0
2023-11-10,106.0,108.0,99.0,102.4000015258789,102.4000015258789,804143,0.0,0.0
2023-11-13,104.3499984741211,104.3499984741211,101.0,101.44999694824219,101.44999694824219,138070,0.0,0.0
2023-11-15,102.25,104.5999984741211,100.4000015258789,102.25,102.25,256647,0.0,0.0
2023-11-16,102.6500015258789,105.5,102.25,104.25,104.25,146802,0.0,0.0
2023-11-17,104.25,105.19999694824219,101.5,102.19999694824219,102.19999694824219,180076,0.0,0.0
2023-11-20,102.5,103.3499984741211,98.69999694824219,99.25,99.25,263689,0.0,0.0
2023-11-21,99.3499984741211,102.94999694824219,99.3499984741211,100.55000305175781,100.55000305175781,180126,0.0,0.0
2023-11-22,100.80000305175781,102.19999694824219,99.3499984741211,100.0999984741211,100.0999984741211,154752,0.0,0.0
2023-11-23,100.05000305175781,102.19999694824219,99.9000015258789,101.0999984741211,101.0999984741211,87584,0.0,0.0
2023-11-24,101.8499984741211,102.55000305175781,96.80000305175781,99.19999694824219,99.19999694824219,110104,0.0,0.0
2023-11-28,99.5,101.8499984741211,98.05000305175781,99.55000305175781,99.55000305175781,162437,0.0,0.0
2023-11-29,100.0,101.05000305175781,99.0999984741211,100.0,100.0,98467,0.0,0.0
2023-11-30,100.44999694824219,101.1500015258789,99.44999694824219,100.05000305175781,100.05000305175781,92488,0.0,0.0
2023-12-01,100.44999694824219,101.0999984741211,99.94999694824219,100.69999694824219,100.69999694824219,58398,0.0,0.0
2023-12-04,101.3499984741211,101.44999694824219,99.19999694824219,99.55000305175781,99.55000305175781,98015,0.0,0.0
2023-12-05,100.05000305175781,100.3499984741211,97.25,97.75,97.75,136316,0.0,0.0
2023-12-06,100.0,100.05000305175781,96.9000015258789,97.55000305175781,97.55000305175781,132568,0.0,0.0
2023-12-07,97.5999984741211,100.0,97.0,99.05000305175781,99.05000305175781,98584,0.0,0.0
2023-12-08,100.25,100.3499984741211,97.5,98.75,98.75,90762,0.0,0.0
2023-12-11,99.0,100.3499984741211,98.4000015258789,98.9000015258789,98.9000015258789,45710,0.0,0.0
2023-12-12,99.0,99.44999694824219,98.0,98.3499984741211,98.3499984741211,60856,0.0,0.0
2023-12-13,98.8499984741211,99.1500015258789,98.0999984741211,98.44999694824219,98.44999694824219,63358,0.0,0.0
2023-12-14,99.3499984741211,101.3499984741211,98.25,100.25,100.25,172682,0.0,0.0
2023-12-15,100.0,104.94999694824219,99.5,101.4000015258789,101.4000015258789,469776,0.0,0.0
2023-12-18,102.5,111.55000305175781,102.5,105.5,105.5,630925,0.0,0.0
2023-12-19,106.1500015258789,107.80000305175781,104.4000015258789,106.05000305175781,106.05000305175781,251885,0.0,0.0
2023-12-20,106.55000305175781,109.9000015258789,103.0,103.80000305175781,103.80000305175781,396005,0.0,0.0
2023-12-21,102.0,106.94999694824219,100.19999694824219,104.25,104.25,160485,0.0,0.0
2023-12-22,105.5,109.19999694824219,105.1500015258789,106.0999984741211,106.0999984741211,165133,0.0,0.0
2023-12-26,106.05000305175781,109.19999694824219,105.0,105.6500015258789,105.6500015258789,135546,0.0,0.0
2023-12-27,106.3499984741211,107.6500015258789,102.80000305175781,103.5,103.5,69270,0.0,0.0
2023-12-28,103.5,106.25,101.1500015258789,102.30000305175781,102.30000305175781,96993,0.0,0.0
2023-12-29,102.69999694824219,105.0,102.3499984741211,103.0999984741211,103.0999984741211,80825,0.0,0.0
2024-01-01,104.55000305175781,105.0,103.05000305175781,103.94999694824219,103.94999694824219,46191,0.0,0.0
2024-01-02,104.80000305175781,104.80000305175781,101.69999694824219,103.3499984741211,103.3499984741211,76949,0.0,0.0
2024-01-03,104.4000015258789,104.69999694824219,103.1500015258789,103.44999694824219,103.44999694824219,91953,0.0,0.0
2024-01-04,104.19999694824219,114.0,103.5,113.0999984741211,113.0999984741211,2069441,0.0,0.0
2024-01-05,114.44999694824219,115.5,108.69999694824219,109.69999694824219,109.69999694824219,547360,0.0,0.0
2024-01-08,110.5,110.5,105.05000305175781,105.5999984741211,105.5999984741211,217761,0.0,0.0
2024-01-09,106.9000015258789,115.6500015258789,106.9000015258789,110.6500015258789,110.6500015258789,1317370,0.0,0.0
2024-01-10,112.0,113.69999694824219,108.05000305175781,109.3499984741211,109.3499984741211,380263,0.0,0.0
2024-01-11,109.8499984741211,111.3499984741211,107.3499984741211,108.75,108.75,247175,0.0,0.0
2024-01-12,108.75,115.75,108.75,113.94999694824219,113.94999694824219,591998,0.0,0.0
2024-01-15,114.5,116.25,112.0,112.5999984741211,112.5999984741211,148067,0.0,0.0
2024-01-16,114.30000305175781,114.30000305175781,110.0999984741211,112.30000305175781,112.30000305175781,182587,0.0,0.0
2024-01-17,111.0,113.44999694824219,108.80000305175781,110.0999984741211,110.0999984741211,147077,0.0,0.0
2024-01-18,110.0999984741211,119.0,110.0999984741211,118.4000015258789,118.4000015258789,1122413,0.0,0.0
2024-01-19,120.0,122.0,116.30000305175781,117.25,117.25,396525,0.0,0.0
2024-01-23,118.0,118.8499984741211,110.0999984741211,111.6500015258789,111.6500015258789,209356,0.0,0.0
2024-01-24,110.05000305175781,116.5999984741211,110.05000305175781,114.4000015258789,114.4000015258789,233505,0.0,0.0
2024-01-25,113.6500015258789,116.8499984741211,113.6500015258789,115.75,115.75,142286,0.0,0.0
2024-01-29,116.8499984741211,117.3499984741211,112.0,113.6500015258789,113.6500015258789,125522,0.0,0.0
2024-01-30,114.0,116.8499984741211,112.80000305175781,114.3499984741211,114.3499984741211,152877,0.0,0.0
2024-01-31,115.19999694824219,116.4000015258789,113.44999694824219,114.1500015258789,114.1500015258789,162909,0.0,0.0
2024-02-01,114.80000305175781,116.3499984741211,112.80000305175781,113.6500015258789,113.6500015258789,112485,0.0,0.0
2024-02-02,115.8499984741211,119.30000305175781,112.5,114.4000015258789,114.4000015258789,260118,0.0,0.0
2024-02-05,115.0,116.5999984741211,110.5,110.94999694824219,110.94999694824219,154463,0.0,0.0
2024-02-06,111.5,115.5999984741211,111.44999694824219,112.5999984741211,112.5999984741211,132906,0.0,0.0
2024-02-07,115.25,116.5,112.25,113.69999694824219,113.69999694824219,104959,0.0,0.0
2024-02-08,114.4000015258789,114.9000015258789,111.5,112.80000305175781,112.80000305175781,70663,0.0,0.0
2024-02-09,113.5999984741211,114.25,109.3499984741211,110.80000305175781,110.80000305175781,111352,0.0,0.0
2024-02-12,111.0999984741211,114.8499984741211,106.6500015258789,110.30000305175781,110.30000305175781,108276,0.0,0.0
2024-02-13,108.05000305175781,111.5,101.30000305175781,108.94999694824219,108.94999694824219,226102,0.0,0.0
2024-02-14,109.44999694824219,114.0,108.94999694824219,112.5999984741211,112.5999984741211,162678,0.0,0.0
2024-02-15,113.4000015258789,123.5,113.4000015258789,119.5999984741211,119.5999984741211,739009,0.0,0.0
2024-02-16,119.5,121.25,115.44999694824219,117.3499984741211,117.3499984741211,174291,0.0,0.0
2024-02-19,120.0,120.0,114.55000305175781,115.3499984741211,115.3499984741211,118073,0.0,0.0
2024-02-20,115.4000015258789,117.75,113.0,114.3499984741211,114.3499984741211,132737,0.0,0.0
2024-02-21,114.94999694824219,135.89999389648438,114.44999694824219,133.64999389648438,133.64999389648438,6795599,0.0,0.0
2024-02-22,137.0,146.35000610351562,134.5,136.8000030517578,136.8000030517578,5122081,0.0,0.0
2024-02-23,140.0,141.64999389648438,133.10000610351562,135.5500030517578,135.5500030517578,811051,0.0,0.0
2024-02-26,137.60000610351562,137.60000610351562,132.35000610351562,134.14999389648438,134.14999389648438,284041,0.0,0.0
2024-02-27,135.39999389648438,142.0,132.3000030517578,136.64999389648438,136.64999389648438,597573,0.0,0.0
2024-02-28,136.64999389648438,137.6999969482422,130.3000030517578,131.5500030517578,131.5500030517578,308517,0.0,0.0
2024-02-29,132.8000030517578,135.0,128.1999969482422,132.5500030517578,132.5500030517578,240632,0.0,0.0
2024-03-01,132.5500030517578,133.75,130.5500030517578,131.14999389648438,131.14999389648438,100268,0.0,0.0
2024-03-04,130.64999389648438,134.9499969482422,128.39999389648438,129.0500030517578,129.0500030517578,199805,0.0,0.0
2024-03-05,130.14999389648438,130.64999389648438,124.1500015258789,125.9000015258789,125.9000015258789,191174,0.0,0.0
2024-03-06,125.9000015258789,127.0999984741211,119.80000305175781,122.8499984741211,122.8499984741211,175838,0.0,0.0
2024-03-07,124.69999694824219,125.8499984741211,122.0,123.9000015258789,123.9000015258789,88580,0.0,0.0
2024-03-11,125.6500015258789,125.6500015258789,115.19999694824219,117.0999984741211,117.0999984741211,126425,0.0,0.0
2024-03-12,117.4000015258789,117.94999694824219,111.8499984741211,113.4000015258789,113.4000015258789,254355,0.0,0.0
2024-03-13,113.0,115.8499984741211,102.05000305175781,104.55000305175781,104.55000305175781,345206,0.0,0.0
2024-03-14,103.0,114.05000305175781,102.55000305175781,110.9000015258789,110.9000015258789,183118,0.0,0.0
2024-03-15,111.0,114.1500015258789,107.19999694824219,109.5,109.5,160068,0.0,0.0
2024-03-18,109.5,111.05000305175781,106.0,106.6500015258789,106.6500015258789,150270,0.0,0.0
2024-03-19,106.69999694824219,109.55000305175781,105.19999694824219,107.1500015258789,107.1500015258789,116134,0.0,0.0
2024-03-20,106.05000305175781,112.94999694824219,104.0999984741211,109.69999694824219,109.69999694824219,135965,0.0,0.0
2024-03-21,109.75,111.8499984741211,106.94999694824219,108.5,108.5,130289,0.0,0.0
2024-03-22,109.05000305175781,111.1500015258789,106.55000305175781,107.5,107.5,208531,0.0,0.0
2024-03-26,107.5,108.44999694824219,100.19999694824219,102.6500015258789,102.6500015258789,441019,0.0,0.0
2024-03-27,104.0,104.5,97.5,98.4000015258789,98.4000015258789,509904,0.0,0.0
2024-03-28,98.55000305175781,100.3499984741211,98.5,99.8499984741211,99.8499984741211,228005,0.0,0.0
2024-04-01,100.4000015258789,107.0,98.8499984741211,105.75,105.75,355365,0.0,0.0
2024-04-02,106.25,114.75,105.05000305175781,112.5,112.5,417936,0.0,0.0
2024-04-03,112.44999694824219,117.5,111.4000015258789,114.69999694824219,114.69999694824219,246762,0.0,0.0
2024-04-04,115.44999694824219,119.4000015258789,114.0,118.69999694824219,118.69999694824219,220200,0.0,0.0
2024-04-05,118.5,118.94999694824219,114.0999984741211,116.8499984741211,116.8499984741211,147409,0.0,0.0
2024-04-08,118.5999984741211,122.0,115.55000305175781,116.4000015258789,116.4000015258789,205349,0.0,0.0
2024-04-09,117.0,118.05000305175781,113.75,115.5999984741211,115.5999984741211,133685,0.0,0.0
2024-04-10,115.94999694824219,121.4000015258789,114.75,118.4000015258789,118.4000015258789,149385,0.0,0.0
2024-04-12,118.0,120.0,115.8499984741211,116.80000305175781,116.80000305175781,95236,0.0,0.0
2024-04-15,115.0,116.5,111.0,111.9000015258789,111.9000015258789,171011,0.0,0.0
2024-04-16,111.05000305175781,118.1500015258789,111.05000305175781,116.3499984741211,116.3499984741211,177692,0.0,0.0
2024-04-18,115.6500015258789,119.9000015258789,115.4000015258789,117.0,117.0,168299,0.0,0.0
2024-04-19,115.80000305175781,118.0,114.6500015258789,114.9000015258789,114.9000015258789,119105,0.0,0.0
2024-04-22,116.0,120.0,115.1500015258789,115.8499984741211,115.8499984741211,148875,0.0,0.0
2024-04-23,116.0,118.3499984741211,114.19999694824219,114.9000015258789,114.9000015258789,86811,0.0,0.0
2024-04-24,115.5,117.30000305175781,112.3499984741211,114.44999694824219,114.44999694824219,83447,0.0,0.0
2024-04-25,114.5999984741211,116.0999984741211,112.19999694824219,113.4000015258789,113.4000015258789,96760,0.0,0.0
2024-04-26,113.6500015258789,114.9000015258789,112.55000305175781,113.19999694824219,113.19999694824219,77671,0.0,0.0
2024-04-29,113.19999694824219,115.5,110.1500015258789,111.55000305175781,111.55000305175781,102052,0.0,0.0
2024-04-30,111.5,113.1500015258789,110.0,111.0999984741211,111.0999984741211,71822,0.0,0.0
2024-05-02,111.0999984741211,113.44999694824219,110.5,111.9000015258789,111.9000015258789,73611,0.0,0.0
2024-05-03,111.9000015258789,113.0,110.75,111.69999694824219,111.69999694824219,70697,0.0,0.0
2024-05-06,113.25,113.25,107.1500015258789,108.05000305175781,108.05000305175781,75082,0.0,0.0
2024-05-07,109.1500015258789,109.1500015258789,104.4000015258789,107.1500015258789,107.1500015258789,76740,0.0,0.0
2024-05-08,107.0999984741211,108.0999984741211,103.5,104.6500015258789,104.6500015258789,70224,0.0,0.0
2024-05-09,104.6500015258789,106.9000015258789,102.0,102.69999694824219,102.69999694824219,73699,0.0,0.0
2024-05-10,102.69999694824219,105.1500015258789,101.94999694824219,103.4000015258789,103.4000015258789,94116,0.0,0.0
2024-05-13,103.6500015258789,104.5,100.94999694824219,102.75,102.75,71904,0.0,0.0
2024-05-14,103.5,105.6500015258789,102.94999694824219,105.1500015258789,105.1500015258789,38979,0.0,0.0
2024-05-15,105.4000015258789,108.0,105.0,105.69999694824219,105.69999694824219,66230,0.0,0.0
2024-05-16,105.69999694824219,106.6500015258789,104.0999984741211,105.0,105.0,80729,0.0,0.0
2024-05-17,105.1500015258789,109.0,105.0,105.3499984741211,105.3499984741211,115748,0.0,0.0
2024-05-21,106.6500015258789,108.19999694824219,105.25,106.5,106.5,55443,0.0,0.0
2024-05-22,107.44999694824219,107.44999694824219,105.0999984741211,105.3499984741211,105.3499984741211,49933,0.0,0.0
2024-05-23,106.80000305175781,106.80000305175781,101.6500015258789,103.69999694824219,103.69999694824219,84732,0.0,0.0
2024-05-24,104.94999694824219,106.5999984741211,101.8499984741211,102.80000305175781,102.80000305175781,79609,0.0,0.0
2024-05-27,102.80000305175781,103.75,101.5,102.0,102.0,83577,0.0,0.0
2024-05-28,103.0,103.5999984741211,101.0999984741211,101.69999694824219,101.69999694824219,74531,0.0,0.0
2024-05-29,103.1500015258789,103.94999694824219,101.0,101.5999984741211,101.5999984741211,93607,0.0,0.0
2024-05-30,103.0,103.0,94.5,97.55000305175781,97.55000305175781,331849,0.0,0.0
2024-05-31,98.9000015258789,104.0,98.9000015258789,103.05000305175781,103.05000305175781,135182,0.0,0.0
2024-06-03,105.0,106.80000305175781,103.1500015258789,105.5,105.5,177822,0.0,0.0
2024-06-04,105.5,105.5,95.0999984741211,101.5999984741211,101.5999984741211,173908,0.0,0.0
2024-06-05,101.44999694824219,104.0,97.8499984741211,102.80000305175781,102.80000305175781,96226,0.0,0.0
2024-06-06,102.9000015258789,107.19999694824219,102.75,105.05000305175781,105.05000305175781,147222,0.0,0.0
2024-06-07,104.0,107.55000305175781,104.0,105.3499984741211,105.3499984741211,144228,0.0,0.0
2024-06-10,106.0999984741211,107.0,105.02999877929688,106.26000213623047,106.26000213623047,55189,0.0,0.0
2024-06-11,106.30000305175781,107.83999633789062,104.3499984741211,105.80000305175781,105.80000305175781,98730,0.0,0.0
2024-06-12,106.0999984741211,106.9000015258789,103.05000305175781,104.12999725341797,104.12999725341797,79267,0.0,0.0
2024-06-13,104.12999725341797,105.7699966430664,104.12999725341797,105.02999877929688,105.02999877929688,87755,0.0,0.0
2024-06-14,105.44999694824219,107.6500015258789,105.11000061035156,106.91000366210938,106.91000366210938,120778,0.0,0.0
2024-06-18,107.6500015258789,109.0,105.05000305175781,106.36000061035156,106.36000061035156,109193,0.0,0.0
2024-06-19,106.80000305175781,108.80000305175781,104.91000366210938,105.30000305175781,105.30000305175781,146655,0.0,0.0
2024-06-20,105.97000122070312,107.5999984741211,104.0999984741211,104.61000061035156,104.61000061035156,136411,0.0,0.0
2024-06-21,104.9000015258789,105.83999633789062,102.19999694824219,104.55999755859375,104.55999755859375,146384,0.0,0.0
2024-06-24,104.98999786376953,106.0,103.37000274658203,104.4000015258789,104.4000015258789,70331,0.0,0.0
2024-06-25,104.5,106.55000305175781,103.11000061035156,104.05000305175781,104.05000305175781,82476,0.0,0.0
2024-06-26,104.69999694824219,104.69999694824219,102.3499984741211,102.9800033569336,102.9800033569336,73843,0.0,0.0
2024-06-27,103.05000305175781,103.83999633789062,101.2699966430664,101.98999786376953,101.98999786376953,94107,0.0,0.0
2024-06-28,101.1500015258789,102.95999908447266,100.94999694824219,101.41999816894531,101.41999816894531,85480,0.0,0.0
2024-07-01,101.0,104.2699966430664,100.81999969482422,103.41000366210938,103.41000366210938,103327,0.0,0.0
2024-07-02,103.9000015258789,108.0,103.01000213623047,106.16999816894531,106.16999816894531,204510,0.0,0.0
2024-07-03,106.5,107.30999755859375,104.8499984741211,106.26000213623047,106.26000213623047,120066,0.0,0.0
2024-07-04,106.4800033569336,109.29000091552734,104.5,105.27999877929688,105.27999877929688,153625,0.0,0.0
2024-07-05,106.02999877929688,106.02999877929688,103.5999984741211,104.76000213623047,104.76000213623047,73370,0.0,0.0
2024-07-08,104.69999694824219,105.80000305175781,102.63999938964844,102.95999908447266,102.95999908447266,80073,0.0,0.0
2024-07-09,102.95999908447266,104.41000366210938,101.51000213623047,102.37999725341797,102.37999725341797,62731,0.0,0.0
2024-07-10,102.5999984741211,103.4000015258789,100.5,101.4000015258789,101.4000015258789,188734,0.0,0.0
2024-07-11,102.12000274658203,106.0,100.0,101.04000091552734,101.04000091552734,320507,0.0,0.0
2024-07-12,101.5999984741211,102.98999786376953,99.41000366210938,99.45999908447266,99.45999908447266,227435,0.0,0.0
2024-07-15,99.5999984741211,100.12999725341797,97.27999877929688,97.88999938964844,97.88999938964844,175100,0.0,0.0
2024-07-16,98.58000183105469,102.4000015258789,98.4800033569336,99.11000061035156,99.11000061035156,204003,0.0,0.0
2024-07-18,99.3499984741211,100.29000091552734,97.9000015258789,99.7699966430664,99.7699966430664,133188,0.0,0.0
2024-07-19,99.27999877929688,99.66000366210938,97.0999984741211,98.0199966430664,98.0199966430664,109024,0.0,0.0
2024-07-22,98.1500015258789,101.0,97.61000061035156,98.86000061035156,98.86000061035156,202172,0.0,0.0
2024-07-23,99.0,100.94000244140625,95.12000274658203,99.16999816894531,99.16999816894531,251301,0.0,0.0
2024-07-24,100.9000015258789,105.06999969482422,99.16999816894531,101.73999786376953,101.73999786376953,699597,0.0,0.0
2024-07-25,101.73999786376953,102.79000091552734,99.01000213623047,99.97000122070312,99.97000122070312,204584,0.0,0.0
2024-07-26,100.0,101.6500015258789,98.55000305175781,99.30000305175781,99.30000305175781,206281,0.0,0.0
2024-07-29,100.25,100.7300033569336,98.0,98.66000366210938,98.66000366210938,234918,0.0,0.0
2024-07-30,98.66000366210938,99.9000015258789,98.0999984741211,98.8499984741211,98.8499984741211,88794,0.0,0.0
2024-07-31,99.4000015258789,99.66000366210938,98.11000061035156,98.58999633789062,98.58999633789062,100756,0.0,0.0
2024-08-01,98.83000183105469,99.2699966430664,97.1500015258789,97.58000183105469,97.58000183105469,175844,0.0,0.0
2024-08-02,97.58000183105469,97.58000183105469,95.69999694824219,96.5999984741211,96.5999984741211,183001,0.0,0.0
2024-08-05,95.01000213623047,95.98999786376953,92.27999877929688,92.56999969482422,92.56999969482422,172607,0.0,0.0
2024-08-06,93.94999694824219,95.48999786376953,88.26000213623047,89.30000305175781,89.30000305175781,305966,0.0,0.0
2024-08-07,89.80000305175781,92.94999694824219,87.4000015258789,92.4800033569336,92.4800033569336,382778,0.0,0.0
2024-08-08,93.5,95.0,89.79000091552734,92.36000061035156,92.36000061035156,367144,0.0,0.0
2024-08-09,92.36000061035156,92.69999694824219,89.51000213623047,91.63999938964844,91.63999938964844,272985,0.0,0.0
2024-08-12,91.63999938964844,92.0999984741211,88.26000213623047,89.4800033569336,89.4800033569336,257543,0.0,0.0
2024-08-13,92.19999694824219,99.9000015258789,91.44000244140625,94.97000122070312,94.97000122070312,1008743,0.0,0.0
2024-08-14,94.97000122070312,95.19999694824219,91.68000030517578,92.55999755859375,92.55999755859375,129125,0.0,0.0
2024-08-16,93.0,94.9000015258789,91.0999984741211,92.47000122070312,92.47000122070312,127464,0.0,0.0
2024-08-19,94.94999694824219,102.4000015258789,94.94999694824219,100.41999816894531,100.41999816894531,914913,0.0,0.0
2024-08-20,101.0,104.5,99.83999633789062,100.54000091552734,100.54000091552734,734431,0.0,0.0
2024-08-21,101.0,104.62000274658203,99.30000305175781,103.86000061035156,103.86000061035156,468457,0.0,0.0
2024-08-22,104.30000305175781,109.6500015258789,104.27999877929688,106.9800033569336,106.9800033569336,744655,0.0,0.0
2024-08-23,108.87000274658203,109.88999938964844,105.0,105.69000244140625,105.69000244140625,933484,0.0,0.0
2024-08-26,106.08999633789062,107.0999984741211,101.48999786376953,102.70999908447266,102.70999908447266,317485,0.0,0.0
2024-08-27,103.0,104.9000015258789,100.31999969482422,102.62000274658203,102.62000274658203,259226,0.0,0.0
2024-08-28,103.19999694824219,118.0,103.19000244140625,108.11000061035156,108.11000061035156,4524784,0.0,0.0
2024-08-29,107.45999908447266,114.25,106.43000030517578,108.7300033569336,108.7300033569336,1465689,0.0,0.0
2024-08-30,109.44999694824219,109.75,105.8499984741211,106.45999908447266,106.45999908447266,419714,0.0,0.0
2024-09-02,107.9000015258789,111.94999694824219,105.2699966430664,109.8499984741211,109.8499984741211,601953,0.0,0.0
2024-09-03,110.4000015258789,115.80000305175781,109.8499984741211,114.55000305175781,114.55000305175781,943891,0.0,0.0
2024-09-04,112.8499984741211,120.69999694824219,111.0999984741211,118.91999816894531,118.91999816894531,1207960,0.0,0.0
2024-09-05,119.69999694824219,121.55999755859375,118.0,119.26000213623047,119.26000213623047,577666,0.0,0.0
2024-09-06,120.0,120.0,114.11000061035156,115.43000030517578,115.43000030517578,421021,0.0,0.0
2024-09-09,116.94999694824219,132.6999969482422,114.30000305175781,126.66000366210938,126.66000366210938,4963847,0.0,0.0
2024-09-10,128.25,134.5,127.5,130.88999938964844,130.88999938964844,2167856,0.0,0.0
2024-09-11,129.60000610351562,133.1999969482422,124.98999786376953,125.58000183105469,125.58000183105469,1039287,0.0,0.0
2024-09-12,126.0,134.14999389648438,124.66999816894531,127.08999633789062,127.08999633789062,1895155,0.0,0.0
2024-09-13,127.0,147.35000610351562,126.0,145.0399932861328,145.0399932861328,4786745,0.0,0.0
2024-09-16,146.08999633789062,163.63999938964844,146.0,151.4499969482422,151.4499969482422,7847050,0.0,0.0
2024-09-17,151.4499969482422,151.9600067138672,140.10000610351562,143.27999877929688,143.27999877929688,1876570,0.0,0.0
2024-09-18,142.10000610351562,143.88999938964844,132.0,132.86000061035156,132.86000061035156,1010097,0.0,0.0
2024-09-19,134.6999969482422,134.6999969482422,117.19999694824219,122.91000366210938,122.91000366210938,2131695,0.0,0.0
2024-09-20,122.91000366210938,128.27999877929688,120.5999984741211,124.37999725341797,124.37999725341797,1256020,0.0,0.0
2024-09-23,125.7300033569336,128.0,122.0,123.41000366210938,123.41000366210938,1159918,0.0,0.0
2024-09-24,123.30000305175781,125.56999969482422,121.5,122.11000061035156,122.11000061035156,461701,0.0,0.0
2024-09-25,122.68000030517578,123.0,119.23999786376953,120.04000091552734,120.04000091552734,322451,0.0,0.0
2024-09-26,120.04000091552734,125.0,117.0,121.06999969482422,121.06999969482422,550409,0.0,0.0
2024-09-27,122.80000305175781,124.08000183105469,119.3499984741211,121.2300033569336,121.2300033569336,374600,0.0,0.0
2024-09-30,123.0,123.5,119.0,119.44999694824219,119.44999694824219,374707,0.0,0.0
2024-10-01,120.0,140.0,120.0,135.3000030517578,135.3000030517578,2249310,0.0,0.0
2024-10-03,133.0,142.0,129.5500030517578,132.0500030517578,132.0500030517578,1483970,0.0,0.0
2024-10-04,130.8000030517578,136.0,128.60000610351562,130.1999969482422,130.1999969482422,706967,0.0,0.0
2024-10-07,131.39999389648438,138.0,123.95999908447266,129.80999755859375,129.80999755859375,980586,0.0,0.0
2024-10-08,130.0,138.89999389648438,129.00999450683594,136.72000122070312,136.72000122070312,626440,0.0,0.0
2024-10-09,137.14999389648438,139.8000030517578,132.66000366210938,133.49000549316406,133.49000549316406,505499,0.0,0.0
2024-10-10,135.0,145.0,134.3000030517578,141.0800018310547,141.0800018310547,1137910,0.0,0.0
2024-10-11,140.2100067138672,147.7899932861328,137.8000030517578,143.72000122070312,143.72000122070312,1256011,0.0,0.0
2024-10-14,143.72999572753906,158.0,143.35000610351562,154.11000061035156,154.11000061035156,2068585,0.0,0.0
2024-10-15,152.6999969482422,166.0,151.1300048828125,163.61000061035156,163.61000061035156,2451951,0.0,0.0
2024-10-16,165.14999389648438,173.4499969482422,163.0,170.0800018310547,170.0800018310547,2821008,0.0,0.0
2024-10-17,170.0,179.89999389648438,170.0,176.8800048828125,176.8800048828125,2556209,0.0,0.0
2024-10-18,177.10000610351562,184.0,168.39999389648438,180.8000030517578,180.8000030517578,3445417,0.0,0.0
2024-10-21,182.89999389648438,188.5,180.10000610351562,182.11000061035156,182.11000061035156,2129966,0.0,0.0
2024-10-22,182.49000549316406,182.92999267578125,165.35000610351562,174.10000610351562,174.10000610351562,3227732,0.0,0.0
2024-10-23,175.0,182.1999969482422,172.22000122070312,175.7899932861328,175.7899932861328,2278269,0.0,0.0
2024-10-24,170.57000732421875,173.47999572753906,166.14999389648438,168.52000427246094,168.52000427246094,1319381,0.0,0.0
2024-10-25,169.4499969482422,170.61000061035156,162.0,168.5500030517578,168.5500030517578,868037,0.0,0.0
2024-10-28,169.08999633789062,174.7899932861328,164.52000427246094,170.63999938964844,170.63999938964844,1029201,0.0,0.0
2024-10-29,169.0,169.33999633789062,157.0,167.1199951171875,167.1199951171875,1767786,0.0,0.0
2024-10-30,165.0,176.39999389648438,164.9600067138672,171.00999450683594,171.00999450683594,1173013,0.0,0.0
2024-10-31,171.10000610351562,178.19000244140625,169.41000366210938,177.30999755859375,177.30999755859375,812208,0.0,0.0
2024-11-01,179.8000030517578,181.6999969482422,178.11000061035156,179.8300018310547,179.8300018310547,393234,0.0,0.0
2024-11-04,182.25,182.25,173.5,174.05999755859375,174.05999755859375,540640,0.0,0.0
2024-11-05,172.39999389648438,185.0,170.80999755859375,182.4499969482422,182.4499969482422,1202106,0.0,0.0
2024-11-06,185.8000030517578,194.39999389648438,185.0,193.25,193.25,1950223,0.0,0.0
2024-11-07,194.39999389648438,195.6999969482422,190.2100067138672,192.9600067138672,192.9600067138672,921636,0.0,0.0
2024-11-08,192.89999389648438,192.89999389648438,185.0,187.1699981689453,187.1699981689453,593941,0.0,0.0
2024-11-11,185.91000366210938,186.6199951171875,179.0,180.61000061035156,180.61000061035156,580540,0.0,0.0
2024-11-12,182.89999389648438,184.99000549316406,179.10000610351562,181.10000610351562,181.10000610351562,819320,0.0,0.0
2024-11-13,183.5399932861328,186.0,173.22000122070312,175.7100067138672,175.7100067138672,1669929,0.0,0.0
2024-11-14,180.85000610351562,180.85000610351562,170.10000610351562,176.77000427246094,176.77000427246094,1027266,0.0,0.0
2024-11-18,177.75,180.85000610351562,169.1699981689453,173.4600067138672,173.4600067138672,1043926,0.0,0.0
2024-11-19,175.0,178.0,168.64999389648438,170.02000427246094,170.02000427246094,552725,0.0,0.0
2024-11-21,169.0,173.1999969482422,164.57000732421875,172.50999450683594,172.50999450683594,495053,0.0,0.0
2024-11-22,172.60000610351562,175.0,169.0,174.08999633789062,174.08999633789062,577952,0.0,0.0
2024-11-25,177.13999938964844,177.8000030517578,171.89999389648438,175.05999755859375,175.05999755859375,538867,0.0,0.0
2024-11-26,174.0,176.0500030517578,172.00999450683594,174.64999389648438,174.64999389648438,498088,0.0,0.0
2024-11-27,176.9499969482422,176.9499969482422,173.5500030517578,175.85000610351562,175.85000610351562,294919,0.0,0.0
2024-11-28,175.85000610351562,178.10000610351562,173.02000427246094,175.1699981689453,175.1699981689453,222960,0.0,0.0
2024-11-29,176.0,176.3800048828125,172.60000610351562,175.2899932861328,175.2899932861328,289114,0.0,0.0
2024-12-02,173.8699951171875,186.25,173.8699951171875,185.08999633789062,185.08999633789062,717288,0.0,0.0
2024-12-03,187.00999450683594,187.00999450683594,182.10000610351562,183.89999389648438,183.89999389648438,246006,0.0,0.0
2024-12-04,181.5500030517578,185.6999969482422,180.0,181.19000244140625,181.19000244140625,342748,0.0,0.0
2024-12-05,181.49000549316406,185.60000610351562,178.30999755859375,184.07000732421875,184.07000732421875,479582,0.0,0.0
2024-12-06,185.5,190.8800048828125,183.0,189.63999938964844,189.63999938964844,1211451,0.0,0.0
2024-12-09,190.89999389648438,192.60000610351562,184.55999755859375,186.32000732421875,186.32000732421875,417132,0.0,0.0
2024-12-10,185.1199951171875,187.49000549316406,182.35000610351562,185.50999450683594,185.50999450683594,332868,0.0,0.0
2024-12-11,186.0,186.22999572753906,182.25,185.19000244140625,185.19000244140625,388688,0.0,0.0
2024-12-12,185.19000244140625,188.72000122070312,183.38999938964844,185.2899932861328,185.2899932861328,262348,0.0,0.0
2024-12-13,184.0,185.94000244140625,179.0,183.0399932861328,183.0399932861328,413353,0.0,0.0
2024-12-16,181.99000549316406,183.88999938964844,175.36000061035156,177.0800018310547,177.0800018310547,305143,0.0,0.0
2024-12-17,177.0800018310547,184.39999389648438,176.27000427246094,180.88999938964844,180.88999938964844,1036180,0.0,0.0
2024-12-18,180.0,181.88999938964844,176.1999969482422,180.07000732421875,180.07000732421875,510850,0.0,0.0
2024-12-19,175.0,182.9499969482422,174.0,182.19000244140625,182.19000244140625,318547,0.0,0.0
2024-12-20,181.89999389648438,184.0,173.3300018310547,176.25,176.25,343041,0.0,0.0
2024-12-23,178.4499969482422,179.22999572753906,172.35000610351562,174.57000732421875,174.57000732421875,287698,0.0,0.0
2024-12-24,174.5,178.7899932861328,174.5,176.9600067138672,176.9600067138672,117687,0.0,0.0
2024-12-26,176.0,177.64999389648438,175.52000427246094,176.66000366210938,176.66000366210938,101883,0.0,0.0
2024-12-27,176.66000366210938,178.35000610351562,173.6999969482422,177.38999938964844,177.38999938964844,220419,0.0,0.0
2024-12-30,174.39999389648438,177.99000549316406,170.10000610351562,171.63999938964844,171.63999938964844,166992,0.0,0.0
2024-12-31,170.10000610351562,172.22000122070312,166.4199981689453,171.30999755859375,171.30999755859375,215077,0.0,0.0
2025-01-01,172.16000366210938,175.8000030517578,170.6300048828125,175.27999877929688,175.27999877929688,164270,0.0,0.0
2025-01-02,175.99000549316406,177.38999938964844,171.10000610351562,173.36000061035156,173.36000061035156,168284,0.0,0.0
2025-01-03,174.5399932861328,177.6999969482422,171.14999389648438,172.55999755859375,172.55999755859375,175941,0.0,0.0
2025-01-06,173.6999969482422,175.14999389648438,164.3000030517578,165.4600067138672,165.4600067138672,297694,0.0,0.0
2025-01-07,164.86000061035156,175.41000366210938,162.25999450683594,170.67999267578125,170.67999267578125,579643,0.0,0.0
2025-01-08,171.0500030517578,176.49000549316406,166.7899932861328,170.9199981689453,170.9199981689453,2175143,0.0,0.0
2025-01-09,170.99000549316406,172.14999389648438,165.11000061035156,169.14999389648438,169.14999389648438,675683,0.0,0.0
2025-01-10,169.69000244140625,182.6999969482422,164.5,179.6300048828125,179.6300048828125,2059742,0.0,0.0
2025-01-13,178.0,185.49000549316406,174.5,180.38999938964844,180.38999938964844,951591,0.0,0.0
2025-01-14,182.0,187.0,178.16000366210938,184.69000244140625,184.69000244140625,546678,0.0,0.0
2025-01-15,185.0,190.0,180.10000610351562,188.5399932861328,188.5399932861328,1043552,0.0,0.0
2025-01-16,189.89999389648438,194.8000030517578,186.00999450683594,189.27999877929688,189.27999877929688,882806,0.0,0.0
2025-01-17,190.57000732421875,193.49000549316406,185.38999938964844,187.4199981689453,187.4199981689453,484514,0.0,0.0
2025-01-20,188.6999969482422,204.5399932861328,184.0,201.39999389648438,201.39999389648438,2308922,0.0,0.0
2025-01-21,203.00999450683594,207.39999389648438,193.22999572753906,194.97999572753906,194.97999572753906,1104952,0.0,0.0
2025-01-22,196.89999389648438,196.89999389648438,185.0,189.91000366210938,189.91000366210938,603813,0.0,0.0
2025-01-23,187.5,191.9499969482422,186.25,187.64999389648438,187.64999389648438,579572,0.0,0.0
2025-01-24,188.5,188.5,170.0,173.25999450683594,173.25999450683594,753450,0.0,0.0
2025-01-27,174.8000030517578,174.8000030517578,163.41000366210938,166.89999389648438,166.89999389648438,448523,0.0,0.0
2025-01-28,167.75,170.10000610351562,152.25,162.72000122070312,162.72000122070312,844792,0.0,0.0
2025-01-29,163.49000549316406,167.3000030517578,160.85000610351562,163.1699981689453,163.1699981689453,277440,0.0,0.0
2025-01-30,164.39999389648438,165.60000610351562,160.25999450683594,161.0,161.0,263863,0.0,0.0
2025-01-31,162.7899932861328,170.60000610351562,160.5,169.67999267578125,169.67999267578125,578028,0.0,0.0
2025-02-01,171.36000061035156,173.25,163.82000732421875,168.1999969482422,168.1999969482422,208606,0.0,0.0
2025-02-03,167.0,167.89999389648438,161.60000610351562,163.6999969482422,163.6999969482422,204809,0.0,0.0
2025-02-04,162.66000366210938,170.89999389648438,162.66000366210938,169.47000122070312,169.47000122070312,190084,0.0,0.0
2025-02-05,170.0,175.0,168.4499969482422,170.13999938964844,170.13999938964844,433786,0.0,0.0
2025-02-06,171.6999969482422,173.0,168.66000366210938,169.6199951171875,169.6199951171875,125695,0.0,0.0
2025-02-07,170.0,170.22999572753906,162.4499969482422,165.17999267578125,165.17999267578125,176170,0.0,0.0
2025-02-10,164.6999969482422,164.6999969482422,156.10000610351562,158.6699981689453,158.6699981689453,416141,0.0,0.0
2025-02-11,157.39999389648438,158.24000549316406,145.80999755859375,149.25999450683594,149.25999450683594,611702,0.0,0.0
2025-02-12,152.4499969482422,155.7899932861328,143.61000061035156,152.44000244140625,152.44000244140625,297030,0.0,0.0
2025-02-13,150.39999389648438,157.50999450683594,145.5500030517578,148.00999450683594,148.00999450683594,294550,0.0,0.0
2025-02-14,145.99000549316406,146.55999755859375,126.66000366210938,130.3800048828125,130.3800048828125,1433060,0.0,0.0
2025-02-17,130.0,137.39999389648438,124.61000061035156,134.47000122070312,134.47000122070312,569086,0.0,0.0
2025-02-18,134.6999969482422,135.99000549316406,121.0199966430664,123.4800033569336,123.4800033569336,589088,0.0,0.0
2025-02-19,123.8499984741211,135.85000610351562,121.0,133.63999938964844,133.63999938964844,1165477,0.0,0.0
2025-02-20,132.89999389648438,138.75,130.0500030517578,136.55999755859375,136.55999755859375,725078,0.0,0.0
2025-02-21,136.89999389648438,138.6199951171875,132.5,134.55999755859375,134.55999755859375,249338,0.0,0.0
2025-02-24,134.0,135.58999633789062,129.16000366210938,134.64999389648438,134.64999389648438,152543,0.0,0.0
2025-02-25,134.64999389648438,136.38999938964844,131.41000366210938,134.02999877929688,134.02999877929688,167037,0.0,0.0
2025-02-27,135.4499969482422,135.4499969482422,125.3499984741211,128.75,128.75,294657,0.0,0.0
2025-02-28,127.69999694824219,129.00999450683594,122.94999694824219,127.81999969482422,127.81999969482422,482328,0.0,0.0
2025-03-03,127.81999969482422,129.50999450683594,118.58999633789062,126.02999877929688,126.02999877929688,419521,0.0,0.0
2025-03-04,124.98999786376953,127.83999633789062,121.5999984741211,125.20999908447266,125.20999908447266,369846,0.0,0.0
2025-03-05,125.0,131.0,124.9000015258789,129.61000061035156,129.61000061035156,390178,0.0,0.0
2025-03-06,130.49000549316406,132.39999389648438,126.5,127.87000274658203,127.87000274658203,236299,0.0,0.0
2025-03-07,127.44000244140625,134.39999389648438,126.0999984741211,132.07000732421875,132.07000732421875,392144,0.0,0.0
2025-03-10,133.39999389648438,133.39999389648438,123.5,124.94999694824219,124.94999694824219,347132,0.0,0.0
2025-03-11,122.80000305175781,123.5,116.48999786376953,119.88999938964844,119.88999938964844,878813,0.0,0.0
2025-03-12,119.30000305175781,123.80000305175781,119.01000213623047,122.0199966430664,122.0199966430664,777399,0.0,0.0
2025-03-13,122.0199966430664,125.81999969482422,116.70999908447266,121.37000274658203,121.37000274658203,729356,0.0,0.0
2025-03-17,119.30000305175781,122.58000183105469,113.08000183105469,114.66000366210938,114.66000366210938,414551,0.0,0.0
2025-03-18,114.66000366210938,114.66000366210938,114.66000366210938,114.66000366210938,114.66000366210938,0,0.0,0.0
2025-03-19,121.30000305175781,127.0,120.87999725341797,125.33999633789062,125.33999633789062,384090,0.0,0.0
2025-03-20,124.11000061035156,131.8000030517578,124.11000061035156,129.24000549316406,129.24000549316406,648589,0.0,0.0
2025-03-21,129.0,135.3000030517578,128.55999755859375,134.32000732421875,134.32000732421875,524821,0.0,0.0
2025-03-24,136.0,136.39999389648438,132.10000610351562,133.47000122070312,133.47000122070312,393521,0.0,0.0
2025-03-25,134.6999969482422,134.89999389648438,128.5,129.30999755859375,129.30999755859375,238253,0.0,0.0
2025-03-26,128.5,131.0,126.0,126.55999755859375,126.55999755859375,258203,0.0,0.0
2025-03-27,125.94999694824219,127.4000015258789,122.81999969482422,125.0199966430664,125.0199966430664,949498,0.0,0.0
2025-03-28,126.05000305175781,128.74000549316406,122.0,123.55999755859375,123.55999755859375,285785,0.0,0.0
2025-04-01,122.55000305175781,127.80000305175781,122.55000305175781,126.87000274658203,126.87000274658203,185063,0.0,0.0
2025-04-02,128.25,132.69000244140625,125.2300033569336,129.97000122070312,129.97000122070312,351013,0.0,0.0
2025-04-03,124.75,133.0,124.75,131.4600067138672,131.4600067138672,366675,0.0,0.0
2025-04-04,131.38999938964844,131.38999938964844,117.63999938964844,123.80000305175781,123.80000305175781,566588,0.0,0.0
2025-04-07,115.0,115.0,104.1500015258789,108.79000091552734,108.79000091552734,654179,0.0,0.0
2025-04-08,110.6500015258789,113.69999694824219,107.11000061035156,110.37000274658203,110.37000274658203,297889,0.0,0.0
2025-04-09,109.0,109.69000244140625,103.01000213623047,105.0,105.0,306330,0.0,0.0
2025-04-11,108.9000015258789,113.0,107.80999755859375,110.62999725341797,110.62999725341797,525002,0.0,0.0
2025-04-15,111.5999984741211,119.94999694824219,110.72000122070312,118.0199966430664,118.0199966430664,369720,0.0,0.0
2025-04-16,118.30000305175781,121.6500015258789,116.0,120.66000366210938,120.66000366210938,294492,0.0,0.0
2025-04-17,120.58999633789062,125.8499984741211,119.38999938964844,123.88999938964844,123.88999938964844,254612,0.0,0.0
2025-04-21,124.0,126.69999694824219,122.19999694824219,122.9800033569336,122.9800033569336,284245,0.0,0.0
2025-04-22,123.5,127.94999694824219,122.7699966430664,124.01000213623047,124.01000213623047,445449,0.0,0.0
2025-04-23,125.3499984741211,126.38999938964844,121.75,123.91000366210938,123.91000366210938,469873,0.0,0.0
2025-04-24,124.52999877929688,128.5,120.80999755859375,121.6500015258789,121.6500015258789,827011,0.0,0.0
2025-04-25,121.72000122070312,121.98999786376953,114.0,116.13999938964844,116.13999938964844,459990,0.0,0.0
2025-04-28,116.0,116.79000091552734,113.41000366210938,114.05000305175781,114.05000305175781,198932,0.0,0.0
2025-04-29,115.0,116.27999877929688,111.19999694824219,112.12999725341797,112.12999725341797,306339,0.0,0.0
2025-04-30,110.44999694824219,114.44999694824219,106.6500015258789,113.43000030517578,113.43000030517578,487037,0.0,0.0
2025-05-02,113.43000030517578,113.43000030517578,108.0,108.69999694824219,108.69999694824219,270277,0.0,0.0
2025-05-05,110.9000015258789,110.9000015258789,107.05999755859375,109.36000061035156,109.36000061035156,144630,0.0,0.0
2025-05-06,109.9000015258789,110.79000091552734,106.5999984741211,109.06999969482422,109.06999969482422,398261,0.0,0.0
2025-05-07,106.9000015258789,114.01000213623047,105.77999877929688,113.06999969482422,113.06999969482422,640669,0.0,0.0
2025-05-08,113.45999908447266,114.58999633789062,106.11000061035156,109.48999786376953,109.48999786376953,361209,0.0,0.0
2025-05-09,107.0,109.0,105.26000213623047,108.33999633789062,108.33999633789062,239933,0.0,0.0
2025-05-12,113.81999969482422,119.0199966430664,110.66000366210938,118.54000091552734,118.54000091552734,552021,0.0,0.0
2025-05-13,118.4000015258789,119.0,115.1500015258789,117.25,117.25,305686,0.0,0.0
2025-05-14,117.5,124.0,115.8499984741211,116.9800033569336,116.9800033569336,938414,0.0,0.0
2025-05-15,117.0999984741211,119.69999694824219,116.5999984741211,119.05999755859375,119.05999755859375,381880,0.0,0.0
2025-05-16,119.4000015258789,126.5999984741211,118.61000061035156,125.97000122070312,125.97000122070312,671333,0.0,0.0
2025-05-19,127.80000305175781,133.39999389648438,126.5999984741211,131.25999450683594,131.25999450683594,758884,0.0,0.0
2025-05-20,130.5,133.2100067138672,126.97000122070312,129.72999572753906,129.72999572753906,611989,0.0,0.0
2025-05-21,130.3800048828125,136.0,127.29000091552734,133.72000122070312,133.72000122070312,804090,0.0,0.0
2025-05-22,133.6999969482422,133.99000549316406,130.1999969482422,132.5399932861328,132.5399932861328,245568,0.0,0.0
2025-05-23,133.3000030517578,138.0,131.02999877929688,136.58999633789062,136.58999633789062,542452,0.0,0.0
2025-05-26,136.58999633789062,136.6999969482422,132.2100067138672,135.9499969482422,135.9499969482422,370216,0.0,0.0
2025-05-27,134.61000061035156,138.0,134.60000610351562,135.8699951171875,135.8699951171875,435289,0.0,0.0
2025-05-28,135.8699951171875,136.83999633789062,131.35000610351562,133.55999755859375,133.55999755859375,254628,0.0,0.0
2025-05-29,134.89999389648438,135.41000366210938,129.25,131.4199981689453,131.4199981689453,334691,0.0,0.0
2025-05-30,131.4199981689453,131.83999633789062,127.80000305175781,130.5800018310547,130.5800018310547,271645,0.0,0.0
2025-06-02,129.8000030517578,129.8000030517578,124.0,128.91000366210938,128.91000366210938,487456,0.0,0.0
2025-06-03,128.91000366210938,129.36000061035156,125.0,125.76000213623047,125.76000213623047,280535,0.0,0.0
2025-06-04,125.30000305175781,127.2300033569336,123.81999969482422,126.11000061035156,126.11000061035156,306123,0.0,0.0
2025-06-05,124.8499984741211,126.20999908447266,123.69999694824219,125.12999725341797,125.12999725341797,199088,0.0,0.0
2025-06-06,125.75,126.98999786376953,123.75,126.30999755859375,126.30999755859375,199783,0.0,0.0
2025-06-09,129.0,129.58999633789062,126.0,127.08999633789062,127.08999633789062,215234,0.0,0.0
2025-06-10,127.08999633789062,129.10000610351562,126.80999755859375,127.11000061035156,127.11000061035156,219253,0.0,0.0
2025-06-11,127.75,133.4499969482422,126.11000061035156,127.5199966430664,127.5199966430664,574525,0.0,0.0
2025-06-12,127.5199966430664,129.63999938964844,125.11000061035156,127.9800033569336,127.9800033569336,216982,0.0,0.0
2025-06-13,126.05000305175781,127.5,122.62999725341797,126.08999633789062,126.08999633789062,271466,0.0,0.0
2025-06-16,126.30000305175781,126.4000015258789,122.44000244140625,125.16999816894531,125.16999816894531,228093,0.0,0.0
2025-06-17,125.69999694824219,125.80000305175781,121.05000305175781,122.0199966430664,122.0199966430664,128313,0.0,0.0
2025-06-18,122.33000183105469,123.88999938964844,119.0,122.06999969482422,122.06999969482422,371075,0.0,0.0
2025-06-19,122.0,122.68000030517578,117.31999969482422,119.88999938964844,119.88999938964844,289506,0.0,0.0
2025-06-20,119.0999984741211,121.5,118.1500015258789,120.54000091552734,120.54000091552734,335307,0.0,0.0
2025-06-23,119.0,120.83000183105469,116.25,117.48999786376953,117.48999786376953,258092,0.0,0.0
2025-06-24,118.79000091552734,120.87000274658203,116.16000366210938,118.36000061035156,118.36000061035156,489859,0.0,0.0
2025-06-25,118.0999984741211,125.4000015258789,117.83000183105469,124.55000305175781,124.55000305175781,572556,0.0,0.0
2025-06-26,124.55000305175781,124.55000305175781,120.12000274658203,120.91999816894531,120.91999816894531,208301,0.0,0.0
2025-06-27,120.91000366210938,122.9000015258789,119.55000305175781,121.01000213623047,121.01000213623047,303621,0.0,0.0
2025-06-30,121.01000213623047,124.31999969482422,118.80999755859375,119.29000091552734,119.29000091552734,362208,0.0,0.0
2025-07-01,119.9000015258789,120.38999938964844,118.13999938964844,119.0,119.0,238048,0.0,0.0
2025-07-02,117.80000305175781,119.80000305175781,117.80000305175781,118.83000183105469,118.83000183105469,178181,0.0,0.0
2025-07-03,119.5,121.0,117.86000061035156,120.37999725341797,120.37999725341797,240340,0.0,0.0
2025-07-04,119.30000305175781,121.4000015258789,119.08000183105469,120.16000366210938,120.16000366210938,183042,0.0,0.0
2025-07-07,120.0,121.56999969482422,118.5,120.0199966430664,120.0199966430664,226555,0.0,0.0
2025-07-08,120.9000015258789,122.4800033569336,117.69000244140625,119.0199966430664,119.0199966430664,275004,0.0,0.0
2025-07-09,119.69999694824219,119.80000305175781,115.77999877929688,117.69999694824219,117.69999694824219,344127,0.0,0.0
2025-07-10,117.5,118.4800033569336,116.0,117.27999877929688,117.27999877929688,151301,0.0,0.0
2025-07-11,117.06999969482422,117.87999725341797,115.0999984741211,116.94000244140625,116.94000244140625,203803,0.0,0.0
2025-07-14,117.0,118.9000015258789,116.0,117.43000030517578,117.43000030517578,112354,0.0,0.0
2025-07-15,117.0,120.80000305175781,117.0,118.0999984741211,118.0999984741211,213308,0.0,0.0
2025-07-16,118.2699966430664,118.83999633789062,116.30000305175781,116.98999786376953,116.98999786376953,169925,0.0,0.0
2025-07-17,116.19000244140625,122.0,116.19000244140625,120.44000244140625,120.44000244140625,481644,0.0,0.0
2025-07-18,120.48999786376953,120.6500015258789,118.0,119.62000274658203,119.62000274658203,201901,0.0,0.0
2025-07-21,120.30000305175781,120.30000305175781,117.5,118.12999725341797,118.12999725341797,180914,0.0,0.0
2025-07-22,117.5,120.25,116.5,117.43000030517578,117.43000030517578,150306,0.0,0.0
2025-07-23,118.0,118.5,115.04000091552734,116.55999755859375,116.55999755859375,179115,0.0,0.0
2025-07-24,116.55999755859375,117.9800033569336,116.08999633789062,116.80999755859375,116.80999755859375,109868,0.0,0.0
2025-07-25,119.0,119.1500015258789,111.16999816894531,113.70999908447266,113.70999908447266,259738,0.0,0.0
2025-07-28,113.9000015258789,116.5999984741211,110.19999694824219,114.16000366210938,114.16000366210938,208318,0.0,0.0
2025-07-29,113.0,115.9000015258789,112.01000213623047,114.76000213623047,114.76000213623047,191491,0.0,0.0
2025-07-30,114.55999755859375,115.48999786376953,112.5199966430664,113.7699966430664,113.7699966430664,148392,0.0,0.0
2025-07-31,105.0,116.0,103.5999984741211,113.69000244140625,113.69000244140625,921226,0.0,0.0
2025-08-01,112.44999694824219,112.44999694824219,104.44000244140625,105.45999908447266,105.45999908447266,330923,0.0,0.0
2025-08-04,105.0,118.9000015258789,104.51000213623047,117.06999969482422,117.06999969482422,2604189,0.0,0.0
2025-08-05,118.80000305175781,121.0,113.5999984741211,115.79000091552734,115.79000091552734,1891228,0.0,0.0
2025-08-06,114.75,114.75,110.87000274658203,112.19999694824219,112.19999694824219,229951,0.0,0.0
2025-08-07,111.0999984741211,114.87999725341797,103.5199966430664,111.68000030517578,111.68000030517578,750821,0.0,0.0
2025-08-08,112.0,112.0,106.11000061035156,107.94999694824219,107.94999694824219,278213,0.0,0.0
2025-08-11,106.62000274658203,109.75,105.5,106.68000030517578,106.68000030517578,257189,0.0,0.0
2025-08-12,106.72000122070312,109.0,104.13999938964844,105.81999969482422,105.81999969482422,238746,0.0,0.0
2025-08-13,106.80000305175781,111.94000244140625,105.0,107.63999938964844,107.63999938964844,694411,0.0,0.0
2025-08-14,107.11000061035156,108.23999786376953,105.0,105.68000030517578,105.68000030517578,241455,0.0,0.0
2025-08-18,106.08000183105469,109.4000015258789,105.20999908447266,106.16999816894531,106.16999816894531,150127,0.0,0.0
2025-08-19,105.9000015258789,108.44999694824219,105.72000122070312,108.06999969482422,108.06999969482422,139308,0.0,0.0
2025-08-20,108.36000061035156,112.3499984741211,107.69000244140625,111.5999984741211,111.5999984741211,191337,0.0,0.0
2025-08-21,115.58000183105469,118.55000305175781,112.4000015258789,117.94000244140625,117.94000244140625,633853,0.0,0.0
2025-08-22,117.94000244140625,119.80000305175781,114.20999908447266,114.69999694824219,114.69999694824219,172824,0.0,0.0
2025-08-25,114.2300033569336,117.5199966430664,113.80000305175781,116.18000030517578,116.18000030517578,213208,0.0,0.0
2025-08-26,116.5,116.5,109.41999816894531,112.66000366210938,112.66000366210938,176743,0.0,0.0
2025-08-28,111.25,111.5999984741211,108.5,109.0,109.0,157205,0.0,0.0
2025-08-29,107.9000015258789,113.69000244140625,106.43000030517578,111.11000061035156,111.11000061035156,726901,0.0,0.0
2025-09-01,109.91000366210938,111.0199966430664,107.9000015258789,110.5999984741211,110.5999984741211,272716,0.0,0.0
2025-09-02,111.0,112.69999694824219,109.0,109.94999694824219,109.94999694824219,330997,0.0,0.0
2025-09-03,109.94999694824219,114.80000305175781,109.75,112.77999877929688,112.77999877929688,264602,0.0,0.0
2025-09-04,113.9000015258789,113.9000015258789,107.6500015258789,108.93000030517578,108.93000030517578,206637,0.0,0.0
2025-09-05,109.19999694824219,114.80000305175781,108.45999908447266,113.18000030517578,113.18000030517578,254018,0.0,0.0
2025-09-08,113.69999694824219,123.0,113.69999694824219,117.05999755859375,117.05999755859375,772809,0.0,0.0
2025-09-09,117.9000015258789,120.37999725341797,115.12000274658203,118.69000244140625,118.69000244140625,366252,0.0,0.0
2025-09-10,118.69000244140625,122.5199966430664,117.44999694824219,118.88999938964844,118.88999938964844,238599,0.0,0.0
2025-09-11,117.80000305175781,119.95999908447266,115.0999984741211,115.77999877929688,115.77999877929688,145605,0.0,0.0
2025-09-12,116.4000015258789,119.9000015258789,115.77999877929688,118.55000305175781,118.55000305175781,297407,0.0,0.0
2025-09-15,119.08000183105469,120.52999877929688,118.0199966430664,119.06999969482422,119.06999969482422,92287,0.0,0.0
2025-09-16,119.69999694824219,121.5,118.12000274658203,120.05999755859375,120.05999755859375,244795,0.0,0.0
2025-09-17,120.6500015258789,124.0999984741211,118.8499984741211,122.30000305175781,122.30000305175781,455744,0.0,0.0
2025-09-18,123.0999984741211,127.68000030517578,122.12999725341797,123.73999786376953,123.73999786376953,1023139,0.0,0.0
2025-09-19,123.0,123.01000213623047,119.75,120.23999786376953,120.23999786376953,171660,0.0,0.0
2025-09-22,119.05000305175781,123.76000213623047,118.20999908447266,120.83999633789062,120.83999633789062,296454,0.0,0.0
2025-09-23,121.26000213623047,121.75,118.80000305175781,121.04000091552734,121.04000091552734,179745,0.0,0.0
2025-09-24,121.6500015258789,121.6500015258789,117.48999786376953,117.9800033569336,117.9800033569336,494695,0.0,0.0
2025-09-25,118.0,119.69999694824219,116.08000183105469,117.88999938964844,117.88999938964844,196069,0.0,0.0
2025-09-26,118.0,118.47000122070312,110.41999816894531,113.76000213623047,113.76000213623047,617068,0.0,0.0
2025-09-29,113.1500015258789,116.25,111.66000366210938,112.29000091552734,112.29000091552734,1252988,0.0,0.0
2025-09-30,112.73999786376953,121.9000015258789,111.5199966430664,114.29000091552734,114.29000091552734,1967739,0.0,0.0
2025-10-01,114.25,123.9800033569336,114.12999725341797,119.80999755859375,119.80999755859375,1635111,0.0,0.0
2025-10-03,120.7699966430664,121.48999786376953,119.0,120.52999877929688,120.52999877929688,366961,0.0,0.0
2025-10-06,118.54000091552734,121.0999984741211,118.0,120.19000244140625,120.19000244140625,400941,0.0,0.0
2025-10-07,120.16999816894531,123.0,120.16999816894531,122.52999877929688,122.52999877929688,601621,0.0,0.0
2025-10-08,122.77999877929688,130.89999389648438,122.70999908447266,128.27999877929688,128.27999877929688,2052845,0.0,0.0
2025-10-09,128.89999389648438,138.5,127.22000122070312,135.97000122070312,135.97000122070312,3114648,0.0,0.0
2025-10-10,135.0,137.83999633789062,132.85000610351562,135.4600067138672,135.4600067138672,922171,0.0,0.0
2025-10-13,135.4600067138672,139.2100067138672,131.60000610351562,133.4199981689453,133.4199981689453,885005,0.0,0.0
2025-10-14,134.39999389648438,134.4199981689453,126.86000061035156,132.4499969482422,132.4499969482422,1202561,0.0,0.0
2025-10-15,133.3000030517578,133.64999389648438,129.75,131.52000427246094,131.52000427246094,357736,0.0,0.0
2025-10-16,131.89999389648438,133.35000610351562,130.1999969482422,132.88999938964844,132.88999938964844,281897,0.0,0.0
2025-10-17,132.0,134.89999389648438,130.64999389648438,133.3000030517578,133.3000030517578,424241,0.0,0.0
2025-10-20,132.6999969482422,141.0,131.22000122070312,139.0,139.0,1549628,0.0,0.0
2025-10-21,140.60000610351562,142.5,137.85000610351562,140.11000061035156,140.11000061035156,370929,0.0,0.0
2025-10-23,140.11000061035156,141.5,135.75,137.60000610351562,137.60000610351562,473994,0.0,0.0
2025-10-24,138.14999389648438,139.0,133.0,135.02000427246094,135.02000427246094,466861,0.0,0.0
2025-10-27,134.8699951171875,136.6300048828125,133.0,135.08999633789062,135.08999633789062,417993,0.0,0.0
2025-10-28,134.5,135.88999938964844,131.63999938964844,133.91000366210938,133.91000366210938,327103,0.0,0.0
2025-10-29,135.0,135.75,133.19000244140625,134.9499969482422,134.9499969482422,642593,0.0,0.0
2025-10-30,135.0,139.6999969482422,133.77000427246094,137.92999267578125,137.92999267578125,862018,0.0,0.0
2025-10-31,138.88999938964844,139.47000122070312,133.5,136.5800018310547,136.5800018310547,614740,0.0,0.0
2025-11-03,135.5,141.97000122070312,134.2100067138672,137.6300048828125,137.6300048828125,683288,0.0,0.0
2025-11-04,137.0500030517578,139.1999969482422,135.0800018310547,136.44000244140625,136.44000244140625,231454,0.0,0.0
2025-11-06,135.3000030517578,136.08999633789062,127.37999725341797,131.58999633789062,131.58999633789062,684066,0.0,0.0
2025-11-07,131.0,133.3699951171875,127.45999908447266,132.49000549316406,132.49000549316406,234020,0.0,0.0
2025-11-10,133.02000427246094,139.25999450683594,131.6699981689453,138.0500030517578,138.0500030517578,520305,0.0,0.0
2025-11-11,136.5500030517578,137.69000244140625,134.50999450683594,136.0,136.0,489490,0.0,0.0
2025-11-12,135.1699981689453,143.6999969482422,135.1699981689453,142.1300048828125,142.1300048828125,1378909,0.0,0.0
2025-11-13,141.7899932861328,145.5,138.35000610351562,140.3699951171875,140.3699951171875,807377,0.0,0.0
2025-11-14,138.89999389648438,144.38999938964844,132.0,138.19000244140625,138.19000244140625,2243487,0.0,0.0
2025-11-17,138.7899932861328,139.8000030517578,134.8000030517578,136.38999938964844,136.38999938964844,973138,0.0,0.0
2025-11-18,135.7899932861328,135.7899932861328,131.60000610351562,133.5500030517578,133.5500030517578,380517,0.0,0.0
2025-11-19,134.39999389648438,134.39999389648438,128.7100067138672,129.77000427246094,129.77000427246094,393536,0.0,0.0
2025-11-20,130.10000610351562,136.0,128.10000610351562,134.30999755859375,134.30999755859375,829745,0.0,0.0
2025-11-21,133.50999450683594,133.58999633789062,128.72000122070312,129.72000122070312,129.72000122070312,273196,0.0,0.0
2025-11-24,129.5,129.5,120.0,122.18000030517578,122.18000030517578,1140356,0.0,0.0
2025-11-25,122.5,123.0,118.01000213623047,120.45999908447266,120.45999908447266,820282,0.0,0.0
2025-11-26,121.7699966430664,122.5,119.55000305175781,121.73999786376953,121.73999786376953,513854,0.0,0.0
2025-11-27,121.73999786376953,125.0,120.0999984741211,124.44999694824219,124.44999694824219,342954,0.0,0.0
2025-11-28,124.0,124.0,119.51000213623047,119.98999786376953,119.98999786376953,179001,0.0,0.0
2025-12-01,120.94999694824219,124.38999938964844,118.80999755859375,121.66000366210938,121.66000366210938,1247481,0.0,0.0
2025-12-02,122.9000015258789,123.05000305175781,120.0,120.58000183105469,120.58000183105469,217120,0.0,0.0
2025-12-03,120.1500015258789,122.87999725341797,120.0,122.26000213623047,122.26000213623047,323580,0.0,0.0
2025-12-04,121.19999694824219,127.47000122070312,120.0,126.58999633789062,126.58999633789062,1997962,0.0,0.0
2025-12-05,125.30000305175781,130.75,125.30000305175781,128.6999969482422,128.6999969482422,1298270,0.0,0.0
2025-12-08,130.0,131.49000549316406,121.26000213623047,127.16000366210938,127.16000366210938,873565,0.0,0.0
2025-12-09,127.75,129.5,123.0,129.16000366210938,129.16000366210938,527315,0.0,0.0
2025-12-10,129.0,130.9499969482422,125.25,128.33999633789062,128.33999633789062,432973,0.0,0.0
2025-12-11,129.0,130.0,125.54000091552734,129.0800018310547,129.0800018310547,352682,0.0,0.0
2025-12-12,128.42999267578125,131.0,127.3499984741211,130.50999450683594,130.50999450683594,359333,0.0,0.0
2025-12-15,129.0,131.99000549316406,128.3800048828125,131.44000244140625,131.44000244140625,192214,0.0,0.0
2025-12-16,131.44000244140625,131.72000122070312,126.0999984741211,128.47999572753906,128.47999572753906,257620,0.0,0.0
2025-12-17,127.0,128.33999633789062,124.37999725341797,126.12000274658203,126.12000274658203,267881,0.0,0.0
2025-12-18,125.93000030517578,127.80000305175781,124.25,126.70999908447266,126.70999908447266,182957,0.0,0.0
2025-12-19,126.5,129.39999389648438,126.08000183105469,128.5800018310547,128.5800018310547,301799,0.0,0.0
2025-12-22,128.5800018310547,130.25,127.25,127.9000015258789,127.9000015258789,248614,0.0,0.0
2025-12-23,128.24000549316406,129.0,126.5,127.58000183105469,127.58000183105469,137059,0.0,0.0
2025-12-24,127.69999694824219,128.0,124.1500015258789,125.19999694824219,125.19999694824219,642937,0.0,0.0
2025-12-26,125.0999984741211,126.0,119.41000366210938,123.19000244140625,123.19000244140625,615379,0.0,0.0
2025-12-29,122.9000015258789,124.61000061035156,120.0,121.66999816894531,121.66999816894531,287385,0.0,0.0
2025-12-30,121.0,122.8499984741211,118.55000305175781,119.63999938964844,119.63999938964844,537636,0.0,0.0
2025-12-31,119.01000213623047,127.0,118.25,125.88999938964844,125.88999938964844,1893472,0.0,0.0
2026-01-01,125.1500015258789,127.44999694824219,123.2300033569336,126.69999694824219,126.69999694824219,460378,0.0,0.0
2026-01-02,126.05000305175781,126.37999725341797,123.69999694824219,124.45999908447266,124.45999908447266,432990,0.0,0.0
2026-01-05,124.45999908447266,124.9000015258789,121.76000213623047,122.75,122.75,410977,0.0,0.0
2026-01-06,122.69999694824219,122.69999694824219,120.11000061035156,120.77999877929688,120.77999877929688,142025,0.0,0.0
2026-01-07,120.77999877929688,125.4000015258789,120.43000030517578,122.37000274658203,122.37000274658203,1257600,0.0,0.0
2026-01-08,122.0999984741211,122.69000244140625,116.30000305175781,120.2699966430664,120.2699966430664,1261555,0.0,0.0
2026-01-09,119.44999694824219,125.05000305175781,116.5,120.88999938964844,120.88999938964844,1020793,0.0,0.0
2026-01-12,120.6500015258789,120.6500015258789,115.5999984741211,117.69999694824219,117.69999694824219,975160,0.0,0.0
2026-01-13,118.63999938964844,122.19999694824219,117.41999816894531,121.45999908447266,121.45999908447266,507271,0.0,0.0
2026-01-14,121.1500015258789,122.58000183105469,118.1500015258789,120.1500015258789,120.1500015258789,510501,0.0,0.0
2026-01-15,120.1500015258789,120.1500015258789,120.1500015258789,120.1500015258789,120.1500015258789,0,0.0,0.0
2026-01-16,120.1500015258789,120.19000244140625,118.01000213623047,118.52999877929688,118.52999877929688,199139,0.0,0.0
2026-01-19,118.3499984741211,120.2699966430664,116.37999725341797,119.23999786376953,119.23999786376953,206133,0.0,0.0
2026-01-20,117.30000305175781,119.6500015258789,113.05000305175781,113.70999908447266,113.70999908447266,352812,0.0,0.0
2026-01-21,113.5,116.01000213623047,106.3499984741211,108.47000122070312,108.47000122070312,597245,0.0,0.0
2026-01-22,109.69999694824219,111.5,107.1500015258789,110.70999908447266,110.70999908447266,658324,0.0,0.0
2026-01-23,110.6500015258789,110.6500015258789,104.5999984741211,105.51000213623047,105.51000213623047,232750,0.0,0.0
2026-01-27,106.1500015258789,107.80000305175781,101.55000305175781,106.69000244140625,106.69000244140625,569630,0.0,0.0
2026-01-28,106.0,109.29000091552734,105.94999694824219,107.80999755859375,107.80999755859375,380627,0.0,0.0
2026-01-29,106.75,109.80000305175781,105.51000213623047,108.31999969482422,108.31999969482422,280007,0.0,0.0
2026-01-30,107.77999877929688,109.55000305175781,105.30999755859375,108.41000366210938,108.41000366210938,170591,0.0,0.0
2026-02-02,109.9000015258789,109.91000366210938,102.33000183105469,105.81999969482422,105.81999969482422,432657,0.0,0.0
2026-02-03,112.0,120.80000305175781,110.0,119.33999633789062,119.33999633789062,2359057,0.0,0.0
2026-02-04,119.80000305175781,121.44000244140625,115.86000061035156,116.73999786376953,116.73999786376953,639990,0.0,0.0
2026-02-05,116.6500015258789,118.98999786376953,113.16000366210938,118.18000030517578,118.18000030517578,504566,0.0,0.0
2026-02-06,117.0,119.7699966430664,116.05000305175781,118.55000305175781,118.55000305175781,249934,0.0,0.0
2026-02-09,121.5199966430664,127.4000015258789,120.9800033569336,125.4000015258789,125.4000015258789,1755188,0.0,0.0
2026-02-10,125.5999984741211,129.0,124.5,125.83000183105469,125.83000183105469,1151928,0.0,0.0
2026-02-11,127.2699966430664,128.39999389648438,122.66999816894531,127.69999694824219,127.69999694824219,946259,0.0,0.0
2026-02-12,127.69999694824219,129.39999389648438,124.69999694824219,127.41999816894531,127.41999816894531,1110736,0.0,0.0
2026-02-13,126.11000061035156,126.11000061035156,114.52999877929688,116.44000244140625,116.44000244140625,2178500,0.0,0.0
2026-02-16,115.0,118.25,112.91000366210938,117.2699966430664,117.2699966430664,673881,0.0,0.0
2026-02-17,116.91000366210938,117.27999877929688,114.30000305175781,115.41000366210938,115.41000366210938,223657,0.0,0.0
2026-02-18,115.0999984741211,115.0999984741211,108.61000061035156,111.93000030517578,111.93000030517578,908171,0.0,0.0
2026-02-19,110.5999984741211,112.4800033569336,107.0,108.30000305175781,108.30000305175781,588965,0.0,0.0
2026-02-20,106.0,108.30000305175781,103.95999908447266,105.31999969482422,105.31999969482422,678217,0.0,0.0
2026-02-23,106.94999694824219,113.7699966430664,105.66999816894531,112.5999984741211,112.5999984741211,1849732,0.0,0.0
2026-02-24,111.8499984741211,114.98999786376953,107.62000274658203,113.91999816894531,113.91999816894531,740427,0.0,0.0
2026-02-25,113.69999694824219,130.0,113.55000305175781,128.25,128.25,16559322,0.0,0.0
2026-02-26,131.07000732421875,147.89999389648438,129.1199951171875,145.8000030517578,145.8000030517578,83583911,0.0,0.0
2026-02-27,146.47000122070312,146.47000122070312,117.20999908447266,118.5,118.5,42444228,0.0,0.0
2026-03-02,112.0,122.0,105.0,113.23999786376953,113.23999786376953,28266870,0.0,0.0
2026-03-04,112.0,112.69999694824219,106.25,107.80000305175781,107.80000305175781,7397699,0.0,0.0
2026-03-05,109.48999786376953,111.83000183105469,106.55000305175781,108.05000305175781,108.05000305175781,4085570,0.0,0.0
2026-03-06,108.0,108.63999938964844,104.55000305175781,105.93000030517578,105.93000030517578,957636,0.0,0.0
2026-03-09,101.0,106.0,96.62999725341797,101.45999908447266,101.45999908447266,2999557,0.0,0.0
2026-03-10,104.12999725341797,106.98999786376953,100.69000244140625,106.02999877929688,106.02999877929688,2285639,0.0,0.0
2026-03-11,106.02999877929688,108.0,102.0,103.2300033569336,103.2300033569336,1505171,0.0,0.0
2026-03-12,103.4800033569336,106.44000244140625,99.25,104.5,104.5,1579958,0.0,0.0
2026-03-13,104.16999816894531,104.16999816894531,100.05000305175781,102.13999938964844,102.13999938964844,946302,0.0,0.0
2026-03-16,102.13999938964844,102.69999694824219,96.61000061035156,101.52999877929688,101.52999877929688,1453469,0.0,0.0
2026-03-17,101.48999786376953,101.9000015258789,98.80000305175781,100.13999938964844,100.13999938964844,1007537,0.0,0.0
2026-03-18,99.5,103.47000122070312,99.5,102.30000305175781,102.30000305175781,693803,0.0,0.0
2026-03-19,99.5999984741211,101.13999938964844,95.0,95.8499984741211,95.8499984741211,1039706,0.0,0.0
2026-03-20,96.08999633789062,98.16999816894531,92.5,93.48999786376953,93.48999786376953,1659904,0.0,0.0
2026-03-23,92.62000274658203,92.62000274658203,85.0,86.18000030517578,86.18000030517578,2323288,0.0,0.0
2026-03-24,88.9000015258789,95.9000015258789,86.1500015258789,93.79000091552734,93.79000091552734,1916030,0.0,0.0
2026-03-25,94.9000015258789,101.63999938964844,94.01000213623047,99.68000030517578,99.68000030517578,2646106,0.0,0.0
2026-03-27,98.69999694824219,104.0,92.3499984741211,101.79000091552734,101.79000091552734,3206166,0.0,0.0
2026-03-30,99.80000305175781,99.80000305175781,94.25,97.27999877929688,97.27999877929688,1922178,0.0,0.0
2026-04-01,99.0,104.20999908447266,98.5999984741211,101.81999969482422,101.81999969482422,1493391,0.0,0.0
2026-04-02,100.0,104.22000122070312,97.12999725341797,103.4800033569336,103.4800033569336,996343,0.0,0.0
2026-04-06,103.47000122070312,104.23999786376953,99.4000015258789,103.62999725341797,103.62999725341797,850741,0.0,0.0
2026-04-07,102.08000183105469,105.26000213623047,101.0,103.0999984741211,103.0999984741211,704605,0.0,0.0
2026-04-08,108.77999877929688,109.16999816894531,105.5,106.69999694824219,106.69999694824219,1562042,0.0,0.0
2026-04-09,106.5999984741211,107.4000015258789,102.75,103.77999877929688,103.77999877929688,1018469,0.0,0.0
2026-04-10,103.05000305175781,109.38999938964844,103.05000305175781,108.55000305175781,108.55000305175781,799929,0.0,0.0
2026-04-13,105.7699966430664,108.30000305175781,104.52999877929688,106.79000091552734,106.79000091552734,777871,0.0,0.0
2026-04-15,108.0,110.58000183105469,107.0,107.91999816894531,107.91999816894531,595224,0.0,0.0
2026-04-16,108.5,109.3499984741211,106.83999633789062,108.1500015258789,108.1500015258789,551368,0.0,0.0
2026-04-17,108.5,109.87999725341797,105.20999908447266,106.9000015258789,106.9000015258789,565368,0.0,0.0
2026-04-20,107.9000015258789,107.91999816894531,105.1500015258789,105.88999938964844,105.88999938964844,339183,0.0,0.0
2026-04-21,105.87000274658203,106.9800033569336,104.30000305175781,104.98999786376953,104.98999786376953,416046,0.0,0.0
2026-04-22,105.0,105.7300033569336,102.81999969482422,104.08999633789062,104.08999633789062,423961,0.0,0.0
2026-04-23,102.52999877929688,104.0,101.1500015258789,102.37999725341797,102.37999725341797,336213,0.0,0.0
2026-04-24,103.5,103.5,100.70999908447266,101.9000015258789,101.9000015258789,271264,0.0,0.0
2026-04-27,101.51000213623047,104.48999786376953,101.5,103.44999694824219,103.44999694824219,440785,0.0,0.0
2026-04-28,103.0,103.27999877929688,99.56999969482422,100.27999877929688,100.27999877929688,276023,0.0,0.0
2026-04-29,101.08000183105469,102.5,100.55000305175781,101.19000244140625,101.19000244140625,337630,0.0,0.0
2026-04-30,100.80000305175781,101.75,98.62999725341797,100.12999725341797,100.12999725341797,308219,0.0,0.0
2026-05-01,100.12999725341797,100.12999725341797,100.12999725341797,100.12999725341797,100.12999725341797,0,0.0,0.0
2026-05-04,100.0,100.5,98.22000122070312,99.98999786376953,99.98999786376953,427931,0.0,0.0
2026-05-05,100.0,100.79000091552734,98.62999725341797,99.91000366210938,99.91000366210938,252048,0.0,0.0
2026-05-06,100.0,103.5,99.61000061035156,103.11000061035156,103.11000061035156,382049,0.0,0.0
2026-05-07,103.88999938964844,114.9000015258789,103.0,111.41999816894531,111.41999816894531,6794537,0.0,0.0
2026-05-08,112.87000274658203,115.0,111.97000122070312,113.87000274658203,113.87000274658203,1464896,0.0,0.0
2026-05-11,109.80999755859375,112.9000015258789,109.0,111.38999938964844,111.38999938964844,1037362,0.0,0.0
2026-05-12,109.0999984741211,112.0,106.0999984741211,108.3499984741211,108.3499984741211,1168993,0.0,0.0
2026-05-13,106.5,112.05000305175781,106.5,109.12000274658203,109.12000274658203,618694,0.0,0.0
2026-05-14,108.51000213623047,110.23999786376953,104.11000061035156,106.43000030517578,106.43000030517578,716387,0.0,0.0
2026-05-15,106.0,106.0,101.22000122070312,102.16999816894531,102.16999816894531,566850,0.0,0.0
2026-05-18,101.0,101.91999816894531,97.0,99.73999786376953,99.73999786376953,1151793,0.0,0.0
2026-05-19,99.51000213623047,103.0,98.0199966430664,101.87999725341797,101.87999725341797,588872,0.0,0.0
2026-05-20,101.9800033569336,103.5,99.95999908447266,102.54000091552734,102.54000091552734,297264,0.0,0.0
2026-05-21,102.25,104.0,102.0,102.9000015258789,102.9000015258789,314069,0.0,0.0
2026-05-22,103.38999938964844,103.44999694824219,100.30000305175781,101.36000061035156,101.36000061035156,224952,0.0,0.0
2026-05-25,101.8499984741211,107.0,101.33000183105469,103.87000274658203,103.87000274658203,291057,0.0,0.0
2026-05-26,103.0,104.4000015258789,101.1500015258789,102.33999633789062,102.33999633789062,468361,0.0,0.0
2026-05-27,102.0,106.80000305175781,102.0,105.95999908447266,105.95999908447266,664193,0.0,0.0
2026-05-28,105.95999908447266,105.95999908447266,105.95999908447266,105.95999908447266,105.95999908447266,0,0.0,0.0
2026-05-29,108.0,108.98999786376953,100.55000305175781,103.30999755859375,103.30999755859375,871924,0.0,0.0
2026-06-01,104.79000091552734,105.5,102.16999816894531,103.08000183105469,103.08000183105469,527730,0.0,0.0
2026-06-02,102.51000213623047,104.19999694824219,101.55999755859375,103.54000091552734,103.54000091552734,192251,0.0,0.0
2026-06-03,102.91999816894531,103.55000305175781,101.1500015258789,103.12999725341797,103.12999725341797,236015,0.0,0.0
2026-06-04,102.8499984741211,104.19000244140625,101.1500015258789,102.30999755859375,102.30999755859375,247016,0.0,0.0
2026-06-05,102.01000213623047,103.29000091552734,100.98999786376953,101.44000244140625,101.44000244140625,217704,0.0,0.0
2026-06-08,99.55000305175781,102.4800033569336,98.51000213623047,100.7699966430664,100.7699966430664,224620,0.0,0.0
2026-06-09,101.29000091552734,101.75,98.5999984741211,100.06999969482422,100.06999969482422,372388,0.0,0.0
2026-06-10,100.0,100.4000015258789,92.80000305175781,96.13999938964844,96.13999938964844,1112179,0.0,0.0
2026-06-11,96.37000274658203,107.0,95.44000244140625,102.66999816894531,102.66999816894531,3951547,0.0,0.0
2026-06-12,103.56999969482422,105.69999694824219,103.56999969482422,104.6500015258789,104.6500015258789,618836,0.0,0.0
2026-06-15,106.0,107.44000244140625,104.12000274658203,105.8499984741211,105.8499984741211,552905,0.0,0.0
2026-06-16,105.8499984741211,114.79000091552734,105.8499984741211,114.0,114.0,3614044,0.0,0.0
2026-06-17,115.9000015258789,119.80000305175781,109.05999755859375,110.20999908447266,110.20999908447266,2173135,0.0,0.0
2026-06-18,110.19999694824219,112.77999877929688,108.66000366210938,110.11000061035156,110.11000061035156,643914,0.0,0.0
2026-06-19,110.0,112.0,108.83000183105469,111.33000183105469,111.33000183105469,394005,0.0,0.0
2026-06-22,112.01000213623047,115.5,112.01000213623047,114.02999877929688,114.02999877929688,553478,0.0,0.0
2026-06-23,114.0,117.76000213623047,112.0999984741211,112.93000030517578,112.93000030517578,424594,0.0,0.0
2026-06-24,112.51000213623047,115.9000015258789,112.1500015258789,114.91000366210938,114.91000366210938,415276,0.0,0.0
2026-06-25,115.76000213623047,116.05000305175781,113.5,114.1500015258789,114.1500015258789,237606,0.0,0.0
2026-06-26,114.1500015258789,114.1500015258789,114.1500015258789,114.1500015258789,114.1500015258789,0,0.0,0.0
2026-06-29,114.1500015258789,118.0,113.4000015258789,115.62999725341797,115.62999725341797,549502,0.0,0.0
2026-06-30,115.75,117.5999984741211,114.86000061035156,116.66999816894531,116.66999816894531,221467,0.0,0.0
2026-07-01,116.69999694824219,118.80000305175781,116.30999755859375,117.30999755859375,117.30999755859375,426062,0.0,0.0
2026-07-02,117.31999969482422,121.5,117.30999755859375,120.5199966430664,120.5199966430664,531648,0.0,0.0
2026-07-03,119.98999786376953,122.0,119.7699966430664,121.3499984741211,121.3499984741211,328139,0.0,0.0
2026-07-06,121.9000015258789,123.75,119.19999694824219,120.01000213623047,120.01000213623047,493356,0.0,0.0
2026-07-07,120.48999786376953,121.7699966430664,119.0,120.81999969482422,120.81999969482422,181273,0.0,0.0
2026-07-08,119.5999984741211,123.0,114.9000015258789,115.52999877929688,115.52999877929688,829647,0.0,0.0
2026-07-09,115.8499984741211,122.4800033569336,115.8499984741211,120.52999877929688,120.52999877929688,733677,0.0,0.0
2026-07-10,121.5,121.56999969482422,117.70999908447266,119.13999938964844,119.13999938964844,236649,0.0,0.0
2026-07-13,117.43000030517578,120.19000244140625,117.43000030517578,119.43000030517578,119.43000030517578,177935,0.0,0.0
2026-07-14,118.83000183105469,120.95999908447266,117.80000305175781,118.97000122070312,118.97000122070312,178785,0.0,0.0
2026-07-15,119.5,121.0,118.25,120.08999633789062,120.08999633789062,124637,0.0,0.0
2026-07-16,119.0999984741211,121.0,119.0,119.91000366210938,119.91000366210938,127482,0.0,0.0
2026-07-17,119.0999984741211,121.25,117.0,120.5,120.5,529775,0.0,0.0
2026-07-20,118.58000183105469,121.0,118.58000183105469,119.81999969482422,119.81999969482422,124832,0.0,0.0
2026-07-21,118.95999908447266,120.44999694824219,118.95999908447266,119.73999786376953,119.73999786376953,129447,0.0,0.0
2026-07-22,118.91999816894531,122.0,118.91999816894531,120.12000274658203,120.12000274658203,277443,0.0,0.0
2026-07-23,119.93000030517578,119.93000030517578,117.75,118.0999984741211,118.0999984741211,197361,0.0,0.0
2026-07-24,117.98999786376953,118.69999694824219,116.01000213623047,118.11000061035156,118.11000061035156,165862,0.0,0.0
2026-07-27,117.0,119.8499984741211,117.0,118.04000091552734,118.04000091552734,185414,0.0,0.0
2026-07-28,118.0,118.25,115.7699966430664,116.26000213623047,116.26000213623047,105000,0.0,0.0
2026-07-29,116.37999725341797,124.7699966430664,116.25,121.05999755859375,121.05999755859375,1279321,0.0,0.0
2026-07-30,120.75,121.5,118.76000213623047,119.55000305175781,119.55000305175781,287658,0.0,0.0
2026-07-31,120.0,120.0,116.52999877929688,117.2699966430664,117.2699966430664,186148,0.0,0.0
2026-08-03,118.0,119.37999725341797,115.0,115.5,115.5,354917,0.0,0.0
2026-08-04,115.5,117.80000305175781,114.0,117.11000061035156,117.11000061035156,172545,0.0,0.0
2026-08-05,118.7699966430664,125.5,116.61000061035156,124.94999694824219,124.94999694824219,839662,0.0,0.0
2026-08-06,125.0,127.4000015258789,121.25,122.4800033569336,122.4800033569336,519850,0.0,0.0
2026-08-07,121.5999984741211,127.80000305175781,120.5,123.19999694824219,123.19999694824219,621597,0.0,0.0
2026-08-10,123.5,127.4000015258789,113.62000274658203,116.7699966430664,116.7699966430664,1045768,0.0,0.0
2026-08-11,117.9000015258789,118.58000183105469,113.12999725341797,115.19999694824219,115.19999694824219,803455,0.0,0.0
2026-08-12,116.05000305175781,116.05000305175781,107.81999969482422,110.13999938964844,110.13999938964844,918270,0.0,0.0
2026-08-13,110.66999816894531,117.86000061035156,110.13999938964844,111.13999938964844,111.13999938964844,3440678,0.0,0.0
2026-08-14,115.0,124.9000015258789,115.0,123.02999877929688,123.02999877929688,5684414,0.0,0.0
