Date,Open,High,Low,Close,Adj Close,Volume,Dividends,Stock Splits
2023-04-03,30.0,31.5,29.14999961853028,31.5,31.5,2488986,0.0,0.0
2023-04-05,31.75,33.04999923706055,31.549999237060547,33.04999923706055,33.04999923706055,939603,0.0,0.0
2023-04-06,34.70000076293945,34.70000076293945,33.5,34.70000076293945,34.70000076293945,972135,0.0,0.0
2023-04-10,35.20000076293945,35.25,33.0,33.04999923706055,33.04999923706055,824526,0.0,0.0
2023-04-11,32.75,33.45000076293945,31.5,32.099998474121094,32.099998474121094,393225,0.0,0.0
2023-04-12,32.650001525878906,32.95000076293945,31.5,31.89999961853028,31.89999961853028,341823,0.0,0.0
2023-04-13,31.89999961853028,32.25,30.600000381469727,31.14999961853028,31.14999961853028,470776,0.0,0.0
2023-04-17,31.049999237060547,31.049999237060547,29.64999961853028,29.850000381469727,29.850000381469727,470247,0.0,0.0
2023-04-18,29.799999237060547,30.0,28.350000381469727,28.39999961853028,28.39999961853028,881170,0.0,0.0
2023-04-19,28.0,29.799999237060547,27.5,29.799999237060547,29.799999237060547,581991,0.0,0.0
2023-04-20,30.5,31.39999961853028,29.299999237060547,29.950000762939453,29.950000762939453,1310287,0.0,0.0
2023-04-21,30.299999237060547,30.350000381469727,28.39999961853028,29.0,29.0,461545,0.0,0.0
2023-04-24,29.14999961853028,29.14999961853028,27.75,27.950000762939453,27.950000762939453,403319,0.0,0.0
2023-04-25,28.049999237060547,29.89999961853028,27.299999237060547,28.049999237060547,28.049999237060547,978578,0.0,0.0
2023-04-26,28.200000762939453,28.850000381469727,28.0,28.350000381469727,28.350000381469727,320372,0.0,0.0
2023-04-27,29.850000381469727,33.29999923706055,29.299999237060547,32.20000076293945,32.20000076293945,2853273,0.0,0.0
2023-04-28,32.5,32.95000076293945,31.350000381469727,31.450000762939453,31.450000762939453,672240,0.0,0.0
2023-05-02,31.75,33.900001525878906,31.5,32.349998474121094,32.349998474121094,887877,0.0,0.0
2023-05-03,32.0,32.599998474121094,31.350000381469727,31.5,31.5,407019,0.0,0.0
2023-05-04,31.75,32.29999923706055,31.450000762939453,31.700000762939453,31.700000762939453,273874,0.0,0.0
2023-05-05,32.0,32.04999923706055,31.14999961853028,31.200000762939453,31.200000762939453,269331,0.0,0.0
2023-05-08,31.700000762939453,31.799999237060547,30.100000381469727,30.299999237060547,30.299999237060547,438829,0.0,0.0
2023-05-09,30.549999237060547,31.049999237060547,30.0,30.299999237060547,30.299999237060547,452280,0.0,0.0
2023-05-10,30.600000381469727,30.75,30.200000762939453,30.600000381469727,30.600000381469727,158624,0.0,0.0
2023-05-11,30.850000381469727,31.14999961853028,30.299999237060547,30.450000762939453,30.450000762939453,214861,0.0,0.0
2023-05-12,30.549999237060547,30.700000762939453,30.14999961853028,30.39999961853028,30.39999961853028,192069,0.0,0.0
2023-05-15,31.299999237060547,31.39999961853028,30.64999961853028,30.850000381469727,30.850000381469727,274853,0.0,0.0
2023-05-16,30.75,31.75,30.64999961853028,30.799999237060547,30.799999237060547,296821,0.0,0.0
2023-05-17,30.89999961853028,31.700000762939453,30.799999237060547,31.5,31.5,370049,0.0,0.0
2023-05-18,31.700000762939453,32.349998474121094,30.89999961853028,31.200000762939453,31.200000762939453,301622,0.0,0.0
2023-05-19,30.950000762939453,31.200000762939453,30.350000381469727,30.39999961853028,30.39999961853028,183083,0.0,0.0
2023-05-22,30.39999961853028,30.39999961853028,29.89999961853028,29.950000762939453,29.950000762939453,200672,0.0,0.0
2023-05-23,30.200000762939453,30.450000762939453,29.5,29.600000381469727,29.600000381469727,208342,0.0,0.0
2023-05-24,29.600000381469727,29.89999961853028,29.350000381469727,29.5,29.5,137506,0.0,0.0
2023-05-25,29.5,29.950000762939453,29.39999961853028,29.64999961853028,29.64999961853028,133531,0.0,0.0
2023-05-26,29.5,30.299999237060547,29.5,29.75,29.75,145724,0.0,0.0
2023-05-29,29.950000762939453,30.5,29.5,29.950000762939453,29.950000762939453,208195,0.0,0.0
2023-05-30,30.100000381469727,30.39999961853028,29.64999961853028,30.0,30.0,126122,0.0,0.0
2023-05-31,31.799999237060547,32.29999923706055,30.64999961853028,31.0,31.0,415811,0.0,0.0
2023-06-01,31.25,31.89999961853028,30.89999961853028,31.100000381469727,31.100000381469727,221797,0.0,0.0
2023-06-02,31.39999961853028,31.799999237060547,30.799999237060547,31.049999237060547,31.049999237060547,232899,0.0,0.0
2023-06-05,31.200000762939453,31.39999961853028,30.64999961853028,30.75,30.75,145237,0.0,0.0
2023-06-06,30.950000762939453,30.950000762939453,30.25,30.299999237060547,30.299999237060547,135357,0.0,0.0
2023-06-07,30.299999237060547,30.5,30.100000381469727,30.14999961853028,30.14999961853028,142933,0.0,0.0
2023-06-08,30.600000381469727,31.450000762939453,30.39999961853028,30.600000381469727,30.600000381469727,344343,0.0,0.0
2023-06-09,30.799999237060547,30.89999961853028,30.350000381469727,30.450000762939453,30.450000762939453,92451,0.0,0.0
2023-06-12,30.350000381469727,33.20000076293945,30.200000762939453,32.79999923706055,32.79999923706055,960407,0.0,0.0
2023-06-13,33.20000076293945,33.95000076293945,32.650001525878906,33.349998474121094,33.349998474121094,906146,0.0,0.0
2023-06-14,33.54999923706055,33.54999923706055,32.650001525878906,33.04999923706055,33.04999923706055,293885,0.0,0.0
2023-06-15,33.45000076293945,33.599998474121094,32.5,32.75,32.75,195423,0.0,0.0
2023-06-16,33.0,33.20000076293945,32.25,32.45000076293945,32.45000076293945,210582,0.0,0.0
2023-06-19,32.54999923706055,33.0,31.700000762939453,31.850000381469727,31.850000381469727,180279,0.0,0.0
2023-06-20,31.75,32.400001525878906,31.549999237060547,31.64999961853028,31.64999961853028,108254,0.0,0.0
2023-06-21,31.89999961853028,32.5,30.799999237060547,31.549999237060547,31.549999237060547,246153,0.0,0.0
2023-06-22,31.600000381469727,31.700000762939453,30.89999961853028,31.100000381469727,31.100000381469727,167034,0.0,0.0
2023-06-23,31.100000381469727,31.25,30.39999961853028,30.5,30.5,185169,0.0,0.0
2023-06-26,30.700000762939453,30.75,30.5,30.600000381469727,30.600000381469727,145446,0.0,0.0
2023-06-27,30.5,30.850000381469727,30.5,30.5,30.5,163384,0.0,0.0
2023-06-28,30.799999237060547,31.600000381469727,30.450000762939453,30.89999961853028,30.89999961853028,263118,0.0,0.0
2023-06-30,30.950000762939453,31.200000762939453,30.5,30.700000762939453,30.700000762939453,157086,0.0,0.0
2023-07-03,30.799999237060547,30.950000762939453,30.39999961853028,30.450000762939453,30.450000762939453,129425,0.0,0.0
2023-07-04,30.600000381469727,30.64999961853028,30.299999237060547,30.39999961853028,30.39999961853028,81198,0.0,0.0
2023-07-05,30.5,30.600000381469727,30.100000381469727,30.299999237060547,30.299999237060547,156262,0.0,0.0
2023-07-06,30.450000762939453,30.799999237060547,30.25,30.39999961853028,30.39999961853028,186929,0.0,0.0
2023-07-07,30.5,31.350000381469727,30.14999961853028,30.25,30.25,220258,0.0,0.0
2023-07-10,30.200000762939453,30.549999237060547,29.89999961853028,29.950000762939453,29.950000762939453,174967,0.0,0.0
2023-07-11,29.950000762939453,30.200000762939453,29.700000762939453,29.799999237060547,29.799999237060547,122782,0.0,0.0
2023-07-12,30.14999961853028,30.14999961853028,29.5,29.799999237060547,29.799999237060547,126586,0.0,0.0
2023-07-13,29.89999961853028,29.950000762939453,29.0,29.100000381469727,29.100000381469727,209132,0.0,0.0
2023-07-14,29.25,29.850000381469727,29.200000762939453,29.600000381469727,29.600000381469727,144391,0.0,0.0
2023-07-17,29.700000762939453,29.850000381469727,29.549999237060547,29.700000762939453,29.700000762939453,143975,0.0,0.0
2023-07-18,29.700000762939453,29.799999237060547,29.299999237060547,29.39999961853028,29.39999961853028,90918,0.0,0.0
2023-07-19,29.5,29.549999237060547,29.100000381469727,29.14999961853028,29.14999961853028,124385,0.0,0.0
2023-07-20,29.14999961853028,29.39999961853028,29.100000381469727,29.25,29.25,84137,0.0,0.0
2023-07-21,29.39999961853028,30.14999961853028,29.049999237060547,29.600000381469727,29.600000381469727,184438,0.0,0.0
2023-07-24,29.89999961853028,31.299999237060547,29.450000762939453,30.25,30.25,447832,0.0,0.0
2023-07-25,30.299999237060547,30.799999237060547,29.89999961853028,30.200000762939453,30.200000762939453,168610,0.0,0.0
2023-07-26,30.39999961853028,30.39999961853028,29.64999961853028,29.799999237060547,29.799999237060547,109727,0.0,0.0
2023-07-27,30.299999237060547,30.299999237060547,29.5,29.549999237060547,29.549999237060547,113394,0.0,0.0
2023-07-28,29.850000381469727,30.64999961853028,29.549999237060547,29.799999237060547,29.799999237060547,220921,0.0,0.0
2023-07-31,30.299999237060547,30.299999237060547,29.64999961853028,29.850000381469727,29.850000381469727,118944,0.0,0.0
2023-08-01,30.14999961853028,30.14999961853028,29.700000762939453,29.799999237060547,29.799999237060547,157646,0.0,0.0
2023-08-02,30.0,30.39999961853028,29.700000762939453,29.799999237060547,29.799999237060547,351267,0.0,0.0
2023-08-03,29.75,30.200000762939453,29.64999961853028,29.75,29.75,113579,0.0,0.0
2023-08-04,30.049999237060547,30.049999237060547,29.75,29.89999961853028,29.89999961853028,90115,0.0,0.0
2023-08-07,29.89999961853028,30.299999237060547,29.600000381469727,29.64999961853028,29.64999961853028,166262,0.0,0.0
2023-08-08,29.850000381469727,29.950000762939453,29.5,29.549999237060547,29.549999237060547,97001,0.0,0.0
2023-08-09,29.75,29.850000381469727,29.549999237060547,29.600000381469727,29.600000381469727,102350,0.0,0.0
2023-08-10,29.64999961853028,30.299999237060547,29.5,29.799999237060547,29.799999237060547,186486,0.0,0.0
2023-08-11,29.799999237060547,30.200000762939453,29.700000762939453,30.049999237060547,30.049999237060547,108623,0.0,0.0
2023-08-14,30.5,30.5,29.549999237060547,29.799999237060547,29.799999237060547,152877,0.0,0.0
2023-08-16,30.200000762939453,32.650001525878906,30.200000762939453,32.20000076293945,32.20000076293945,1561235,0.0,0.0
2023-08-17,32.75,33.0,31.25,31.75,31.75,446356,0.0,0.0
2023-08-18,31.89999961853028,31.89999961853028,31.0,31.200000762939453,31.200000762939453,150716,0.0,0.0
2023-08-21,31.350000381469727,31.350000381469727,30.700000762939453,30.75,30.75,128693,0.0,0.0
2023-08-22,30.75,31.299999237060547,30.75,30.850000381469727,30.850000381469727,161305,0.0,0.0
2023-08-23,31.0,31.0,30.700000762939453,30.75,30.75,80462,0.0,0.0
2023-08-24,30.850000381469727,30.950000762939453,30.600000381469727,30.64999961853028,30.64999961853028,126492,0.0,0.0
2023-08-25,30.64999961853028,31.799999237060547,30.64999961853028,30.799999237060547,30.799999237060547,230693,0.0,0.0
2023-08-28,31.25,31.299999237060547,30.89999961853028,30.950000762939453,30.950000762939453,89348,0.0,0.0
2023-08-29,31.299999237060547,31.299999237060547,30.0,30.25,30.25,248850,0.0,0.0
2023-08-30,30.450000762939453,30.950000762939453,30.450000762939453,30.600000381469727,30.600000381469727,117888,0.0,0.0
2023-08-31,30.549999237060547,30.89999961853028,30.39999961853028,30.5,30.5,98040,0.0,0.0
2023-09-01,30.39999961853028,30.799999237060547,30.39999961853028,30.549999237060547,30.549999237060547,98631,0.0,0.0
2023-09-04,30.700000762939453,31.600000381469727,30.549999237060547,31.39999961853028,31.39999961853028,463581,0.0,0.0
2023-09-05,31.5,32.95000076293945,31.5,32.400001525878906,32.400001525878906,736852,0.0,0.0
2023-09-06,32.5,38.84999847412109,32.400001525878906,38.79999923706055,38.79999923706055,5566245,0.0,0.0
2023-09-07,40.95000076293945,44.29999923706055,39.25,40.79999923706055,40.79999923706055,6146890,0.0,0.0
2023-09-08,41.0,43.45000076293945,37.79999923706055,39.59999847412109,39.59999847412109,1993037,0.0,0.0
2023-09-11,40.45000076293945,41.34999847412109,37.900001525878906,38.650001525878906,38.650001525878906,879746,0.0,0.0
2023-09-12,39.150001525878906,39.29999923706055,31.600000381469727,34.20000076293945,34.20000076293945,2072364,0.0,0.0
2023-09-13,34.5,37.5,34.5,37.09999847412109,37.09999847412109,944250,0.0,0.0
2023-09-14,37.900001525878906,37.900001525878906,35.400001525878906,35.95000076293945,35.95000076293945,649137,0.0,0.0
2023-09-15,36.29999923706055,36.75,35.54999923706055,35.849998474121094,35.849998474121094,274954,0.0,0.0
2023-09-18,35.849998474121094,36.400001525878906,35.04999923706055,35.349998474121094,35.349998474121094,214666,0.0,0.0
2023-09-20,35.25,36.5,35.20000076293945,36.0,36.0,306085,0.0,0.0
2023-09-21,35.650001525878906,36.70000076293945,35.0,35.400001525878906,35.400001525878906,330422,0.0,0.0
2023-09-22,35.599998474121094,35.900001525878906,34.599998474121094,35.20000076293945,35.20000076293945,275240,0.0,0.0
2023-09-25,35.45000076293945,36.45000076293945,35.099998474121094,35.650001525878906,35.650001525878906,321406,0.0,0.0
2023-09-26,35.650001525878906,35.900001525878906,34.95000076293945,35.0,35.0,234681,0.0,0.0
2023-09-27,35.0,35.29999923706055,34.70000076293945,34.95000076293945,34.95000076293945,206682,0.0,0.0
2023-09-28,34.75,36.59999847412109,34.75,35.20000076293945,35.20000076293945,292614,0.0,0.0
2023-09-29,35.45000076293945,35.599998474121094,34.79999923706055,35.04999923706055,35.04999923706055,231696,0.0,0.0
2023-10-03,35.349998474121094,35.349998474121094,34.20000076293945,34.650001525878906,34.650001525878906,286079,0.0,0.0
2023-10-04,34.599998474121094,35.5,33.95000076293945,34.54999923706055,34.54999923706055,327604,0.0,0.0
2023-10-05,35.150001525878906,35.349998474121094,34.54999923706055,35.0,35.0,157816,0.0,0.0
2023-10-06,34.75,38.5,34.75,37.45000076293945,37.45000076293945,1741710,0.0,0.0
2023-10-09,37.34999847412109,37.400001525878906,36.0,36.5,36.5,488767,0.0,0.0
2023-10-10,36.900001525878906,37.34999847412109,35.95000076293945,36.650001525878906,36.650001525878906,439472,0.0,0.0
2023-10-11,37.0,37.29999923706055,36.25,36.400001525878906,36.400001525878906,287483,0.0,0.0
2023-10-12,36.75,37.09999847412109,36.0,36.20000076293945,36.20000076293945,231492,0.0,0.0
2023-10-13,36.20000076293945,40.5,36.09999847412109,39.400001525878906,39.400001525878906,2700460,0.0,0.0
2023-10-16,39.70000076293945,40.45000076293945,38.75,39.09999847412109,39.09999847412109,758461,0.0,0.0
2023-10-17,39.25,39.70000076293945,38.09999847412109,38.400001525878906,38.400001525878906,362138,0.0,0.0
2023-10-18,38.54999923706055,39.79999923706055,37.650001525878906,38.75,38.75,497720,0.0,0.0
2023-10-19,38.5,40.95000076293945,38.0,39.650001525878906,39.650001525878906,897863,0.0,0.0
2023-10-20,40.0,40.45000076293945,39.0,39.34999847412109,39.34999847412109,389859,0.0,0.0
2023-10-23,39.400001525878906,39.54999923706055,35.29999923706055,35.54999923706055,35.54999923706055,893172,0.0,0.0
2023-10-25,36.09999847412109,36.95000076293945,34.150001525878906,35.599998474121094,35.599998474121094,546898,0.0,0.0
2023-10-26,35.25,36.09999847412109,34.20000076293945,35.75,35.75,355018,0.0,0.0
2023-10-27,36.29999923706055,36.95000076293945,35.900001525878906,36.5,36.5,274056,0.0,0.0
2023-10-30,36.5,36.70000076293945,36.0,36.20000076293945,36.20000076293945,121256,0.0,0.0
2023-10-31,36.70000076293945,38.20000076293945,35.900001525878906,37.20000076293945,37.20000076293945,372797,0.0,0.0
2023-11-01,37.54999923706055,37.54999923706055,36.45000076293945,37.0,37.0,113345,0.0,0.0
2023-11-02,37.45000076293945,37.650001525878906,36.79999923706055,36.900001525878906,36.900001525878906,162739,0.0,0.0
2023-11-03,37.400001525878906,37.650001525878906,36.54999923706055,36.900001525878906,36.900001525878906,317453,0.0,0.0
2023-11-06,37.04999923706055,38.70000076293945,36.150001525878906,36.54999923706055,36.54999923706055,672380,0.0,0.0
2023-11-07,36.84999847412109,37.84999847412109,36.5,37.09999847412109,37.09999847412109,238097,0.0,0.0
2023-11-08,37.20000076293945,37.95000076293945,36.84999847412109,37.04999923706055,37.04999923706055,213975,0.0,0.0
2023-11-09,37.45000076293945,39.0,37.150001525878906,37.70000076293945,37.70000076293945,427996,0.0,0.0
2023-11-10,38.04999923706055,38.04999923706055,36.650001525878906,37.20000076293945,37.20000076293945,199935,0.0,0.0
2023-11-13,37.09999847412109,37.09999847412109,35.95000076293945,36.29999923706055,36.29999923706055,333751,0.0,0.0
2023-11-15,37.34999847412109,37.34999847412109,36.09999847412109,36.75,36.75,278157,0.0,0.0
2023-11-16,36.900001525878906,37.0,36.150001525878906,36.29999923706055,36.29999923706055,217443,0.0,0.0
2023-11-17,36.79999923706055,38.84999847412109,36.25,37.650001525878906,37.650001525878906,1086974,0.0,0.0
2023-11-20,37.900001525878906,40.400001525878906,37.900001525878906,38.650001525878906,38.650001525878906,1512347,0.0,0.0
2023-11-21,39.0,39.25,38.0,38.34999847412109,38.34999847412109,259893,0.0,0.0
2023-11-22,38.34999847412109,38.5,36.900001525878906,37.59999847412109,37.59999847412109,248705,0.0,0.0
2023-11-23,37.5,38.95000076293945,37.5,37.84999847412109,37.84999847412109,319526,0.0,0.0
2023-11-24,38.0,38.900001525878906,36.900001525878906,37.75,37.75,303261,0.0,0.0
2023-11-28,38.09999847412109,38.09999847412109,37.0,37.400001525878906,37.400001525878906,204895,0.0,0.0
2023-11-29,37.70000076293945,38.84999847412109,37.25,38.0,38.0,454343,0.0,0.0
2023-11-30,38.54999923706055,38.54999923706055,36.79999923706055,37.25,37.25,328534,0.0,0.0
2023-12-01,37.70000076293945,37.70000076293945,37.0,37.34999847412109,37.34999847412109,182097,0.0,0.0
2023-12-04,37.900001525878906,38.09999847412109,37.20000076293945,37.34999847412109,37.34999847412109,235522,0.0,0.0
2023-12-05,37.650001525878906,37.650001525878906,36.95000076293945,37.29999923706055,37.29999923706055,197079,0.0,0.0
2023-12-06,37.59999847412109,39.5,37.25,39.20000076293945,39.20000076293945,1159708,0.0,0.0
2023-12-07,39.29999923706055,40.900001525878906,39.25,39.45000076293945,39.45000076293945,1407232,0.0,0.0
2023-12-08,39.84999847412109,39.95000076293945,37.84999847412109,38.25,38.25,394129,0.0,0.0
2023-12-11,38.5,40.09999847412109,38.29999923706055,39.79999923706055,39.79999923706055,668370,0.0,0.0
2023-12-12,42.0,42.0,40.0,40.650001525878906,40.650001525878906,1567632,0.0,0.0
2023-12-13,40.75,43.29999923706055,40.75,41.70000076293945,41.70000076293945,1787967,0.0,0.0
2023-12-14,42.0,42.34999847412109,40.150001525878906,40.400001525878906,40.400001525878906,549770,0.0,0.0
2023-12-15,40.70000076293945,41.5,40.29999923706055,40.900001525878906,40.900001525878906,454944,0.0,0.0
2023-12-18,40.95000076293945,43.5,40.400001525878906,42.400001525878906,42.400001525878906,1543675,0.0,0.0
2023-12-19,42.45000076293945,43.0,41.09999847412109,41.34999847412109,41.34999847412109,438545,0.0,0.0
2023-12-20,41.59999847412109,42.09999847412109,38.0,38.25,38.25,892705,0.0,0.0
2023-12-21,37.54999923706055,39.5,36.25,39.150001525878906,39.150001525878906,393469,0.0,0.0
2023-12-22,39.5,39.95000076293945,38.54999923706055,38.900001525878906,38.900001525878906,292366,0.0,0.0
2023-12-26,39.25,39.70000076293945,38.95000076293945,39.09999847412109,39.09999847412109,222338,0.0,0.0
2023-12-27,39.34999847412109,39.95000076293945,38.34999847412109,38.79999923706055,38.79999923706055,263663,0.0,0.0
2023-12-28,39.09999847412109,39.25,38.34999847412109,38.59999847412109,38.59999847412109,181153,0.0,0.0
2023-12-29,38.84999847412109,39.29999923706055,38.25,38.54999923706055,38.54999923706055,213701,0.0,0.0
2024-01-01,39.34999847412109,41.45000076293945,39.34999847412109,40.70000076293945,40.70000076293945,1088784,0.0,0.0
2024-01-02,41.0,41.400001525878906,39.54999923706055,40.59999847412109,40.59999847412109,520245,0.0,0.0
2024-01-03,41.0,47.400001525878906,40.84999847412109,46.29999923706055,46.29999923706055,7169961,0.0,0.0
2024-01-04,46.59999847412109,48.5,45.29999923706055,46.5,46.5,3114580,0.0,0.0
2024-01-05,46.95000076293945,49.0,45.54999923706055,47.29999923706055,47.29999923706055,2036363,0.0,0.0
2024-01-08,47.650001525878906,48.34999847412109,46.29999923706055,46.75,46.75,1062202,0.0,0.0
2024-01-09,47.150001525878906,51.29999923706055,47.0,49.25,49.25,2892132,0.0,0.0
2024-01-10,49.400001525878906,50.34999847412109,48.400001525878906,49.84999847412109,49.84999847412109,1247692,0.0,0.0
2024-01-11,50.04999923706055,52.5,49.5,51.20000076293945,51.20000076293945,1234550,0.0,0.0
2024-01-12,51.75,51.75,50.5,50.54999923706055,50.54999923706055,621109,0.0,0.0
2024-01-15,50.54999923706055,50.54999923706055,50.54999923706055,50.54999923706055,50.54999923706055,0,0.0,0.0
2024-01-16,48.95000076293945,49.20000076293945,46.150001525878906,47.650001525878906,47.650001525878906,836401,0.0,0.0
2024-01-17,47.25,49.900001525878906,45.79999923706055,48.20000076293945,48.20000076293945,759346,0.0,0.0
2024-01-18,48.54999923706055,49.79999923706055,46.54999923706055,48.70000076293945,48.70000076293945,560639,0.0,0.0
2024-01-19,49.25,50.34999847412109,47.04999923706055,47.54999923706055,47.54999923706055,1128743,0.0,0.0
2024-01-23,48.09999847412109,48.400001525878906,45.34999847412109,45.650001525878906,45.650001525878906,606726,0.0,0.0
2024-01-24,45.0,47.29999923706055,44.29999923706055,46.04999923706055,46.04999923706055,442671,0.0,0.0
2024-01-25,46.29999923706055,46.84999847412109,45.900001525878906,46.400001525878906,46.400001525878906,259859,0.0,0.0
2024-01-29,47.0,51.5,47.0,50.79999923706055,50.79999923706055,2004665,0.0,0.0
2024-01-30,53.84999847412109,54.400001525878906,50.09999847412109,50.45000076293945,50.45000076293945,1350650,0.0,0.0
2024-01-31,50.75,54.0,50.20000076293945,53.0,53.0,1503731,0.0,0.0
2024-02-01,53.400001525878906,53.400001525878906,50.5,51.04999923706055,51.04999923706055,754832,0.0,0.0
2024-02-02,51.45000076293945,52.75,50.34999847412109,51.04999923706055,51.04999923706055,636291,0.0,0.0
2024-02-05,51.29999923706055,52.59999847412109,50.0,50.79999923706055,50.79999923706055,571976,0.0,0.0
2024-02-06,51.09999847412109,60.95000076293945,51.09999847412109,60.95000076293945,60.95000076293945,5131825,0.0,0.0
2024-02-07,63.79999923706055,63.79999923706055,58.0,59.25,59.25,3642390,0.0,0.0
2024-02-08,59.70000076293945,61.650001525878906,58.59999847412109,59.29999923706055,59.29999923706055,1376008,0.0,0.0
2024-02-09,59.5,59.5,54.45000076293945,56.29999923706055,56.29999923706055,1653632,0.0,0.0
2024-02-12,56.650001525878906,56.650001525878906,52.29999923706055,52.70000076293945,52.70000076293945,892169,0.0,0.0
2024-02-13,52.95000076293945,54.20000076293945,50.400001525878906,52.650001525878906,52.650001525878906,639906,0.0,0.0
2024-02-14,52.29999923706055,54.54999923706055,50.0,52.75,52.75,693606,0.0,0.0
2024-02-15,62.0,63.29999923706055,58.70000076293945,63.29999923706055,63.29999923706055,1454860,0.0,0.0
2024-02-16,64.94999694824219,72.5,61.70000076293945,65.5999984741211,65.5999984741211,7900242,0.0,0.0
2024-02-19,66.75,70.19999694824219,66.75,68.69999694824219,68.69999694824219,1252736,0.0,0.0
2024-02-20,69.94999694824219,69.94999694824219,65.30000305175781,65.30000305175781,65.30000305175781,289703,0.0,0.0
2024-02-21,63.0,64.44999694824219,62.04999923706055,62.04999923706055,62.04999923706055,214244,0.0,0.0
2024-02-22,59.09999847412109,62.0,58.95000076293945,61.59999847412109,61.59999847412109,326417,0.0,0.0
2024-02-23,61.95000076293945,64.30000305175781,60.5,62.150001525878906,62.150001525878906,188620,0.0,0.0
2024-02-26,63.0,65.0,59.79999923706055,60.45000076293945,60.45000076293945,230032,0.0,0.0
2024-02-27,61.95000076293945,61.95000076293945,58.0,59.34999847412109,59.34999847412109,223963,0.0,0.0
2024-02-28,58.84999847412109,59.650001525878906,56.400001525878906,56.95000076293945,56.95000076293945,188287,0.0,0.0
2024-02-29,57.54999923706055,59.400001525878906,55.0,57.25,57.25,175502,0.0,0.0
2024-03-01,57.900001525878906,60.09999847412109,57.5,60.09999847412109,60.09999847412109,134742,0.0,0.0
2024-03-04,61.70000076293945,62.84999847412109,58.70000076293945,59.150001525878906,59.150001525878906,145913,0.0,0.0
2024-03-05,59.29999923706055,60.0,57.09999847412109,57.54999923706055,57.54999923706055,98588,0.0,0.0
2024-03-06,57.54999923706055,58.34999847412109,54.70000076293945,57.150001525878906,57.150001525878906,182129,0.0,0.0
2024-03-07,57.900001525878906,57.900001525878906,55.29999923706055,56.45000076293945,56.45000076293945,46405,0.0,0.0
2024-03-11,55.34999847412109,56.95000076293945,53.650001525878906,53.900001525878906,53.900001525878906,156187,0.0,0.0
2024-03-12,53.75,56.54999923706055,51.20000076293945,52.900001525878906,52.900001525878906,226552,0.0,0.0
2024-03-13,52.59999847412109,53.45000076293945,50.25,50.25,50.25,174810,0.0,0.0
2024-03-14,49.0,51.75,47.75,50.34999847412109,50.34999847412109,220361,0.0,0.0
2024-03-15,50.84999847412109,51.79999923706055,48.09999847412109,50.09999847412109,50.09999847412109,111139,0.0,0.0
2024-03-18,50.0,50.650001525878906,48.5,49.04999923706055,49.04999923706055,92752,0.0,0.0
2024-03-19,49.09999847412109,50.400001525878906,47.0,48.0,48.0,102415,0.0,0.0
2024-03-20,48.59999847412109,48.59999847412109,46.0,47.25,47.25,102549,0.0,0.0
2024-03-21,47.95000076293945,49.59999847412109,47.5,49.400001525878906,49.400001525878906,87337,0.0,0.0
2024-03-22,50.34999847412109,51.5,49.70000076293945,50.70000076293945,50.70000076293945,60286,0.0,0.0
2024-03-26,51.5,51.75,49.0,49.09999847412109,49.09999847412109,100623,0.0,0.0
2024-03-27,50.29999923706055,51.0,48.04999923706055,48.25,48.25,132512,0.0,0.0
2024-03-28,48.0,49.45000076293945,47.54999923706055,48.150001525878906,48.150001525878906,260373,0.0,0.0
2024-04-01,49.04999923706055,50.54999923706055,48.20000076293945,50.54999923706055,50.54999923706055,43477,0.0,0.0
2024-04-02,52.5,53.04999923706055,52.0,53.04999923706055,53.04999923706055,85183,0.0,0.0
2024-04-03,53.95000076293945,55.70000076293945,53.150001525878906,55.70000076293945,55.70000076293945,92057,0.0,0.0
2024-04-04,57.400001525878906,58.400001525878906,56.0,56.59999847412109,56.59999847412109,150682,0.0,0.0
2024-04-05,57.29999923706055,57.29999923706055,55.0,56.400001525878906,56.400001525878906,96086,0.0,0.0
2024-04-08,57.5,57.5,57.5,57.5,57.5,55078,0.0,0.0
2024-04-09,58.650001525878906,58.650001525878906,58.650001525878906,58.650001525878906,58.650001525878906,52068,0.0,0.0
2024-04-10,57.5,59.5,57.5,57.5,57.5,95976,0.0,0.0
2024-04-12,56.34999847412109,56.45000076293945,56.34999847412109,56.34999847412109,56.34999847412109,38412,0.0,0.0
2024-04-15,55.25,55.25,55.25,55.25,55.25,42843,0.0,0.0
2024-04-16,54.150001525878906,54.150001525878906,54.150001525878906,54.150001525878906,54.150001525878906,22873,0.0,0.0
2024-04-18,53.09999847412109,53.95000076293945,53.09999847412109,53.09999847412109,53.09999847412109,33884,0.0,0.0
2024-04-19,52.04999923706055,52.04999923706055,52.04999923706055,52.04999923706055,52.04999923706055,45938,0.0,0.0
2024-04-22,53.0,53.0,52.150001525878906,53.0,53.0,33150,0.0,0.0
2024-04-23,51.95000076293945,52.20000076293945,51.95000076293945,51.95000076293945,51.95000076293945,44982,0.0,0.0
2024-04-24,51.29999923706055,51.95000076293945,51.29999923706055,51.29999923706055,51.29999923706055,32377,0.0,0.0
2024-04-25,50.59999847412109,51.0,50.59999847412109,50.59999847412109,50.59999847412109,38193,0.0,0.0
2024-04-26,49.79999923706055,49.79999923706055,49.75,49.79999923706055,49.79999923706055,73499,0.0,0.0
2024-04-29,49.79999923706055,49.79999923706055,49.79999923706055,49.79999923706055,49.79999923706055,24437,0.0,0.0
2024-04-30,49.5,49.79999923706055,49.5,49.5,49.5,49215,0.0,0.0
2024-05-02,48.59999847412109,49.0,48.59999847412109,48.59999847412109,48.59999847412109,60984,0.0,0.0
2024-05-03,47.650001525878906,47.70000076293945,47.650001525878906,47.650001525878906,47.650001525878906,61183,0.0,0.0
2024-05-06,46.70000076293945,46.75,46.70000076293945,46.70000076293945,46.70000076293945,66434,0.0,0.0
2024-05-07,47.59999847412109,47.59999847412109,47.59999847412109,47.59999847412109,47.59999847412109,40583,0.0,0.0
2024-05-08,48.54999923706055,48.54999923706055,48.54999923706055,48.54999923706055,48.54999923706055,26772,0.0,0.0
2024-05-09,49.5,49.5,49.5,49.5,49.5,39428,0.0,0.0
2024-05-10,49.09999847412109,49.20000076293945,48.54999923706055,49.09999847412109,49.09999847412109,60237,0.0,0.0
2024-05-13,49.95000076293945,51.5,47.29999923706055,50.25,50.25,134493,0.0,0.0
2024-05-14,50.0,51.09999847412109,48.95000076293945,49.84999847412109,49.84999847412109,51262,0.0,0.0
2024-05-15,49.84999847412109,51.09999847412109,48.04999923706055,49.5,49.5,79695,0.0,0.0
2024-05-16,49.150001525878906,51.84999847412109,48.75,51.04999923706055,51.04999923706055,74268,0.0,0.0
2024-05-17,51.04999923706055,52.34999847412109,49.20000076293945,50.25,50.25,53221,0.0,0.0
2024-05-21,52.0,53.20000076293945,50.0,53.20000076293945,53.20000076293945,87204,0.0,0.0
2024-05-22,54.79999923706055,55.650001525878906,53.650001525878906,55.150001525878906,55.150001525878906,146233,0.0,0.0
2024-05-23,54.29999923706055,55.150001525878906,53.59999847412109,54.34999847412109,54.34999847412109,104092,0.0,0.0
2024-05-24,53.900001525878906,55.34999847412109,53.09999847412109,53.34999847412109,53.34999847412109,69159,0.0,0.0
2024-05-27,59.650001525878906,61.34999847412109,56.150001525878906,57.95000076293945,57.95000076293945,743700,0.0,0.0
2024-05-28,58.400001525878906,60.75,55.09999847412109,57.0,57.0,334627,0.0,0.0
2024-05-29,56.25,59.09999847412109,56.09999847412109,57.20000076293945,57.20000076293945,295112,0.0,0.0
2024-05-30,58.900001525878906,59.900001525878906,55.0,55.95000076293945,55.95000076293945,244810,0.0,0.0
2024-05-31,60.400001525878906,61.400001525878906,56.20000076293945,58.59999847412109,58.59999847412109,868441,0.0,0.0
2024-06-03,62.45000076293945,62.45000076293945,58.650001525878906,58.900001525878906,58.900001525878906,533326,0.0,0.0
2024-06-04,59.0,59.20000076293945,47.150001525878906,51.75,51.75,756712,0.0,0.0
2024-06-05,53.75,55.25,49.5,54.04999923706055,54.04999923706055,348731,0.0,0.0
2024-06-06,57.0,60.0,54.84999847412109,57.70000076293945,57.70000076293945,462398,0.0,0.0
2024-06-07,58.0,58.95000076293945,56.70000076293945,57.29999923706055,57.29999923706055,159900,0.0,0.0
2024-06-10,57.5099983215332,59.900001525878906,57.29999923706055,59.18999862670898,59.18999862670898,345423,0.0,0.0
2024-06-11,60.27999877929688,61.0,57.900001525878906,58.08000183105469,58.08000183105469,284877,0.0,0.0
2024-06-12,58.11000061035156,69.69000244140625,58.11000061035156,69.48999786376953,69.48999786376953,4312704,0.0,0.0
2024-06-13,71.80000305175781,74.12999725341797,68.4000015258789,72.19000244140625,72.19000244140625,2988854,0.0,0.0
2024-06-14,72.1500015258789,72.62999725341797,67.0999984741211,68.4000015258789,68.4000015258789,781682,0.0,0.0
2024-06-18,69.0999984741211,69.6500015258789,66.72000122070312,66.91999816894531,66.91999816894531,296309,0.0,0.0
2024-06-19,68.44999694824219,68.5,65.5,66.62999725341797,66.62999725341797,339174,0.0,0.0
2024-06-20,67.0,68.16999816894531,66.0,66.54000091552734,66.54000091552734,231031,0.0,0.0
2024-06-21,67.9800033569336,74.4000015258789,66.12000274658203,71.88999938964844,71.88999938964844,1464985,0.0,0.0
2024-06-24,72.01000213623047,81.98999786376953,72.01000213623047,80.7300033569336,80.7300033569336,2779694,0.0,0.0
2024-06-25,82.0,88.5,82.0,84.08999633789062,84.08999633789062,2846589,0.0,0.0
2024-06-26,84.97000122070312,86.79000091552734,80.01000213623047,82.12999725341797,82.12999725341797,1276485,0.0,0.0
2024-06-27,81.0,82.80000305175781,78.0199966430664,78.0199966430664,78.0199966430664,257129,0.0,0.0
2024-06-28,76.0,77.5,74.11000061035156,74.95999908447266,74.95999908447266,288783,0.0,0.0
2024-07-01,74.94999694824219,78.69999694824219,74.55000305175781,78.69999694824219,78.69999694824219,176283,0.0,0.0
2024-07-02,81.4000015258789,82.52999877929688,76.30000305175781,81.08999633789062,81.08999633789062,274134,0.0,0.0
2024-07-03,81.0,82.0,77.02999877929688,77.69999694824219,77.69999694824219,221071,0.0,0.0
2024-07-04,79.0,79.8499984741211,77.0,78.26000213623047,78.26000213623047,189730,0.0,0.0
2024-07-05,78.54000091552734,79.44999694824219,76.69000244140625,77.33000183105469,77.33000183105469,164823,0.0,0.0
2024-07-08,78.47000122070312,79.4000015258789,75.5,76.70999908447266,76.70999908447266,146604,0.0,0.0
2024-07-09,76.0,76.58999633789062,75.0,75.63999938964844,75.63999938964844,136455,0.0,0.0
2024-07-10,76.33999633789062,76.33999633789062,71.8499984741211,75.04000091552734,75.04000091552734,247624,0.0,0.0
2024-07-11,73.69999694824219,77.0,73.0,75.7300033569336,75.7300033569336,138790,0.0,0.0
2024-07-12,75.80000305175781,76.44999694824219,74.0,74.79000091552734,74.79000091552734,114255,0.0,0.0
2024-07-15,75.25,76.0,74.0,75.25,75.25,89268,0.0,0.0
2024-07-16,76.30000305175781,79.01000213623047,75.01000213623047,78.61000061035156,78.61000061035156,245203,0.0,0.0
2024-07-18,79.5999984741211,79.80000305175781,74.66999816894531,75.66999816894531,75.66999816894531,233348,0.0,0.0
2024-07-19,75.9800033569336,76.0,72.0999984741211,72.87999725341797,72.87999725341797,135072,0.0,0.0
2024-07-22,72.0,75.0,69.51000213623047,72.55000305175781,72.55000305175781,119759,0.0,0.0
2024-07-23,73.68000030517578,75.68000030517578,68.91999816894531,73.9800033569336,73.9800033569336,121015,0.0,0.0
2024-07-24,74.19999694824219,74.19999694824219,71.55000305175781,72.7699966430664,72.7699966430664,120383,0.0,0.0
2024-07-25,72.25,76.4000015258789,72.0,75.4800033569336,75.4800033569336,102205,0.0,0.0
2024-07-26,77.4000015258789,77.4000015258789,73.0999984741211,73.69999694824219,73.69999694824219,118959,0.0,0.0
2024-07-29,75.5999984741211,75.98999786376953,73.44999694824219,74.0,74.0,89659,0.0,0.0
2024-07-30,74.4000015258789,74.5,73.44999694824219,73.97000122070312,73.97000122070312,56464,0.0,0.0
2024-07-31,74.69000244140625,77.66000366210938,73.4000015258789,77.0,77.0,181059,0.0,0.0
2024-08-01,77.9800033569336,80.44999694824219,74.55000305175781,76.25,76.25,234001,0.0,0.0
2024-08-02,74.25,76.44999694824219,72.6500015258789,74.56999969482422,74.56999969482422,114858,0.0,0.0
2024-08-05,72.0,73.0,70.83999633789062,70.87999725341797,70.87999725341797,174632,0.0,0.0
2024-08-06,70.83999633789062,74.0,68.0,70.04000091552734,70.04000091552734,146315,0.0,0.0
2024-08-07,69.91000366210938,71.94999694824219,68.5,71.2300033569336,71.2300033569336,59621,0.0,0.0
2024-08-08,72.5999984741211,73.25,70.0,70.93000030517578,70.93000030517578,100494,0.0,0.0
2024-08-09,72.80000305175781,72.80000305175781,70.0,71.0,71.0,111273,0.0,0.0
2024-08-12,70.0999984741211,72.0,67.9000015258789,69.56999969482422,69.56999969482422,139495,0.0,0.0
2024-08-13,68.94999694824219,70.0,66.5,67.66000366210938,67.66000366210938,158993,0.0,0.0
2024-08-14,67.66000366210938,68.88999938964844,64.2699966430664,67.77999877929688,67.77999877929688,194327,0.0,0.0
2024-08-16,64.38999938964844,64.38999938964844,64.38999938964844,64.38999938964844,64.38999938964844,50154,0.0,0.0
2024-08-19,61.16999816894531,61.16999816894531,61.16999816894531,61.16999816894531,61.16999816894531,54902,0.0,0.0
2024-08-20,58.11000061035156,63.77000045776367,58.11000061035156,60.13999938964844,60.13999938964844,1096155,0.0,0.0
2024-08-21,59.790000915527344,61.20000076293945,59.0,60.33000183105469,60.33000183105469,301864,0.0,0.0
2024-08-22,60.33000183105469,60.9900016784668,59.34999847412109,59.63999938964844,59.63999938964844,299409,0.0,0.0
2024-08-23,60.77999877929688,60.77999877929688,58.79999923706055,59.38999938964844,59.38999938964844,234454,0.0,0.0
2024-08-26,59.97999954223633,60.0,57.40999984741211,57.650001525878906,57.650001525878906,244376,0.0,0.0
2024-08-27,57.650001525878906,60.0,56.54999923706055,59.810001373291016,59.810001373291016,155533,0.0,0.0
2024-08-28,59.52000045776367,60.9900016784668,58.29999923706055,59.09000015258789,59.09000015258789,141038,0.0,0.0
2024-08-29,58.25,59.97999954223633,57.5099983215332,57.900001525878906,57.900001525878906,105579,0.0,0.0
2024-08-30,58.70000076293945,58.84999847412109,57.0,57.560001373291016,57.560001373291016,174794,0.0,0.0
2024-09-02,58.0,58.0,55.34999847412109,55.93000030517578,55.93000030517578,163444,0.0,0.0
2024-09-03,56.400001525878906,57.95000076293945,55.5099983215332,57.33000183105469,57.33000183105469,98732,0.0,0.0
2024-09-04,57.68999862670898,58.0,56.5,56.77000045776367,56.77000045776367,108340,0.0,0.0
2024-09-05,57.77999877929688,59.59999847412109,56.75,59.59999847412109,59.59999847412109,193652,0.0,0.0
2024-09-06,62.58000183105469,62.58000183105469,62.58000183105469,62.58000183105469,62.58000183105469,95261,0.0,0.0
2024-09-09,65.69999694824219,65.69999694824219,65.69999694824219,65.69999694824219,65.69999694824219,155584,0.0,0.0
2024-09-10,68.9800033569336,68.9800033569336,66.0,68.80000305175781,68.80000305175781,710382,0.0,0.0
2024-09-11,67.41999816894531,67.41999816894531,67.41999816894531,67.41999816894531,67.41999816894531,30889,0.0,0.0
2024-09-12,66.06999969482422,66.06999969482422,66.06999969482422,66.06999969482422,66.06999969482422,11782,0.0,0.0
2024-09-13,64.73999786376953,64.73999786376953,64.73999786376953,64.73999786376953,64.73999786376953,13756,0.0,0.0
2024-09-16,63.43999862670898,63.43999862670898,63.43999862670898,63.43999862670898,63.43999862670898,42529,0.0,0.0
2024-09-17,62.16999816894531,62.16999816894531,62.16999816894531,62.16999816894531,62.16999816894531,12234,0.0,0.0
2024-09-18,60.91999816894531,60.91999816894531,60.91999816894531,60.91999816894531,60.91999816894531,67761,0.0,0.0
2024-09-19,59.70000076293945,59.70000076293945,59.70000076293945,59.70000076293945,59.70000076293945,32956,0.0,0.0
2024-09-20,58.75,58.75,58.5,58.75,58.75,59150,0.0,0.0
2024-09-23,59.91999816894531,59.91999816894531,59.5,59.91999816894531,59.91999816894531,49234,0.0,0.0
2024-09-24,61.11000061035156,61.11000061035156,61.11000061035156,61.11000061035156,61.11000061035156,15406,0.0,0.0
2024-09-25,59.880001068115234,62.33000183105469,59.880001068115234,59.880001068115234,59.880001068115234,135513,0.0,0.0
2024-09-26,58.68000030517578,59.0,58.68000030517578,58.68000030517578,58.68000030517578,87902,0.0,0.0
2024-09-27,58.5,58.5,57.5,58.5,58.5,66993,0.0,0.0
2024-09-30,57.4900016784668,57.900001525878906,57.33000183105469,57.4900016784668,57.4900016784668,36263,0.0,0.0
2024-10-01,58.630001068115234,58.630001068115234,57.4900016784668,58.630001068115234,58.630001068115234,35291,0.0,0.0
2024-10-03,58.79999923706055,59.0,58.11000061035156,58.79999923706055,58.79999923706055,41999,0.0,0.0
2024-10-04,57.810001373291016,58.0,57.810001373291016,57.810001373291016,57.810001373291016,11543,0.0,0.0
2024-10-07,56.650001525878906,56.650001525878906,56.650001525878906,56.650001525878906,56.650001525878906,20502,0.0,0.0
2024-10-08,55.70000076293945,55.70000076293945,55.5099983215332,55.70000076293945,55.70000076293945,26236,0.0,0.0
2024-10-09,56.810001373291016,56.810001373291016,56.20000076293945,56.810001373291016,56.810001373291016,12498,0.0,0.0
2024-10-10,57.79999923706055,57.93999862670898,57.79999923706055,57.79999923706055,57.79999923706055,13024,0.0,0.0
2024-10-11,57.0,57.70000076293945,57.0,57.0,57.0,26322,0.0,0.0
2024-10-14,56.810001373291016,56.810001373291016,56.5,56.810001373291016,56.810001373291016,26040,0.0,0.0
2024-10-15,57.150001525878906,57.15999984741211,56.810001373291016,57.150001525878906,57.150001525878906,27493,0.0,0.0
2024-10-16,58.290000915527344,58.290000915527344,58.290000915527344,58.290000915527344,58.290000915527344,28133,0.0,0.0
2024-10-17,59.0,59.45000076293945,59.0,59.0,59.0,46561,0.0,0.0
2024-10-18,58.459999084472656,58.459999084472656,58.13999938964844,58.459999084472656,58.459999084472656,30526,0.0,0.0
2024-10-21,58.959999084472656,59.900001525878906,55.52999877929688,55.65999984741211,55.65999984741211,141238,0.0,0.0
2024-10-22,55.459999084472656,56.2599983215332,52.869998931884766,53.119998931884766,53.119998931884766,113801,0.0,0.0
2024-10-23,52.02000045776367,53.0,50.459999084472656,50.70000076293945,50.70000076293945,139691,0.0,0.0
2024-10-24,51.20000076293945,51.45000076293945,48.5,48.79999923706055,48.79999923706055,90175,0.0,0.0
2024-10-25,48.79999923706055,49.59000015258789,46.36000061035156,47.209999084472656,47.209999084472656,93548,0.0,0.0
2024-10-28,47.0,49.56999969482422,46.59999847412109,49.56999969482422,49.56999969482422,34893,0.0,0.0
2024-10-29,51.84999847412109,52.040000915527344,50.09999847412109,52.040000915527344,52.040000915527344,65809,0.0,0.0
2024-10-30,53.0,54.63999938964844,53.0,54.63999938964844,54.63999938964844,46900,0.0,0.0
2024-10-31,55.0,56.400001525878906,53.54999923706055,54.0,54.0,69606,0.0,0.0
2024-11-01,56.0,59.68999862670898,55.20000076293945,58.02000045776367,58.02000045776367,168853,0.0,0.0
2024-11-04,58.0,58.70000076293945,56.04999923706055,57.59999847412109,57.59999847412109,154637,0.0,0.0
2024-11-05,58.5,60.900001525878906,56.04999923706055,59.619998931884766,59.619998931884766,201146,0.0,0.0
2024-11-06,60.25,60.25,58.36000061035156,59.09000015258789,59.09000015258789,89602,0.0,0.0
2024-11-07,59.790000915527344,62.70000076293945,57.220001220703125,60.29999923706055,60.29999923706055,280084,0.0,0.0
2024-11-08,61.0,63.0,58.0,58.619998931884766,58.619998931884766,848186,0.0,0.0
2024-11-11,59.0,59.790000915527344,53.56999969482422,54.20000076293945,54.20000076293945,384068,0.0,0.0
2024-11-12,54.20000076293945,56.29999923706055,52.77000045776367,53.38999938964844,53.38999938964844,154742,0.0,0.0
2024-11-13,52.560001373291016,53.70000076293945,48.619998931884766,49.540000915527344,49.540000915527344,164723,0.0,0.0
2024-11-14,50.220001220703125,51.9900016784668,46.0,47.41999816894531,47.41999816894531,398176,0.0,0.0
2024-11-18,42.0,46.97999954223633,42.0,45.25,45.25,459482,0.0,0.0
2024-11-19,45.43000030517578,52.68999862670898,44.91999816894531,49.66999816894531,49.66999816894531,799089,0.0,0.0
2024-11-21,49.9900016784668,51.88999938964844,47.0099983215332,47.90999984741211,47.90999984741211,293563,0.0,0.0
2024-11-22,47.900001525878906,49.4900016784668,47.310001373291016,48.2400016784668,48.2400016784668,133721,0.0,0.0
2024-11-25,48.77000045776367,50.97999954223633,48.20000076293945,48.61000061035156,48.61000061035156,183508,0.0,0.0
2024-11-26,49.08000183105469,49.77000045776367,47.22999954223633,48.08000183105469,48.08000183105469,118718,0.0,0.0
2024-11-27,48.09999847412109,51.13999938964844,48.09999847412109,50.150001525878906,50.150001525878906,254087,0.0,0.0
2024-11-28,49.25,53.68999862670898,49.25,51.7400016784668,51.7400016784668,316097,0.0,0.0
2024-11-29,52.18000030517578,54.43999862670898,50.65999984741211,51.560001373291016,51.560001373291016,239501,0.0,0.0
2024-12-02,51.0099983215332,52.58000183105469,49.04999923706055,50.5099983215332,50.5099983215332,244977,0.0,0.0
2024-12-03,52.0,53.709999084472656,51.5099983215332,52.7599983215332,52.7599983215332,227210,0.0,0.0
2024-12-04,53.75,55.59999847412109,51.5,51.84000015258789,51.84000015258789,185018,0.0,0.0
2024-12-05,51.95000076293945,52.84999847412109,50.470001220703125,51.54999923706055,51.54999923706055,135485,0.0,0.0
2024-12-06,51.09999847412109,52.9900016784668,50.9900016784668,51.84000015258789,51.84000015258789,108955,0.0,0.0
2024-12-09,51.5099983215332,52.95000076293945,50.5,51.2400016784668,51.2400016784668,133521,0.0,0.0
2024-12-10,51.75,51.75,50.119998931884766,50.709999084472656,50.709999084472656,126546,0.0,0.0
2024-12-11,50.709999084472656,51.540000915527344,50.0,50.369998931884766,50.369998931884766,83785,0.0,0.0
2024-12-12,51.150001525878906,51.45000076293945,47.900001525878906,48.900001525878906,48.900001525878906,181517,0.0,0.0
2024-12-13,49.47999954223633,49.790000915527344,48.11000061035156,49.47999954223633,49.47999954223633,83025,0.0,0.0
2024-12-16,49.709999084472656,50.470001220703125,48.900001525878906,49.18000030517578,49.18000030517578,73460,0.0,0.0
2024-12-17,49.20000076293945,50.0,47.81999969482422,48.810001373291016,48.810001373291016,162057,0.0,0.0
2024-12-18,48.7400016784668,49.09000015258789,47.79999923706055,48.040000915527344,48.040000915527344,94511,0.0,0.0
2024-12-19,47.310001373291016,50.27000045776367,47.310001373291016,48.02000045776367,48.02000045776367,74640,0.0,0.0
2024-12-20,48.97999954223633,49.75,45.20000076293945,46.540000915527344,46.540000915527344,161792,0.0,0.0
2024-12-23,46.040000915527344,48.45000076293945,46.040000915527344,46.61000061035156,46.61000061035156,82039,0.0,0.0
2024-12-24,48.25,48.25,46.25,46.5,46.5,56312,0.0,0.0
2024-12-26,46.9900016784668,46.9900016784668,45.61000061035156,46.0,46.0,90405,0.0,0.0
2024-12-27,46.790000915527344,46.9900016784668,45.5,45.959999084472656,45.959999084472656,78086,0.0,0.0
2024-12-30,45.97999954223633,52.61000061035156,45.209999084472656,49.5099983215332,49.5099983215332,560761,0.0,0.0
2024-12-31,48.65999984741211,52.0,47.86000061035156,51.18999862670898,51.18999862670898,342344,0.0,0.0
2025-01-01,50.09999847412109,53.34999847412109,50.04999923706055,51.83000183105469,51.83000183105469,203957,0.0,0.0
2025-01-02,52.86000061035156,52.86000061035156,50.5,50.93999862670898,50.93999862670898,80653,0.0,0.0
2025-01-03,50.5,51.43999862670898,50.5,50.709999084472656,50.709999084472656,53842,0.0,0.0
2025-01-06,50.9900016784668,60.84999847412109,50.08000183105469,55.16999816894531,55.16999816894531,2449730,0.0,0.0
2025-01-07,57.45000076293945,60.84999847412109,55.5,59.40999984741211,59.40999984741211,937276,0.0,0.0
2025-01-08,59.40999984741211,61.20000076293945,57.04999923706055,59.09999847412109,59.09999847412109,609740,0.0,0.0
2025-01-09,59.45000076293945,60.9900016784668,55.29999923706055,56.63999938964844,56.63999938964844,121917,0.0,0.0
2025-01-10,56.869998931884766,57.0,53.119998931884766,53.540000915527344,53.540000915527344,205208,0.0,0.0
2025-01-13,52.75,53.97999954223633,48.20000076293945,49.400001525878906,49.400001525878906,309071,0.0,0.0
2025-01-14,49.400001525878906,52.47999954223633,49.15999984741211,51.45000076293945,51.45000076293945,130520,0.0,0.0
2025-01-15,51.75,52.45000076293945,50.33000183105469,51.220001220703125,51.220001220703125,71840,0.0,0.0
2025-01-16,51.83000183105469,54.09000015258789,51.7400016784668,52.369998931884766,52.369998931884766,92734,0.0,0.0
2025-01-17,53.150001525878906,53.150001525878906,51.209999084472656,52.220001220703125,52.220001220703125,56340,0.0,0.0
2025-01-20,52.290000915527344,53.13999938964844,51.79999923706055,52.16999816894531,52.16999816894531,54451,0.0,0.0
2025-01-21,52.11000061035156,53.43999862670898,51.0,51.15999984741211,51.15999984741211,67257,0.0,0.0
2025-01-22,51.0,51.95000076293945,49.20000076293945,51.27999877929688,51.27999877929688,71639,0.0,0.0
2025-01-23,52.810001373291016,52.95000076293945,49.11000061035156,49.970001220703125,49.970001220703125,56630,0.0,0.0
2025-01-24,49.27000045776367,50.83000183105469,49.0099983215332,49.220001220703125,49.220001220703125,68613,0.0,0.0
2025-01-27,49.060001373291016,49.38999938964844,47.97999954223633,48.060001373291016,48.060001373291016,87588,0.0,0.0
2025-01-28,49.900001525878906,49.95000076293945,48.0099983215332,48.34000015258789,48.34000015258789,66970,0.0,0.0
2025-01-29,49.310001373291016,50.86000061035156,49.310001373291016,49.9900016784668,49.9900016784668,71941,0.0,0.0
2025-01-30,51.0,51.25,48.119998931884766,48.5,48.5,82668,0.0,0.0
2025-01-31,49.20000076293945,49.9900016784668,48.650001525878906,49.77000045776367,49.77000045776367,51358,0.0,0.0
2025-02-01,49.0,50.63999938964844,48.79999923706055,49.41999816894531,49.41999816894531,32971,0.0,0.0
2025-02-03,50.93000030517578,50.93000030517578,48.56999969482422,48.83000183105469,48.83000183105469,40423,0.0,0.0
2025-02-04,49.470001220703125,50.290000915527344,49.02000045776367,49.79999923706055,49.79999923706055,29706,0.0,0.0
2025-02-05,50.29999923706055,50.38999938964844,48.29999923706055,49.16999816894531,49.16999816894531,47930,0.0,0.0
2025-02-06,49.5,49.90999984741211,48.59999847412109,48.77000045776367,48.77000045776367,63526,0.0,0.0
2025-02-07,48.79999923706055,49.900001525878906,48.09999847412109,48.470001220703125,48.470001220703125,55069,0.0,0.0
2025-02-10,48.25,51.06999969482422,47.09999847412109,49.54999923706055,49.54999923706055,109633,0.0,0.0
2025-02-11,48.0,48.27999877929688,40.79999923706055,41.91999816894531,41.91999816894531,573838,0.0,0.0
2025-02-12,41.91999816894531,46.29999923706055,39.29999923706055,44.290000915527344,44.290000915527344,300108,0.0,0.0
2025-02-13,45.5,49.5,45.4900016784668,48.33000183105469,48.33000183105469,325686,0.0,0.0
2025-02-14,48.900001525878906,51.77999877929688,47.0,47.56999969482422,47.56999969482422,198939,0.0,0.0
2025-02-17,47.0,47.0,44.119998931884766,44.83000183105469,44.83000183105469,117762,0.0,0.0
2025-02-18,44.84999847412109,45.97999954223633,42.34999847412109,42.560001373291016,42.560001373291016,83509,0.0,0.0
2025-02-19,43.20000076293945,45.0,41.52000045776367,42.88999938964844,42.88999938964844,75420,0.0,0.0
2025-02-20,43.11000061035156,44.68000030517578,42.09999847412109,43.869998931884766,43.869998931884766,92523,0.0,0.0
2025-02-21,43.0,45.220001220703125,43.0,43.33000183105469,43.33000183105469,59229,0.0,0.0
2025-02-24,43.540000915527344,43.540000915527344,41.84000015258789,42.27999877929688,42.27999877929688,66853,0.0,0.0
2025-02-25,43.34000015258789,44.11000061035156,42.0,42.290000915527344,42.290000915527344,73386,0.0,0.0
2025-02-27,42.900001525878906,44.68999862670898,40.0,41.4900016784668,41.4900016784668,142843,0.0,0.0
2025-02-28,40.09999847412109,41.84000015258789,40.09999847412109,40.40999984741211,40.40999984741211,75292,0.0,0.0
2025-03-03,40.0,41.11000061035156,38.9900016784668,39.560001373291016,39.560001373291016,92721,0.0,0.0
2025-03-04,39.54999923706055,40.79999923706055,37.720001220703125,40.2400016784668,40.2400016784668,185830,0.0,0.0
2025-03-05,41.0,42.0,40.29999923706055,41.56999969482422,41.56999969482422,82054,0.0,0.0
2025-03-06,41.20000076293945,43.0,40.560001373291016,41.060001373291016,41.060001373291016,101546,0.0,0.0
2025-03-07,42.0,42.650001525878906,41.02000045776367,41.40999984741211,41.40999984741211,82609,0.0,0.0
2025-03-10,42.0,42.29999923706055,39.79999923706055,40.0099983215332,40.0099983215332,70420,0.0,0.0
2025-03-11,40.5,41.09999847412109,39.560001373291016,40.08000183105469,40.08000183105469,70248,0.0,0.0
2025-03-12,40.08000183105469,41.0,39.11000061035156,40.34000015258789,40.34000015258789,107695,0.0,0.0
2025-03-13,40.29999923706055,40.790000915527344,35.5,36.560001373291016,36.560001373291016,359962,0.0,0.0
2025-03-17,37.93999862670898,43.84999847412109,35.5,41.619998931884766,41.619998931884766,523417,0.0,0.0
2025-03-18,41.619998931884766,41.619998931884766,41.619998931884766,41.619998931884766,41.619998931884766,0,0.0,0.0
2025-03-19,42.04999923706055,43.709999084472656,41.09999847412109,41.400001525878906,41.400001525878906,129498,0.0,0.0
2025-03-20,41.5,42.4900016784668,40.619998931884766,41.43999862670898,41.43999862670898,190863,0.0,0.0
2025-03-21,41.79999923706055,42.400001525878906,41.06999969482422,41.369998931884766,41.369998931884766,96870,0.0,0.0
2025-03-24,41.380001068115234,42.34999847412109,40.95000076293945,41.08000183105469,41.08000183105469,186210,0.0,0.0
2025-03-25,41.29999923706055,41.70000076293945,36.900001525878906,38.22999954223633,38.22999954223633,518896,0.0,0.0
2025-03-26,38.650001525878906,39.400001525878906,37.63999938964844,37.84000015258789,37.84000015258789,119307,0.0,0.0
2025-03-27,39.400001525878906,39.400001525878906,36.43000030517578,36.810001373291016,36.810001373291016,270141,0.0,0.0
2025-03-28,36.79999923706055,38.0,36.04999923706055,36.20000076293945,36.20000076293945,253765,0.0,0.0
2025-04-01,36.20000076293945,38.130001068115234,36.20000076293945,37.41999816894531,37.41999816894531,112608,0.0,0.0
2025-04-02,37.41999816894531,38.27999877929688,36.86000061035156,37.43999862670898,37.43999862670898,59838,0.0,0.0
2025-04-03,37.630001068115234,39.2400016784668,37.43999862670898,38.47999954223633,38.47999954223633,115649,0.0,0.0
2025-04-04,39.04999923706055,39.04999923706055,36.900001525878906,37.060001373291016,37.060001373291016,57849,0.0,0.0
2025-04-07,34.0,36.81999969482422,33.349998474121094,36.58000183105469,36.58000183105469,137329,0.0,0.0
2025-04-08,37.0,37.63999938964844,36.2599983215332,36.58000183105469,36.58000183105469,67692,0.0,0.0
2025-04-09,37.11000061035156,37.5099983215332,36.11000061035156,36.869998931884766,36.869998931884766,35200,0.0,0.0
2025-04-11,37.400001525878906,37.52000045776367,36.79999923706055,37.400001525878906,37.400001525878906,58627,0.0,0.0
2025-04-15,37.900001525878906,39.150001525878906,37.65999984741211,38.630001068115234,38.630001068115234,75478,0.0,0.0
2025-04-16,38.0099983215332,39.2400016784668,38.0099983215332,38.81999969482422,38.81999969482422,124237,0.0,0.0
2025-04-17,38.81999969482422,39.4900016784668,38.59999847412109,39.2400016784668,39.2400016784668,58279,0.0,0.0
2025-04-21,39.20000076293945,40.150001525878906,38.880001068115234,39.88999938964844,39.88999938964844,78914,0.0,0.0
2025-04-22,40.0,41.0,39.09999847412109,40.900001525878906,40.900001525878906,118315,0.0,0.0
2025-04-23,42.25,42.54999923706055,40.02999877929688,41.630001068115234,41.630001068115234,80936,0.0,0.0
2025-04-24,42.209999084472656,42.209999084472656,40.75,41.40999984741211,41.40999984741211,44970,0.0,0.0
2025-04-25,41.15999984741211,41.45000076293945,38.790000915527344,38.95000076293945,38.95000076293945,104224,0.0,0.0
2025-04-28,39.0,39.4900016784668,37.060001373291016,38.040000915527344,38.040000915527344,82986,0.0,0.0
2025-04-29,38.27999877929688,39.459999084472656,37.5,37.84000015258789,37.84000015258789,92654,0.0,0.0
2025-04-30,37.84000015258789,38.5,37.060001373291016,37.33000183105469,37.33000183105469,55920,0.0,0.0
2025-05-02,37.0099983215332,38.18999862670898,37.0099983215332,37.09999847412109,37.09999847412109,18874,0.0,0.0
2025-05-05,38.97999954223633,38.97999954223633,37.15999984741211,37.95000076293945,37.95000076293945,26268,0.0,0.0
2025-05-06,38.93000030517578,38.93000030517578,35.150001525878906,35.970001220703125,35.970001220703125,135120,0.0,0.0
2025-05-07,37.880001068115234,40.0,36.22999954223633,36.75,36.75,186279,0.0,0.0
2025-05-08,37.4900016784668,37.4900016784668,36.209999084472656,36.52000045776367,36.52000045776367,50690,0.0,0.0
2025-05-09,36.29999923706055,38.29999923706055,35.189998626708984,36.7599983215332,36.7599983215332,51507,0.0,0.0
2025-05-12,38.84999847412109,38.84999847412109,37.11000061035156,37.72999954223633,37.72999954223633,81596,0.0,0.0
2025-05-13,37.709999084472656,38.5,37.709999084472656,38.220001220703125,38.220001220703125,36979,0.0,0.0
2025-05-14,38.220001220703125,38.79999923706055,38.060001373291016,38.61000061035156,38.61000061035156,41616,0.0,0.0
2025-05-15,38.83000183105469,39.25,38.70000076293945,38.83000183105469,38.83000183105469,56343,0.0,0.0
2025-05-16,39.43999862670898,39.43999862670898,38.0,38.36000061035156,38.36000061035156,95613,0.0,0.0
2025-05-19,39.5,39.68999862670898,38.52000045776367,38.79999923706055,38.79999923706055,74447,0.0,0.0
2025-05-20,39.34999847412109,39.34999847412109,37.79999923706055,38.130001068115234,38.130001068115234,62539,0.0,0.0
2025-05-21,38.68000030517578,38.88999938964844,38.06999969482422,38.41999816894531,38.41999816894531,25509,0.0,0.0
2025-05-22,38.79999923706055,38.9900016784668,38.2599983215332,38.72999954223633,38.72999954223633,32557,0.0,0.0
2025-05-23,38.59999847412109,39.70000076293945,38.5,38.720001220703125,38.720001220703125,44034,0.0,0.0
2025-05-26,39.47999954223633,39.47999954223633,38.380001068115234,38.5,38.5,32492,0.0,0.0
2025-05-27,38.709999084472656,39.43999862670898,38.400001525878906,38.75,38.75,51164,0.0,0.0
2025-05-28,39.400001525878906,40.88999938964844,38.65999984741211,40.29999923706055,40.29999923706055,97214,0.0,0.0
2025-05-29,40.75,40.90999984741211,39.5,40.33000183105469,40.33000183105469,82659,0.0,0.0
2025-05-30,39.11000061035156,40.0099983215332,37.04999923706055,38.93999862670898,38.93999862670898,233181,0.0,0.0
2025-06-02,38.93999862670898,38.93999862670898,37.11000061035156,37.65999984741211,37.65999984741211,85810,0.0,0.0
2025-06-03,37.43000030517578,38.540000915527344,37.36000061035156,38.2599983215332,38.2599983215332,45761,0.0,0.0
2025-06-04,39.22999954223633,39.22999954223633,36.900001525878906,37.5,37.5,108789,0.0,0.0
2025-06-05,37.88999938964844,38.38999938964844,37.43000030517578,37.84000015258789,37.84000015258789,69994,0.0,0.0
2025-06-06,37.81999969482422,40.18999862670898,37.81999969482422,39.150001525878906,39.150001525878906,157687,0.0,0.0
2025-06-09,39.150001525878906,40.4900016784668,38.36000061035156,38.52999877929688,38.52999877929688,90270,0.0,0.0
2025-06-10,38.119998931884766,39.36000061035156,38.119998931884766,38.709999084472656,38.709999084472656,62082,0.0,0.0
2025-06-11,39.400001525878906,39.650001525878906,38.59999847412109,39.33000183105469,39.33000183105469,61418,0.0,0.0
2025-06-12,39.0,44.27999877929688,38.7599983215332,41.54999923706055,41.54999923706055,976924,0.0,0.0
2025-06-13,40.5,40.880001068115234,39.810001373291016,40.36000061035156,40.36000061035156,110943,0.0,0.0
2025-06-16,40.36000061035156,40.40999984741211,38.77000045776367,39.0,39.0,112673,0.0,0.0
2025-06-17,39.29999923706055,39.869998931884766,38.5,38.93999862670898,38.93999862670898,67938,0.0,0.0
2025-06-18,39.9900016784668,40.4900016784668,38.04999923706055,38.41999816894531,38.41999816894531,133889,0.0,0.0
2025-06-19,38.79999923706055,39.47999954223633,37.7599983215332,38.0,38.0,48868,0.0,0.0
2025-06-20,37.09999847412109,38.29999923706055,36.400001525878906,37.470001220703125,37.470001220703125,116515,0.0,0.0
2025-06-23,36.29999923706055,38.02999877929688,36.29999923706055,37.52000045776367,37.52000045776367,33227,0.0,0.0
2025-06-24,38.0,38.75,38.0,38.25,38.25,25045,0.0,0.0
2025-06-25,39.18999862670898,39.18999862670898,37.29999923706055,38.13999938964844,38.13999938964844,60467,0.0,0.0
2025-06-26,38.13999938964844,39.0,37.630001068115234,38.16999816894531,38.16999816894531,37852,0.0,0.0
2025-06-27,37.619998931884766,38.97999954223633,37.619998931884766,38.119998931884766,38.119998931884766,38962,0.0,0.0
2025-06-30,39.77999877929688,39.77999877929688,38.0099983215332,38.09000015258789,38.09000015258789,48745,0.0,0.0
2025-07-01,38.41999816894531,38.5,37.5099983215332,38.15999984741211,38.15999984741211,62081,0.0,0.0
2025-07-02,38.15999984741211,38.88999938964844,37.40999984741211,38.09999847412109,38.09999847412109,48268,0.0,0.0
2025-07-03,37.29999923706055,38.70000076293945,37.29999923706055,37.720001220703125,37.720001220703125,49120,0.0,0.0
2025-07-04,37.720001220703125,38.720001220703125,36.900001525878906,37.0,37.0,111152,0.0,0.0
2025-07-07,36.900001525878906,38.09000015258789,36.0,36.79999923706055,36.79999923706055,51219,0.0,0.0
2025-07-08,37.70000076293945,37.70000076293945,35.36000061035156,36.22999954223633,36.22999954223633,81640,0.0,0.0
2025-07-09,35.5099983215332,37.0,35.5099983215332,36.5,36.5,24254,0.0,0.0
2025-07-10,36.459999084472656,36.84000015258789,34.310001373291016,34.75,34.75,328244,0.0,0.0
2025-07-11,35.099998474121094,36.0,35.0099983215332,35.7400016784668,35.7400016784668,57989,0.0,0.0
2025-07-14,36.5,36.5,35.0,35.47999954223633,35.47999954223633,44347,0.0,0.0
2025-07-15,36.0,36.869998931884766,35.9900016784668,36.150001525878906,36.150001525878906,36656,0.0,0.0
2025-07-16,35.5,36.540000915527344,35.5,35.900001525878906,35.900001525878906,35913,0.0,0.0
2025-07-17,35.599998474121094,36.47999954223633,35.400001525878906,35.65999984741211,35.65999984741211,52823,0.0,0.0
2025-07-18,35.150001525878906,36.20000076293945,35.150001525878906,35.529998779296875,35.529998779296875,35806,0.0,0.0
2025-07-21,35.189998626708984,38.650001525878906,35.189998626708984,37.18000030517578,37.18000030517578,152231,0.0,0.0
2025-07-22,37.97999954223633,37.97999954223633,37.20000076293945,37.41999816894531,37.41999816894531,62640,0.0,0.0
2025-07-23,37.41999816894531,37.720001220703125,35.52000045776367,36.540000915527344,36.540000915527344,87523,0.0,0.0
2025-07-24,35.599998474121094,38.0,34.709999084472656,35.869998931884766,35.869998931884766,177402,0.0,0.0
2025-07-25,35.25,36.18999862670898,35.02000045776367,35.470001220703125,35.470001220703125,29279,0.0,0.0
2025-07-28,34.869998931884766,38.9900016784668,34.869998931884766,36.869998931884766,36.869998931884766,88817,0.0,0.0
2025-07-29,35.310001373291016,36.70000076293945,35.189998626708984,35.84000015258789,35.84000015258789,43998,0.0,0.0
2025-07-30,36.0099983215332,36.59000015258789,35.2599983215332,36.08000183105469,36.08000183105469,46003,0.0,0.0
2025-07-31,35.2599983215332,36.0,34.900001525878906,35.11000061035156,35.11000061035156,41585,0.0,0.0
2025-08-01,35.959999084472656,38.0,34.689998626708984,36.27999877929688,36.27999877929688,137937,0.0,0.0
2025-08-04,36.79999923706055,37.400001525878906,35.22999954223633,37.13999938964844,37.13999938964844,95825,0.0,0.0
2025-08-05,36.29999923706055,38.45000076293945,36.29999923706055,37.93999862670898,37.93999862670898,98540,0.0,0.0
2025-08-06,37.400001525878906,38.27999877929688,36.5099983215332,36.869998931884766,36.869998931884766,37095,0.0,0.0
2025-08-07,36.79999923706055,37.47999954223633,34.619998931884766,35.63999938964844,35.63999938964844,316782,0.0,0.0
2025-08-08,35.63999938964844,37.97999954223633,35.63999938964844,37.040000915527344,37.040000915527344,107363,0.0,0.0
2025-08-11,37.040000915527344,37.79999923706055,36.0,36.45000076293945,36.45000076293945,70216,0.0,0.0
2025-08-12,36.5,36.959999084472656,35.52000045776367,35.7400016784668,35.7400016784668,40314,0.0,0.0
2025-08-13,35.689998626708984,35.970001220703125,35.2599983215332,35.54999923706055,35.54999923706055,22919,0.0,0.0
2025-08-14,35.54999923706055,36.0,35.0,35.27000045776367,35.27000045776367,35395,0.0,0.0
2025-08-18,34.29999923706055,35.0,32.970001220703125,34.20000076293945,34.20000076293945,236508,0.0,0.0
2025-08-19,34.58000183105469,34.97999954223633,33.20000076293945,33.93000030517578,33.93000030517578,48232,0.0,0.0
2025-08-20,33.93000030517578,34.7400016784668,33.720001220703125,33.9900016784668,33.9900016784668,57975,0.0,0.0
2025-08-21,33.79999923706055,34.38999938964844,33.5,33.79999923706055,33.79999923706055,43645,0.0,0.0
2025-08-22,33.810001373291016,34.540000915527344,33.75,33.86000061035156,33.86000061035156,51680,0.0,0.0
2025-08-25,34.0,34.20000076293945,33.5,33.59000015258789,33.59000015258789,40847,0.0,0.0
2025-08-26,33.5,34.599998474121094,33.29999923706055,33.52000045776367,33.52000045776367,48096,0.0,0.0
2025-08-28,33.0,34.0,32.310001373291016,32.72999954223633,32.72999954223633,55582,0.0,0.0
2025-08-29,33.88999938964844,33.88999938964844,32.400001525878906,32.72999954223633,32.72999954223633,24194,0.0,0.0
2025-09-01,32.72999954223633,33.720001220703125,32.52000045776367,33.20000076293945,33.20000076293945,49218,0.0,0.0
2025-09-02,34.040000915527344,34.599998474121094,32.15999984741211,33.72999954223633,33.72999954223633,172882,0.0,0.0
2025-09-03,34.5,34.5,33.310001373291016,34.349998474121094,34.349998474121094,67857,0.0,0.0
2025-09-04,33.65999984741211,34.09000015258789,33.400001525878906,33.599998474121094,33.599998474121094,67697,0.0,0.0
2025-09-05,33.599998474121094,34.34000015258789,33.58000183105469,33.9900016784668,33.9900016784668,28459,0.0,0.0
2025-09-08,33.41999816894531,34.56999969482422,33.41999816894531,33.58000183105469,33.58000183105469,26149,0.0,0.0
2025-09-09,33.25,34.599998474121094,32.0099983215332,32.56999969482422,32.56999969482422,112805,0.0,0.0
2025-09-10,32.56999969482422,34.0,32.16999816894531,32.65999984741211,32.65999984741211,128485,0.0,0.0
2025-09-11,32.560001373291016,33.63999938964844,32.5,32.56999969482422,32.56999969482422,30510,0.0,0.0
2025-09-12,33.29999923706055,33.29999923706055,32.209999084472656,32.310001373291016,32.310001373291016,31783,0.0,0.0
2025-09-15,33.0,33.0,31.200000762939453,31.76000022888184,31.76000022888184,111796,0.0,0.0
2025-09-16,31.690000534057617,32.15999984741211,31.690000534057617,31.799999237060547,31.799999237060547,21112,0.0,0.0
2025-09-17,31.799999237060547,32.630001068115234,31.75,31.850000381469727,31.850000381469727,80148,0.0,0.0
2025-09-18,32.029998779296875,32.459999084472656,31.5,31.709999084472656,31.709999084472656,51394,0.0,0.0
2025-09-19,31.809999465942383,32.0,31.209999084472656,31.51000022888184,31.51000022888184,57840,0.0,0.0
2025-09-22,31.51000022888184,35.0,31.51000022888184,34.36000061035156,34.36000061035156,537009,0.0,0.0
2025-09-23,35.16999816894531,35.16999816894531,33.099998474121094,33.25,33.25,77864,0.0,0.0
2025-09-24,33.25,33.25,31.520000457763672,32.029998779296875,32.029998779296875,103968,0.0,0.0
2025-09-25,32.18000030517578,32.56999969482422,31.549999237060547,31.690000534057617,31.690000534057617,41283,0.0,0.0
2025-09-26,32.18000030517578,32.189998626708984,30.71999931335449,30.959999084472656,30.959999084472656,76975,0.0,0.0
2025-09-29,30.75,31.5,30.75,30.90999984741211,30.90999984741211,60894,0.0,0.0
2025-09-30,30.8799991607666,31.3799991607666,30.76000022888184,31.020000457763672,31.020000457763672,22889,0.0,0.0
2025-10-01,31.13999938964844,31.39999961853028,30.809999465942383,31.170000076293945,31.170000076293945,22994,0.0,0.0
2025-10-03,31.34000015258789,31.57999992370605,30.13999938964844,30.75,30.75,72139,0.0,0.0
2025-10-06,31.299999237060547,31.299999237060547,30.239999771118164,30.520000457763672,30.520000457763672,63671,0.0,0.0
2025-10-07,30.38999938964844,30.790000915527344,30.0,30.09000015258789,30.09000015258789,68150,0.0,0.0
2025-10-08,30.0,30.82999992370605,29.75,30.040000915527344,30.040000915527344,28247,0.0,0.0
2025-10-09,30.479999542236328,30.479999542236328,29.200000762939453,29.280000686645508,29.280000686645508,60468,0.0,0.0
2025-10-10,29.0,29.56999969482422,27.89999961853028,28.14999961853028,28.14999961853028,171215,0.0,0.0
2025-10-13,27.75,28.440000534057617,27.100000381469727,27.38999938964844,27.38999938964844,106386,0.0,0.0
2025-10-14,27.979999542236328,28.100000381469727,26.82999992370605,27.440000534057617,27.440000534057617,81251,0.0,0.0
2025-10-15,28.0,29.0,27.31999969482422,28.780000686645508,28.780000686645508,71691,0.0,0.0
2025-10-16,29.299999237060547,29.299999237060547,28.309999465942383,28.920000076293945,28.920000076293945,30241,0.0,0.0
2025-10-17,28.5,29.71999931335449,27.76000022888184,29.34000015258789,29.34000015258789,58256,0.0,0.0
2025-10-20,29.0,29.739999771118164,28.209999084472656,28.670000076293945,28.670000076293945,26238,0.0,0.0
2025-10-21,28.670000076293945,30.0,28.670000076293945,29.600000381469727,29.600000381469727,24684,0.0,0.0
2025-10-23,29.600000381469727,29.989999771118164,28.700000762939453,29.3700008392334,29.3700008392334,48381,0.0,0.0
2025-10-24,29.0,29.729999542236328,28.6200008392334,28.809999465942383,28.809999465942383,31120,0.0,0.0
2025-10-27,28.809999465942383,29.84000015258789,28.39999961853028,28.459999084472656,28.459999084472656,31435,0.0,0.0
2025-10-28,29.280000686645508,29.46999931335449,28.0,28.280000686645508,28.280000686645508,37336,0.0,0.0
2025-10-29,28.01000022888184,29.020000457763672,27.850000381469727,28.600000381469727,28.600000381469727,45833,0.0,0.0
2025-10-30,28.700000762939453,28.700000762939453,27.5,27.8700008392334,27.8700008392334,56024,0.0,0.0
2025-10-31,27.559999465942383,28.239999771118164,27.559999465942383,27.81999969482422,27.81999969482422,30452,0.0,0.0
2025-11-03,27.530000686645508,29.0,25.6200008392334,25.96999931335449,25.96999931335449,180283,0.0,0.0
2025-11-04,26.479999542236328,26.700000762939453,25.90999984741211,26.229999542236328,26.229999542236328,60747,0.0,0.0
2025-11-06,26.020000457763672,26.420000076293945,25.06999969482422,25.299999237060547,25.299999237060547,67806,0.0,0.0
2025-11-07,25.13999938964844,25.93000030517578,25.0,25.59000015258789,25.59000015258789,59716,0.0,0.0
2025-11-10,25.11000061035156,26.09000015258789,25.049999237060547,25.40999984741211,25.40999984741211,50165,0.0,0.0
2025-11-11,25.170000076293945,25.559999465942383,24.959999084472656,25.11000061035156,25.11000061035156,22042,0.0,0.0
2025-11-12,25.729999542236328,25.729999542236328,24.959999084472656,25.020000457763672,25.020000457763672,50023,0.0,0.0
2025-11-13,25.989999771118164,25.989999771118164,24.75,24.809999465942383,24.809999465942383,45533,0.0,0.0
2025-11-14,24.809999465942383,25.489999771118164,23.600000381469727,23.93000030517578,23.93000030517578,81818,0.0,0.0
2025-11-17,24.290000915527344,27.89999961853028,24.290000915527344,26.86000061035156,26.86000061035156,329512,0.0,0.0
2025-11-18,26.86000061035156,27.89999961853028,26.850000381469727,27.3700008392334,27.3700008392334,119263,0.0,0.0
2025-11-19,27.3700008392334,27.440000534057617,26.0,26.15999984741211,26.15999984741211,50357,0.0,0.0
2025-11-20,26.239999771118164,26.75,24.299999237060547,25.1299991607666,25.1299991607666,56273,0.0,0.0
2025-11-21,26.030000686645508,26.030000686645508,24.600000381469727,25.0,25.0,44465,0.0,0.0
2025-11-24,25.049999237060547,25.51000022888184,24.39999961853028,24.700000762939453,24.700000762939453,45740,0.0,0.0
2025-11-25,24.520000457763672,25.0,23.64999961853028,23.790000915527344,23.790000915527344,52932,0.0,0.0
2025-11-26,24.979999542236328,24.979999542236328,23.6200008392334,23.920000076293945,23.920000076293945,31346,0.0,0.0
2025-11-27,24.479999542236328,25.46999931335449,23.920000076293945,24.31999969482422,24.31999969482422,56739,0.0,0.0
2025-11-28,23.51000022888184,24.799999237060547,23.51000022888184,24.14999961853028,24.14999961853028,21890,0.0,0.0
2025-12-01,23.600000381469727,26.690000534057617,23.5,25.350000381469727,25.350000381469727,176520,0.0,0.0
2025-12-02,25.950000762939453,25.950000762939453,24.520000457763672,24.68000030517578,24.68000030517578,23205,0.0,0.0
2025-12-03,25.989999771118164,26.11000061035156,24.1200008392334,24.88999938964844,24.88999938964844,56456,0.0,0.0
2025-12-04,24.200000762939453,25.530000686645508,24.200000762939453,24.959999084472656,24.959999084472656,31450,0.0,0.0
2025-12-05,25.459999084472656,25.459999084472656,24.299999237060547,24.6200008392334,24.6200008392334,24268,0.0,0.0
2025-12-08,24.200000762939453,24.709999084472656,22.520000457763672,22.989999771118164,22.989999771118164,132268,0.0,0.0
2025-12-09,23.950000762939453,23.950000762939453,21.979999542236328,22.75,22.75,79536,0.0,0.0
2025-12-10,23.850000381469727,23.850000381469727,22.75,23.0,23.0,18352,0.0,0.0
2025-12-11,23.459999084472656,23.64999961853028,22.559999465942383,22.989999771118164,22.989999771118164,16161,0.0,0.0
2025-12-12,23.450000762939453,23.450000762939453,22.76000022888184,22.93000030517578,22.93000030517578,23957,0.0,0.0
2025-12-15,23.0,23.489999771118164,22.700000762939453,23.31999969482422,23.31999969482422,23182,0.0,0.0
2025-12-16,22.700000762939453,24.020000457763672,22.700000762939453,23.350000381469727,23.350000381469727,49102,0.0,0.0
2025-12-17,22.700000762939453,24.200000762939453,22.350000381469727,22.729999542236328,22.729999542236328,43868,0.0,0.0
2025-12-18,22.600000381469727,23.46999931335449,21.989999771118164,23.059999465942383,23.059999465942383,41399,0.0,0.0
2025-12-19,23.950000762939453,24.0,22.299999237060547,23.15999984741211,23.15999984741211,59877,0.0,0.0
2025-12-22,24.799999237060547,24.799999237060547,23.200000762939453,24.26000022888184,24.26000022888184,61335,0.0,0.0
2025-12-23,24.600000381469727,24.770000457763672,23.5,24.26000022888184,24.26000022888184,49611,0.0,0.0
2025-12-24,24.25,24.65999984741211,23.61000061035156,24.190000534057617,24.190000534057617,10661,0.0,0.0
2025-12-26,24.190000534057617,24.6200008392334,23.200000762939453,23.65999984741211,23.65999984741211,30545,0.0,0.0
2025-12-29,23.5,23.65999984741211,22.709999084472656,23.1299991607666,23.1299991607666,19800,0.0,0.0
2025-12-30,23.0,24.690000534057617,23.0,23.43000030517578,23.43000030517578,33797,0.0,0.0
2025-12-31,23.88999938964844,24.489999771118164,22.89999961853028,23.39999961853028,23.39999961853028,66297,0.0,0.0
2026-01-01,23.5,24.39999961853028,23.0,23.549999237060547,23.549999237060547,12473,0.0,0.0
2026-01-02,23.549999237060547,23.989999771118164,23.209999084472656,23.81999969482422,23.81999969482422,12779,0.0,0.0
2026-01-05,23.81999969482422,23.950000762939453,23.21999931335449,23.34000015258789,23.34000015258789,16472,0.0,0.0
2026-01-06,23.200000762939453,23.780000686645508,22.89999961853028,23.06999969482422,23.06999969482422,15024,0.0,0.0
2026-01-07,23.290000915527344,23.290000915527344,22.700000762939453,22.729999542236328,22.729999542236328,28749,0.0,0.0
2026-01-08,23.0,23.75,22.0,22.450000762939453,22.450000762939453,46941,0.0,0.0
2026-01-09,22.25,22.979999542236328,21.799999237060547,22.809999465942383,22.809999465942383,59808,0.0,0.0
2026-01-12,23.0,23.0,21.15999984741211,22.190000534057617,22.190000534057617,49547,0.0,0.0
2026-01-13,22.07999992370605,22.979999542236328,21.21999931335449,22.18000030517578,22.18000030517578,28488,0.0,0.0
2026-01-14,21.71999931335449,22.690000534057617,21.0,21.450000762939453,21.450000762939453,43437,0.0,0.0
2026-01-16,21.459999084472656,25.739999771118164,19.450000762939453,23.6200008392334,23.6200008392334,1421187,0.0,0.0
2026-01-19,21.700000762939453,22.790000915527344,21.520000457763672,21.850000381469727,21.850000381469727,317299,0.0,0.0
2026-01-20,21.950000762939453,21.950000762939453,20.0,20.40999984741211,20.40999984741211,135168,0.0,0.0
2026-01-21,20.64999961853028,21.190000534057617,20.280000686645508,20.39999961853028,20.39999961853028,75721,0.0,0.0
2026-01-22,20.39999961853028,21.38999938964844,20.25,20.56999969482422,20.56999969482422,33029,0.0,0.0
2026-01-23,20.56999969482422,20.89999961853028,20.0,20.3799991607666,20.3799991607666,37482,0.0,0.0
2026-01-27,20.989999771118164,20.989999771118164,20.1200008392334,20.530000686645508,20.530000686645508,17085,0.0,0.0
2026-01-28,20.6299991607666,21.0,20.13999938964844,20.6200008392334,20.6200008392334,58619,0.0,0.0
2026-01-29,20.6200008392334,20.790000915527344,20.299999237060547,20.5,20.5,18934,0.0,0.0
2026-01-30,20.51000022888184,21.5,19.200000762939453,20.82999992370605,20.82999992370605,68674,0.0,0.0
2026-02-02,21.170000076293945,22.09000015258789,20.100000381469727,21.190000534057617,21.190000534057617,41888,0.0,0.0
2026-02-03,22.09000015258789,22.09000015258789,20.56999969482422,21.09000015258789,21.09000015258789,58331,0.0,0.0
2026-02-04,20.600000381469727,21.3799991607666,20.600000381469727,21.1299991607666,21.1299991607666,16489,0.0,0.0
2026-02-05,20.89999961853028,22.100000381469727,20.559999465942383,21.32999992370605,21.32999992370605,30650,0.0,0.0
2026-02-06,21.5,21.700000762939453,20.0,21.15999984741211,21.15999984741211,43318,0.0,0.0
2026-02-09,21.479999542236328,21.600000381469727,20.6200008392334,21.40999984741211,21.40999984741211,42959,0.0,0.0
2026-02-10,20.39999961853028,21.43000030517578,19.5,20.739999771118164,20.739999771118164,113172,0.0,0.0
2026-02-11,20.739999771118164,21.38999938964844,20.6200008392334,21.229999542236328,21.229999542236328,49713,0.0,0.0
2026-02-12,21.979999542236328,21.979999542236328,20.600000381469727,21.1299991607666,21.1299991607666,49779,0.0,0.0
2026-02-13,21.0,21.89999961853028,20.65999984741211,21.31999969482422,21.31999969482422,37035,0.0,0.0
2026-02-16,21.31999969482422,21.770000457763672,20.850000381469727,21.07999992370605,21.07999992370605,38667,0.0,0.0
2026-02-17,20.81999969482422,22.88999938964844,20.81999969482422,22.46999931335449,22.46999931335449,146778,0.0,0.0
2026-02-18,23.489999771118164,24.700000762939453,23.39999961853028,24.280000686645508,24.280000686645508,167811,0.0,0.0
2026-02-19,25.489999771118164,26.489999771118164,25.489999771118164,25.93000030517578,25.93000030517578,182378,0.0,0.0
2026-02-20,27.100000381469727,29.0,26.799999237060547,28.200000762939453,28.200000762939453,476642,0.0,0.0
2026-02-23,29.39999961853028,29.76000022888184,27.209999084472656,29.549999237060547,29.549999237060547,287449,0.0,0.0
2026-02-24,30.440000534057617,30.89999961853028,28.020000457763672,28.239999771118164,28.239999771118164,360058,0.0,0.0
2026-02-25,29.5,29.950000762939453,29.030000686645508,29.770000457763672,29.770000457763672,154199,0.0,0.0
2026-02-26,30.84000015258789,30.84000015258789,28.01000022888184,28.56999969482422,28.56999969482422,113639,0.0,0.0
2026-02-27,29.56999969482422,30.200000762939453,28.200000762939453,28.670000076293945,28.670000076293945,157291,0.0,0.0
2026-03-02,28.670000076293945,28.799999237060547,26.25,27.51000022888184,27.51000022888184,109538,0.0,0.0
2026-03-04,27.989999771118164,28.82999992370605,27.229999542236328,27.75,27.75,143409,0.0,0.0
2026-03-05,28.440000534057617,28.51000022888184,27.11000061035156,27.21999931335449,27.21999931335449,95521,0.0,0.0
2026-03-06,28.09000015258789,28.299999237060547,26.0,26.170000076293945,26.170000076293945,42852,0.0,0.0
2026-03-09,25.739999771118164,25.739999771118164,24.8700008392334,24.8700008392334,24.8700008392334,18405,0.0,0.0
2026-03-10,23.75,25.89999961853028,23.75,25.559999465942383,25.559999465942383,46168,0.0,0.0
2026-03-11,25.0,25.799999237060547,24.64999961853028,25.229999542236328,25.229999542236328,15871,0.0,0.0
2026-03-12,25.229999542236328,25.229999542236328,24.5,24.6200008392334,24.6200008392334,22091,0.0,0.0
2026-03-13,24.489999771118164,24.670000076293945,23.959999084472656,24.11000061035156,24.11000061035156,21460,0.0,0.0
2026-03-16,24.489999771118164,25.299999237060547,22.950000762939453,23.040000915527344,23.040000915527344,34058,0.0,0.0
2026-03-17,23.100000381469727,23.700000762939453,22.14999961853028,23.040000915527344,23.040000915527344,11230,0.0,0.0
2026-03-18,23.200000762939453,23.93000030517578,23.020000457763672,23.14999961853028,23.14999961853028,30166,0.0,0.0
2026-03-19,23.46999931335449,23.46999931335449,22.209999084472656,22.790000915527344,22.790000915527344,64198,0.0,0.0
2026-03-20,23.190000534057617,23.299999237060547,22.21999931335449,22.770000457763672,22.770000457763672,11052,0.0,0.0
2026-03-23,21.63999938964844,23.89999961853028,21.63999938964844,21.8799991607666,21.8799991607666,78585,0.0,0.0
2026-03-24,21.88999938964844,22.59000015258789,21.26000022888184,22.01000022888184,22.01000022888184,41187,0.0,0.0
2026-03-25,22.01000022888184,22.479999542236328,21.280000686645508,21.450000762939453,21.450000762939453,51936,0.0,0.0
2026-03-27,21.479999542236328,21.6200008392334,20.75,20.96999931335449,20.96999931335449,86775,0.0,0.0
2026-03-30,20.5,20.75,19.93000030517578,19.959999084472656,19.959999084472656,51192,0.0,0.0
2026-04-01,20.850000381469727,20.950000762939453,18.96999931335449,20.26000022888184,20.26000022888184,99451,0.0,0.0
2026-04-02,19.299999237060547,20.450000762939453,19.299999237060547,20.0,20.0,40504,0.0,0.0
2026-04-06,20.350000381469727,20.850000381469727,19.31999969482422,20.13999938964844,20.13999938964844,38772,0.0,0.0
2026-04-07,20.459999084472656,20.459999084472656,19.790000915527344,20.049999237060547,20.049999237060547,22856,0.0,0.0
2026-04-08,20.84000015258789,21.049999237060547,20.39999961853028,21.049999237060547,21.049999237060547,23567,0.0,0.0
2026-04-09,21.89999961853028,21.89999961853028,20.600000381469727,21.86000061035156,21.86000061035156,18443,0.0,0.0
2026-04-10,22.450000762939453,22.950000762939453,21.86000061035156,22.950000762939453,22.950000762939453,25729,0.0,0.0
2026-04-13,23.989999771118164,24.09000015258789,23.11000061035156,23.670000076293945,23.670000076293945,18856,0.0,0.0
2026-04-15,23.670000076293945,24.700000762939453,23.670000076293945,24.700000762939453,24.700000762939453,23661,0.0,0.0
2026-04-16,25.690000534057617,25.89999961853028,24.0,25.39999961853028,25.39999961853028,25154,0.0,0.0
2026-04-17,26.09000015258789,26.39999961853028,24.209999084472656,25.450000762939453,25.450000762939453,48643,0.0,0.0
2026-04-20,25.38999938964844,25.38999938964844,24.61000061035156,24.76000022888184,24.76000022888184,14234,0.0,0.0
2026-04-21,24.76000022888184,25.25,24.01000022888184,24.3700008392334,24.3700008392334,9688,0.0,0.0
2026-04-22,24.989999771118164,24.989999771118164,24.0,24.1299991607666,24.1299991607666,17809,0.0,0.0
2026-04-23,24.850000381469727,24.850000381469727,23.61000061035156,23.989999771118164,23.989999771118164,13632,0.0,0.0
2026-04-24,24.39999961853028,24.39999961853028,23.6200008392334,24.0,24.0,7884,0.0,0.0
2026-04-27,24.5,24.5,23.39999961853028,24.01000022888184,24.01000022888184,18441,0.0,0.0
2026-04-28,24.01000022888184,24.3799991607666,23.530000686645508,24.1299991607666,24.1299991607666,10874,0.0,0.0
2026-04-29,24.700000762939453,24.700000762939453,23.40999984741211,23.979999542236328,23.979999542236328,11801,0.0,0.0
2026-04-30,24.0,24.39999961853028,23.549999237060547,24.0,24.0,13890,0.0,0.0
2026-05-04,23.600000381469727,24.89999961853028,23.600000381469727,23.850000381469727,23.850000381469727,10567,0.0,0.0
2026-05-05,23.14999961853028,24.07999992370605,23.14999961853028,23.81999969482422,23.81999969482422,15518,0.0,0.0
2026-05-06,23.989999771118164,23.989999771118164,23.0,23.229999542236328,23.229999542236328,24803,0.0,0.0
2026-05-07,23.770000457763672,23.8799991607666,23.040000915527344,23.39999961853028,23.39999961853028,13154,0.0,0.0
2026-05-08,23.39999961853028,23.770000457763672,23.200000762939453,23.36000061035156,23.36000061035156,17629,0.0,0.0
2026-05-11,23.36000061035156,23.84000015258789,22.549999237060547,23.0,23.0,12741,0.0,0.0
2026-05-12,23.190000534057617,23.190000534057617,21.89999961853028,22.31999969482422,22.31999969482422,16308,0.0,0.0
2026-05-13,22.450000762939453,22.770000457763672,21.56999969482422,22.309999465942383,22.309999465942383,9078,0.0,0.0
2026-05-14,22.38999938964844,22.920000076293945,22.0,22.280000686645508,22.280000686645508,6660,0.0,0.0
2026-05-15,22.280000686645508,22.88999938964844,22.209999084472656,22.350000381469727,22.350000381469727,7574,0.0,0.0
2026-05-18,22.350000381469727,22.93000030517578,21.64999961853028,21.850000381469727,21.850000381469727,18908,0.0,0.0
2026-05-19,21.75,22.5,21.540000915527344,21.790000915527344,21.790000915527344,32901,0.0,0.0
2026-05-20,22.489999771118164,22.489999771118164,21.56999969482422,21.68000030517578,21.68000030517578,13686,0.0,0.0
2026-05-21,21.68000030517578,22.100000381469727,21.21999931335449,21.520000457763672,21.520000457763672,12095,0.0,0.0
2026-05-22,22.049999237060547,22.049999237060547,21.36000061035156,21.51000022888184,21.51000022888184,11351,0.0,0.0
2026-05-25,21.100000381469727,22.100000381469727,21.100000381469727,21.850000381469727,21.850000381469727,10350,0.0,0.0
2026-05-26,21.790000915527344,22.46999931335449,21.200000762939453,21.440000534057617,21.440000534057617,29464,0.0,0.0
2026-05-27,21.020000457763672,22.51000022888184,21.020000457763672,22.51000022888184,22.51000022888184,20174,0.0,0.0
2026-05-28,22.51000022888184,22.51000022888184,22.51000022888184,22.51000022888184,22.51000022888184,0,0.0,0.0
2026-05-29,23.6299991607666,23.6299991607666,23.06999969482422,23.6299991607666,23.6299991607666,43038,0.0,0.0
2026-06-01,24.489999771118164,24.489999771118164,22.5,22.690000534057617,22.690000534057617,38417,0.0,0.0
2026-06-02,23.0,23.790000915527344,21.71999931335449,23.450000762939453,23.450000762939453,28413,0.0,0.0
2026-06-03,23.89999961853028,23.89999961853028,22.75,23.239999771118164,23.239999771118164,18824,0.0,0.0
2026-06-04,23.780000686645508,23.780000686645508,22.76000022888184,23.030000686645508,23.030000686645508,18492,0.0,0.0
2026-06-05,23.700000762939453,25.32999992370605,22.690000534057617,24.84000015258789,24.84000015258789,96118,0.0,0.0
2026-06-08,25.5,27.239999771118164,25.049999237060547,26.07999992370605,26.07999992370605,157536,0.0,0.0
2026-06-09,25.020000457763672,25.950000762939453,24.170000076293945,24.350000381469727,24.350000381469727,82565,0.0,0.0
2026-06-10,25.600000381469727,25.600000381469727,23.989999771118164,24.600000381469727,24.600000381469727,47101,0.0,0.0
2026-06-11,24.799999237060547,24.799999237060547,23.600000381469727,23.8700008392334,23.8700008392334,12589,0.0,0.0
2026-06-12,24.600000381469727,24.89999961853028,23.600000381469727,24.6200008392334,24.6200008392334,7320,0.0,0.0
2026-06-15,24.15999984741211,26.0,24.15999984741211,24.71999931335449,24.71999931335449,21124,0.0,0.0
2026-06-16,25.739999771118164,25.739999771118164,24.5,24.690000534057617,24.690000534057617,13929,0.0,0.0
2026-06-17,24.209999084472656,25.299999237060547,23.850000381469727,23.979999542236328,23.979999542236328,24896,0.0,0.0
2026-06-18,23.5,24.440000534057617,23.5,23.950000762939453,23.950000762939453,17954,0.0,0.0
2026-06-19,23.799999237060547,24.700000762939453,23.5,23.96999931335449,23.96999931335449,3309,0.0,0.0
2026-06-22,23.86000061035156,24.979999542236328,23.5,23.64999961853028,23.64999961853028,37065,0.0,0.0
2026-06-23,23.64999961853028,24.6200008392334,23.64999961853028,24.190000534057617,24.190000534057617,11329,0.0,0.0
2026-06-24,24.670000076293945,24.670000076293945,23.200000762939453,23.670000076293945,23.670000076293945,55626,0.0,0.0
2026-06-25,24.479999542236328,24.600000381469727,23.299999237060547,23.459999084472656,23.459999084472656,26121,0.0,0.0
2026-06-26,23.459999084472656,23.459999084472656,23.459999084472656,23.459999084472656,23.459999084472656,0,0.0,0.0
2026-06-29,23.989999771118164,23.989999771118164,23.0,23.07999992370605,23.07999992370605,9768,0.0,0.0
2026-06-30,23.600000381469727,23.690000534057617,22.65999984741211,23.170000076293945,23.170000076293945,6138,0.0,0.0
2026-07-01,22.25,23.700000762939453,22.25,22.88999938964844,22.88999938964844,12107,0.0,0.0
2026-07-02,24.0,24.0,22.440000534057617,23.01000022888184,23.01000022888184,15832,0.0,0.0
2026-07-03,23.01000022888184,23.670000076293945,22.549999237060547,22.809999465942383,22.809999465942383,19316,0.0,0.0
2026-07-06,22.40999984741211,24.01000022888184,22.40999984741211,23.459999084472656,23.459999084472656,42091,0.0,0.0
2026-07-07,23.989999771118164,23.989999771118164,22.21999931335449,23.270000457763672,23.270000457763672,16054,0.0,0.0
2026-07-08,23.270000457763672,23.270000457763672,22.3700008392334,22.51000022888184,22.51000022888184,12759,0.0,0.0
2026-07-09,22.1200008392334,23.100000381469727,22.1200008392334,22.59000015258789,22.59000015258789,7153,0.0,0.0
2026-07-10,22.59000015258789,24.0,22.57999992370605,22.84000015258789,22.84000015258789,13087,0.0,0.0
2026-07-13,22.0,23.0,22.0,22.39999961853028,22.39999961853028,14060,0.0,0.0
2026-07-14,22.39999961853028,22.88999938964844,22.0,22.1299991607666,22.1299991607666,17466,0.0,0.0
2026-07-15,21.850000381469727,23.0,21.850000381469727,22.290000915527344,22.290000915527344,20774,0.0,0.0
2026-07-16,22.57999992370605,22.57999992370605,22.0,22.18000030517578,22.18000030517578,10790,0.0,0.0
2026-07-17,22.63999938964844,22.63999938964844,21.81999969482422,22.059999465942383,22.059999465942383,14137,0.0,0.0
2026-07-20,22.57999992370605,22.57999992370605,21.71999931335449,21.959999084472656,21.959999084472656,9969,0.0,0.0
2026-07-21,22.14999961853028,22.34000015258789,21.049999237060547,21.71999931335449,21.71999931335449,21708,0.0,0.0
2026-07-22,22.200000762939453,22.440000534057617,21.229999542236328,22.13999938964844,22.13999938964844,16065,0.0,0.0
2026-07-23,22.13999938964844,22.63999938964844,21.549999237060547,21.799999237060547,21.799999237060547,21777,0.0,0.0
2026-07-24,21.84000015258789,21.850000381469727,21.39999961853028,21.75,21.75,5306,0.0,0.0
2026-07-27,22.690000534057617,22.690000534057617,21.84000015258789,21.90999984741211,21.90999984741211,8072,0.0,0.0
2026-07-28,22.96999931335449,22.96999931335449,21.5,21.790000915527344,21.790000915527344,18268,0.0,0.0
2026-07-29,21.790000915527344,23.89999961853028,21.75,22.68000030517578,22.68000030517578,31207,0.0,0.0
2026-07-30,22.450000762939453,23.1299991607666,22.07999992370605,22.46999931335449,22.46999931335449,17340,0.0,0.0
2026-08-03,22.100000381469727,22.88999938964844,21.75,22.43000030517578,22.43000030517578,16660,0.0,0.0
2026-08-04,22.31999969482422,22.739999771118164,22.11000061035156,22.5,22.5,32993,0.0,0.0
2026-08-05,21.809999465942383,23.170000076293945,21.809999465942383,22.959999084472656,22.959999084472656,17065,0.0,0.0
2026-08-06,22.5,23.299999237060547,22.31999969482422,22.89999961853028,22.89999961853028,15310,0.0,0.0
2026-08-07,22.32999992370605,23.459999084472656,22.0,22.190000534057617,22.190000534057617,19714,0.0,0.0
2026-08-10,22.190000534057617,22.68000030517578,21.100000381469727,21.64999961853028,21.64999961853028,53640,0.0,0.0
2026-08-11,21.64999961853028,21.89999961853028,21.1200008392334,21.489999771118164,21.489999771118164,22756,0.0,0.0
2026-08-12,21.489999771118164,21.950000762939453,21.100000381469727,21.46999931335449,21.46999931335449,8304,0.0,0.0
2026-08-13,21.25,21.93000030517578,21.25,21.8799991607666,21.8799991607666,33507,0.0,0.0
2026-08-14,21.14999961853028,22.030000686645508,21.14999961853028,21.40999984741211,21.40999984741211,18403,0.0,0.0
2026-08-17,21.200000762939453,21.989999771118164,21.170000076293945,21.82999992370605,21.82999992370605,17312,0.0,0.0
2026-08-18,21.200000762939453,22.850000381469727,21.200000762939453,22.43000030517578,22.43000030517578,36934,0.0,0.0
2026-08-19,22.5,22.5,21.559999465942383,21.950000762939453,21.950000762939453,9005,0.0,0.0
2026-08-20,21.950000762939453,22.34000015258789,21.420000076293945,21.489999771118164,21.489999771118164,19983,0.0,0.0
2026-08-21,22.39999961853028,22.479999542236328,21.0,21.1200008392334,21.1200008392334,34188,0.0,0.0
2026-08-24,21.39999961853028,21.39999961853028,21.0,21.11000061035156,21.11000061035156,21209,0.0,0.0
2026-08-25,21.200000762939453,21.64999961853028,21.11000061035156,21.32999992370605,21.32999992370605,4042,0.0,0.0
2026-08-26,21.89999961853028,21.89999961853028,21.209999084472656,21.559999465942383,21.559999465942383,6744,0.0,0.0
2026-08-27,21.459999084472656,21.86000061035156,21.01000022888184,,,9962,0.0,0.0
2026-08-28,21.309999465942383,21.88999938964844,21.0,21.540000915527344,21.540000915527344,10584,0.0,0.0
2026-08-31,21.64999961853028,21.64999961853028,21.01000022888184,21.15999984741211,21.15999984741211,5809,0.0,0.0
2026-09-01,21.15999984741211,21.489999771118164,20.600000381469727,20.8799991607666,20.8799991607666,13755,0.0,0.0
2026-09-02,21.0,21.09000015258789,20.51000022888184,20.600000381469727,20.600000381469727,9356,0.0,0.0
2026-09-03,21.89999961853028,21.89999961853028,20.299999237060547,20.61000061035156,20.61000061035156,18299,0.0,0.0
2026-09-04,21.239999771118164,21.239999771118164,20.39999961853028,20.989999771118164,20.989999771118164,17245,0.0,0.0
2026-09-08,21.0,21.14999961853028,20.559999465942383,20.8799991607666,20.8799991607666,7056,0.0,0.0
2026-09-09,21.0,21.549999237060547,20.559999465942383,20.86000061035156,20.86000061035156,30662,0.0,0.0
2026-09-10,21.489999771118164,21.489999771118164,20.420000076293945,20.559999465942383,20.559999465942383,32729,0.0,0.0
2026-09-11,20.739999771118164,21.100000381469727,20.51000022888184,20.63999938964844,20.63999938964844,10354,0.0,0.0
2026-09-15,20.899999618530277,21.88999938964844,20.530000686645508,20.63999938964844,20.63999938964844,21328,0.0,0.0
2026-09-16,20.11000061035156,20.8799991607666,20.11000061035156,20.309999465942383,20.309999465942383,13276,0.0,0.0
2026-09-17,19.559999465942383,20.8799991607666,19.559999465942383,20.31999969482422,20.31999969482422,11687,0.0,0.0
2026-09-18,19.809999465942383,20.8700008392334,19.809999465942383,20.06999969482422,20.06999969482422,20541,0.0,0.0
2026-09-21,19.760000228881836,20.649999618530273,19.760000228881836,20.1200008392334,20.1200008392334,24203,0.0,0.0
2026-09-22,19.649999618530273,20.489999771118164,19.649999618530273,19.969999313354492,19.969999313354492,18360,0.0,0.0
2026-09-23,19.969999313354492,20.5,19.700000762939453,19.850000381469727,19.850000381469727,26310,0.0,0.0
2026-09-24,19.600000381469727,20.299999237060547,19.510000228881836,19.610000610351562,19.610000610351562,21157,0.0,0.0
2026-09-25,19.610000610351562,20.829999923706055,19.5,19.860000610351562,19.860000610351562,30738,0.0,0.0
2026-09-28,19.850000381469727,19.850000381469727,18.899999618530273,19.309999465942383,19.309999465942383,40086,0.0,0.0
2026-09-29,19.700000762939453,20.209999084472656,19.059999465942383,19.56999969482422,19.56999969482422,21138,0.0,0.0
2026-09-30,20.299999237060547,20.299999237060547,18.299999237060547,19.139999389648438,19.139999389648438,35344,0.0,0.0
2026-10-01,19.299999237060547,19.5,17.770000457763672,18.389999389648438,18.389999389648438,51053,0.0,0.0
